site_id,site_name,site_type,latitude,longitude,source,validation_status,NDVI,NDWI,NDMI,EVI,SAVI,BSI,ai_landcover_code,ai_landcover_class,ai_confidence,ai_land_stress_score,vegetation_stress,water_stress,drought_stress,heat_stress,site_sensitivity,ai_climate_health_risk_score,ai_risk_category,risk_score,risk_level,system:index,BLUE,GREEN,NDBI,NIR,RE1,RE2,RE3,RED,SWIR1,SWIR2,.geo
osm_001,مستشفى المزة العسكري,clinic,33.51210083172081,36.25447773108088,OpenStreetMap,unvalidated_public_osm,0.35045174,-0.470931,0.038581118,0.22406664,0.24016947,0.07291525,10.0,tree_cover,0.4708411495911497,0.2,0.24887065,1.0,0.322837764,0.5,0.8,0.45950143890000006,low,46.0,Low,00000000000000000000_0,0.0612,0.10215,-0.038581118,0.284,0.1919,0.2621,0.2877,0.1366,0.2629,0.2107,"{""geodesic"":false,""type"":""Point"",""coordinates"":[36.25447773108088,33.51210083172081]}"
osm_002,المستشفى الوطني الجامعي,clinic,33.50563296167515,36.26974909091091,OpenStreetMap,unvalidated_public_osm,0.059818752,-0.17167671,-0.05588946,0.05639421,0.05111878,0.12625399,50.0,built_up,0.8793955026455027,0.45,0.97545312,0.679191775,0.51177892,0.5,0.8,0.6708795270000001,medium,67.1,Medium,00000000000000000001_0,0.195,0.248,0.05588946,0.3508,0.3303,0.3403,0.3467,0.3112,0.39233333,0.3361,"{""geodesic"":false,""type"":""Point"",""coordinates"":[36.26974909091091,33.50563296167515]}"
osm_003,مستشفى التوليد,clinic,33.51030420115257,36.28969169021837,OpenStreetMap,unvalidated_public_osm,0.025430683,-0.14678898,-0.10857551,0.019099258,0.018833539,0.1684715,50.0,built_up,0.7156349206349205,0.45,1.0,0.61697245,0.61715102,0.5,0.8,0.6751095920000001,medium,67.5,Medium,00000000000000000002_0,0.14033334,0.186,0.10857551,0.25,0.286,0.2926,0.2955,0.2376,0.3109,0.2565,"{""geodesic"":false,""type"":""Point"",""coordinates"":[36.28969169021837,33.51030420115257]}"
osm_004,مشفى الرازي,clinic,33.50437532027738,36.26112526418337,OpenStreetMap,unvalidated_public_osm,0.12162162,-0.19769119,-0.08439054,0.07131537,0.06783919,0.11887634,50.0,built_up,0.5177554112554114,0.45,0.82094595,0.7442279749999999,0.56878108,0.5,0.8,0.6509601905,medium,65.1,Medium,00000000000000000003_0,0.0912,0.1112,0.08439054,0.166,0.1374,0.1539,0.1593,0.13,0.1966,0.178,"{""geodesic"":false,""type"":""Point"",""coordinates"":[36.26112526418337,33.50437532027738]}"
osm_006,مشفى الشامي,clinic,33.52000600622106,36.26831178645632,OpenStreetMap,unvalidated_public_osm,0.065877914,-0.121040754,-0.024606276,0.04973003,0.042149324,0.068849705,50.0,built_up,0.5465497835497838,0.45,0.960305215,0.552601885,0.44921255200000004,0.5,0.8,0.6355179359500001,medium,63.6,Medium,00000000000000000005_0,0.1345,0.1554,0.024606276,0.1982,0.1668,0.1832,0.1916,0.1737,0.2082,0.18183333,"{""geodesic"":false,""type"":""Point"",""coordinates"":[36.26831178645632,33.52000600622106]}"
osm_008,مشفى الهلال الأحمر,clinic,33.520365332334705,36.3101732786963,OpenStreetMap,unvalidated_public_osm,0.056715887,-0.17517443,0.021711353,0.049541328,0.046601515,0.090883985,50.0,built_up,0.85685582010582,0.45,0.9832102825,0.6879360749999999,0.35657729400000004,0.5,0.8,0.6590475150249999,medium,65.9,Medium,00000000000000000007_0,0.1734,0.2246,-0.021711353,0.32,0.2701,0.2914,0.3029,0.28565,0.3064,0.279875,"{""geodesic"":false,""type"":""Point"",""coordinates"":[36.3101732786963,33.520365332334705]}"
osm_012,Al Assi Hospital,clinic,34.39837869103313,36.40647267715391,OpenStreetMap,unvalidated_public_osm,0.1096857,-0.23219371,-0.24106166,0.06269248,0.063192904,0.23974718,60.0,bare_sparse_vegetation,0.34143879268879296,0.85,0.85078575,0.8304842749999999,0.88212332,0.5,0.8,0.8270056245000001,high,82.7,High,0000000000000000000b_0,0.0856,0.1078,0.24106166,0.173,0.2109,0.2324,0.2424,0.1388,0.2829,0.2788,"{""geodesic"":false,""type"":""Point"",""coordinates"":[36.40647267715391,34.39837869103313]}"
osm_014,مستشفى الزهراوي,clinic,33.52072465844836,36.3170004748556,OpenStreetMap,unvalidated_public_osm,0.24016684,-0.317297,0.035387732,0.18208925,0.1701379,0.05080315,50.0,built_up,0.48142580567580573,0.45,0.5245829,1.0,0.329224536,0.5,0.8,0.6040681786,medium,60.4,Medium,0000000000000000000d_0,0.1096,0.1438,-0.035387732,0.27746665,0.1985,0.2546,0.2748,0.17,0.2585,0.219025,"{""geodesic"":false,""type"":""Point"",""coordinates"":[36.317000474855604,33.52072465844836]}"
osm_016,المستشفى الفرنسي,clinic,33.51838903870964,36.316102159571486,OpenStreetMap,unvalidated_public_osm,0.04687705,-0.13525027,0.016399689,0.03938914,0.035475988,0.078696884,50.0,built_up,0.7341304713804714,0.45,1.0,0.588125675,0.36720062200000003,0.5,0.8,0.6443451972,medium,64.4,Medium,0000000000000000000f_0,0.161,0.203,-0.016399689,0.2665,0.21026666,0.2323,0.23235,0.24263333,0.2579,0.21955,"{""geodesic"":false,""type"":""Point"",""coordinates"":[36.316102159571486,33.51838903870964]}"
osm_018,مشفى ابن النفيس,clinic,33.54713512780147,36.30675968061664,OpenStreetMap,unvalidated_public_osm,0.21785906,-0.27477476,-0.06907892,0.14085242,0.13936682,0.1261893,50.0,built_up,0.39365836940836946,0.45,0.58035235,0.9369369,0.53815784,0.5,0.8,0.6262912515000001,medium,62.6,Medium,00000000000000000011_0,0.08815,0.1288,0.06907892,0.2264,0.17545,0.2096,0.21785,0.1454,0.26,0.21226667,"{""geodesic"":false,""type"":""Point"",""coordinates"":[36.30675968061664,33.54713512780147]}"
osm_019,مشفى الشهيد أحمد حاميش,clinic,33.551626704222066,36.31897676848067,OpenStreetMap,unvalidated_public_osm,0.21270029,-0.25771782,0.08230434,0.17174667,0.1517514,0.013675009,50.0,built_up,0.44254894179894183,0.45,0.593249275,0.8942945499999999,0.23539132000000001,0.5,0.8,0.5907103607499999,medium,59.1,Medium,00000000000000000012_0,0.1256,0.1623,-0.08230434,0.275,0.16035,0.21695,0.2373,0.17853333,0.233175,0.18665,"{""geodesic"":false,""type"":""Point"",""coordinates"":[36.31897676848067,33.551626704222066]}"
osm_040,مشفى ديرعطية الوطني,clinic,34.077320808488814,36.75178507236945,OpenStreetMap,unvalidated_public_osm,0.04614612,-0.13661201,0.007202958,0.04792876,0.042499818,0.09453322,50.0,built_up,0.9620714285714288,0.45,1.0,0.591530025,0.385594084,0.5,0.8,0.6468654134,medium,64.7,Medium,00000000000000000027_0,0.237,0.316,-0.007202958,0.416,0.377925,0.3794,0.382875,0.3793,0.41005,0.3604,"{""geodesic"":false,""type"":""Point"",""coordinates"":[36.75178507236945,34.077320808488814]}"
osm_043,دار الشفاء,clinic,33.52521623486896,36.30586136533252,OpenStreetMap,unvalidated_public_osm,0.027687432,-0.08121191,0.046957072,0.028705386,0.023158599,0.051003024,50.0,built_up,0.9277419432419431,0.45,1.0,0.45302977499999997,0.30608585600000005,0.5,0.8,0.6112145406,medium,61.1,Medium,0000000000000000002a_0,0.219,0.2752,-0.046957072,0.32385,0.2778,0.28776667,0.2923,0.3064,0.2948,0.2772,"{""geodesic"":false,""type"":""Point"",""coordinates"":[36.30586136533252,33.52521623486896]}"
osm_054,مشفى الدكتور هشام سنان,clinic,33.53312140936921,36.29849518000274,OpenStreetMap,unvalidated_public_osm,0.050231293,-0.14254896,-0.14814156,0.028922612,0.028407656,0.17128521,50.0,built_up,0.73789282014282,0.45,0.9994217675,0.6063724,0.69628312,0.5,0.8,0.680758233875,medium,68.1,Medium,00000000000000000035_0,0.0943,0.11925,0.14814156,0.1589,0.140625,0.15235,0.1588,0.1437,0.21416667,0.1613,"{""geodesic"":false,""type"":""Point"",""coordinates"":[36.29849518000274,33.53312140936921]}"
osm_055,مستشفى المجتهد,clinic,33.50024306997043,36.2959798972072,OpenStreetMap,unvalidated_public_osm,0.12703343,-0.20704728,0.10185844,0.113267794,0.09956067,0.021733483,50.0,built_up,0.7679285714285714,0.45,0.807416425,0.7676182,0.19628312000000003,0.5,0.8,0.6150060582500001,medium,61.5,Medium,00000000000000000036_0,0.16095,0.20253333,-0.10185844,0.3083,0.21185,0.23735,0.24845,0.2388,0.2513,0.225475,"{""geodesic"":false,""type"":""Point"",""coordinates"":[36.295979897207204,33.50024306997043]}"
osm_061,مشفى المنار الدولي,clinic,33.543721529721815,36.30711900673029,OpenStreetMap,unvalidated_public_osm,0.12810613,-0.1995895,-0.028935371,0.094065525,0.08709676,0.09415172,50.0,built_up,0.825199494949495,0.45,0.8047346750000001,0.74897375,0.457870742,0.5,0.8,0.63676549295,medium,63.7,Medium,0000000000000000003c_0,0.1209,0.156,0.028935371,0.2338,0.1922,0.224,0.2428,0.1807,0.24773334,0.2128,"{""geodesic"":false,""type"":""Point"",""coordinates"":[36.30711900673029,33.543721529721815]}"
osm_314,مستشفى البيروني الجامعي,clinic,33.57408458632506,36.3703604027323,OpenStreetMap,unvalidated_public_osm,0.03465103,-0.12626171,-0.06888222,0.032840956,0.028662404,0.124803476,50.0,built_up,0.9548015873015872,0.45,1.0,0.565654275,0.53776444,0.5,0.8,0.656907299,medium,65.7,Medium,00000000000000000139_0,0.1969,0.2467,0.06888222,0.318,0.33075,0.32255,0.3234,0.2967,0.36505,0.332,"{""geodesic"":false,""type"":""Point"",""coordinates"":[36.3703604027323,33.57408458632506]}"
osm_315,Harasta military hospital,clinic,33.580013467200246,36.38060119697126,OpenStreetMap,unvalidated_public_osm,0.13123168,-0.23489396,-0.07521724,0.10903997,0.10271615,0.13528962,50.0,built_up,0.8858571428571429,0.45,0.7969208,0.8372349000000001,0.5504344800000001,0.5,0.8,0.6617206280000001,medium,66.2,Medium,0000000000000000013a_0,0.1452,0.1912,0.07521724,0.3086,0.3019,0.3105,0.3171,0.237,0.3588,0.3307,"{""geodesic"":false,""type"":""Point"",""coordinates"":[36.38060119697126,33.580013467200246]}"
osm_321,مشفى الفاتح,clinic,33.50994487503892,36.37054006578913,OpenStreetMap,unvalidated_public_osm,0.05195115,-0.1321824,0.06026419,0.060855895,0.04874943,0.05017216,50.0,built_up,0.9725476190476191,0.45,0.995122125,0.580456,0.27947162000000003,0.5,0.8,0.6328188932500001,medium,63.3,Medium,00000000000000000140_0,0.271,0.3368,-0.06026419,0.4394,0.3409,0.3513,0.3632,0.396,0.38945,0.355,"{""geodesic"":false,""type"":""Point"",""coordinates"":[36.37054006578913,33.50994487503892]}"
osm_323,مستشفى تشرين العسكري,clinic,33.56564042265433,36.33334981302658,OpenStreetMap,unvalidated_public_osm,0.117789276,-0.18708731,0.17119074,0.14065722,0.11213005,-0.01417815,50.0,built_up,0.6609510582010583,0.45,0.83052681,0.717718275,0.057618520000000006,0.5,0.8,0.5969372095000001,medium,59.7,Medium,00000000000000000142_0,0.2621,0.3324,-0.17119074,0.4854,0.296075,0.35243332,0.3687,0.3831,0.3435,0.27915832,"{""geodesic"":false,""type"":""Point"",""coordinates"":[36.33334981302658,33.56564042265433]}"
osm_384,Ibn Sina Hospital,clinic,33.5827084130526,36.438632364325386,OpenStreetMap,unvalidated_public_osm,0.21374838,-0.33707294,-0.10618714,0.147237,0.14862399,0.16092291,20.0,shrubland,0.5273111518111518,0.5,0.59062905,1.0,0.61237428,0.5,0.8,0.6638946905,medium,66.4,Medium,0000000000000000017f_0,0.0951,0.13,0.10618714,0.2622,0.2239,0.251375,0.26515,0.16985,0.3245,0.2687,"{""geodesic"":false,""type"":""Point"",""coordinates"":[36.438632364325386,33.5827084130526]}"
osm_385,OSM site 385,clinic,33.58198976082531,36.38131984919856,OpenStreetMap,unvalidated_public_osm,0.12153793,-0.20888573,-0.056339994,0.11185747,0.10046685,0.117862955,50.0,built_up,0.9027011784511784,0.45,0.8211551749999999,0.7722143249999999,0.512679988,0.5,0.8,0.6509996575500001,medium,65.1,Medium,00000000000000000180_0,0.1726,0.22525,0.056339994,0.3442,0.3232,0.34905,0.35895,0.2696,0.3853,0.35765,"{""geodesic"":false,""type"":""Point"",""coordinates"":[36.38131984919856,33.58198976082531]}"
osm_386,Harasta national Hospital,clinic,33.55593861758584,36.36299421740252,OpenStreetMap,unvalidated_public_osm,0.06580168,-0.14713217,-0.120290674,0.048777144,0.045727786,0.15577888,50.0,built_up,0.8406729196729195,0.45,0.9604957999999999,0.617830425,0.640581348,0.5,0.8,0.6677481698000001,medium,66.8,Medium,00000000000000000181_0,0.1312,0.171,0.120290674,0.23,0.233,0.2312,0.238,0.2016,0.2929,0.2604,"{""geodesic"":false,""type"":""Point"",""coordinates"":[36.36299421740252,33.55593861758584]}"
osm_388,مشفى رنكوس Rankous hospital,clinic,33.76901900297899,36.39012333898293,OpenStreetMap,unvalidated_public_osm,0.021484789,-0.075338036,-0.15480484,0.024658598,0.018263327,0.14650717,50.0,built_up,0.8014867724867724,0.45,1.0,0.43834509,0.70960968,0.5,0.8,0.648629986,medium,64.9,Medium,00000000000000000183_0,0.2439,0.2872,0.15480484,0.334,0.3714,0.3821,0.39005,0.31995,0.45635,0.39755,"{""geodesic"":false,""type"":""Point"",""coordinates"":[36.39012333898293,33.76901900297899]}"
osm_389,مستشفى المواساة الجامعي,clinic,33.51263982089128,36.26310155780843,OpenStreetMap,unvalidated_public_osm,0.10977916,-0.24884628,-0.005793408,0.09508195,0.09206347,0.10790867,50.0,built_up,0.689224053724054,0.45,0.8505521,0.8721156999999999,0.411586816,0.5,0.8,0.6682198466,medium,66.8,Medium,00000000000000000184_0,0.162,0.2116,0.005793408,0.3518,0.3011,0.3206,0.3279,0.2822,0.3559,0.3177,"{""geodesic"":false,""type"":""Point"",""coordinates"":[36.26310155780843,33.51263982089128]}"
osm_393,OSM site 393,clinic,33.55593861758584,36.43989000572315,OpenStreetMap,unvalidated_public_osm,0.08686661,-0.17841625,-0.04562996,0.091411166,0.07914574,0.11395523,50.0,built_up,0.8617795815295812,0.45,0.907833475,0.6960406250000001,0.49125992,0.5,0.8,0.65529248575,medium,65.5,Medium,00000000000000000188_0,0.2269,0.2931,0.04562996,0.4204,0.4217,0.4274,0.436,0.3532,0.4606,0.4197,"{""geodesic"":false,""type"":""Point"",""coordinates"":[36.43989000572315,33.55593861758584]}"
osm_405,مستشفى الأطفال,clinic,33.512280494777634,36.26184391641066,OpenStreetMap,unvalidated_public_osm,0.048532337,-0.1680563,-0.12175532,0.032820854,0.033556145,0.18135215,50.0,built_up,0.5947241462241462,0.45,1.0,0.6701407500000001,0.64351064,0.5,0.8,0.688379214,medium,68.8,Medium,00000000000000000194_0,0.1152,0.15965,0.12175532,0.22415,0.2537,0.257,0.2614,0.2034,0.2863,0.269,"{""geodesic"":false,""type"":""Point"",""coordinates"":[36.26184391641066,33.512280494777634]}"
osm_406,دكتور تركجي,clinic,33.51263982089128,36.297417201661794,OpenStreetMap,unvalidated_public_osm,0.019032346,-0.108505875,-0.011015883,0.014321715,0.013299871,0.09693463,50.0,built_up,0.5727508417508417,0.45,1.0,0.5212646875,0.42203176600000003,0.5,0.8,0.6364561141,medium,63.6,Medium,00000000000000000195_0,0.1409,0.1787,0.011015883,0.2222,0.19245,0.1932,0.1906,0.2139,0.22715,0.211,"{""geodesic"":false,""type"":""Point"",""coordinates"":[36.297417201661794,33.51263982089128]}"
osm_409,بديع حمودة الجراحي,clinic,33.51982634316423,36.28555943991142,OpenStreetMap,unvalidated_public_osm,0.035274815,-0.10387054,0.08013268,0.039560467,0.029909577,0.023722539,50.0,built_up,0.8847723665223662,0.45,1.0,0.5096763499999999,0.23973464000000003,0.5,0.8,0.615908734,medium,61.6,Medium,00000000000000000198_0,0.23585,0.2732,-0.08013268,0.33653334,0.2564,0.2737,0.2795,0.3136,0.2866,0.2495,"{""geodesic"":false,""type"":""Point"",""coordinates"":[36.28555943991142,33.51982634316423]}"
osm_411,OSM site 411,clinic,34.34771370900879,36.469354747042274,OpenStreetMap,unvalidated_public_osm,0.269889,-0.35664055,-0.029257435,0.2093118,0.20863621,0.10992713,20.0,shrubland,0.3364722222222221,0.5,0.45027750000000005,1.0,0.45851487,0.5,0.8,0.6134208620000001,medium,61.3,Medium,0000000000000000019a_0,0.1051,0.1601,0.029257435,0.3376,0.2412,0.3175,0.34095,0.1941,0.35795,0.2933,"{""geodesic"":false,""type"":""Point"",""coordinates"":[36.469354747042274,34.34771370900879]}"
osm_412,OSM site 412,clinic,34.342144154247244,36.48049385656535,OpenStreetMap,unvalidated_public_osm,0.077582724,-0.18393902,-0.04737835,0.058821738,0.05758742,0.12939757,50.0,built_up,0.8509230399230399,0.45,0.93104319,0.7098475500000001,0.49475670000000005,0.5,0.8,0.6642059775,medium,66.4,Medium,0000000000000000019b_0,0.1339,0.1819,0.04737835,0.2639,0.19765,0.2447,0.2667,0.2259,0.29015,0.2435,"{""geodesic"":false,""type"":""Point"",""coordinates"":[36.48049385656535,34.342144154247244]}"
osm_429,مستشفى الشرطة,clinic,33.571389640472695,36.36982141356183,OpenStreetMap,unvalidated_public_osm,0.022657055,-0.13843508,-0.038722176,0.022224467,0.020676691,0.12960894,50.0,built_up,0.8963541366041365,0.45,1.0,0.5960877,0.477444352,0.5,0.8,0.6569619752,medium,65.7,Medium,000000000000000001ac_0,0.226,0.3006,0.038722176,0.3972,0.4068,0.3975,0.395,0.3796,0.4292,0.3748,"{""geodesic"":false,""type"":""Point"",""coordinates"":[36.36982141356183,33.571389640472695]}"
osm_441,مستشفى العباسيين,clinic,33.52198229984612,36.32185137738985,OpenStreetMap,unvalidated_public_osm,0.039461043,-0.1392405,-0.07176622,0.028352136,0.026867643,0.13098237,50.0,built_up,0.6910068542568543,0.45,1.0,0.5981012499999999,0.54353244,0.5,0.8,0.6639734939999999,medium,66.4,Medium,000000000000000001b8_0,0.129,0.1632,0.07176622,0.216,0.21556666,0.2221,0.22815,0.1996,0.2494,0.2202,"{""geodesic"":false,""type"":""Point"",""coordinates"":[36.32185137738985,33.52198229984612]}"
osm_452,خان القصير,clinic,33.58324740222307,36.43342213567749,OpenStreetMap,unvalidated_public_osm,0.073112294,-0.18709488,-0.07739865,0.07130244,0.06583262,0.14459515,50.0,built_up,0.7003421115921118,0.45,0.942219265,0.7177372,0.5547973,0.5,0.8,0.67458198625,medium,67.5,Medium,000000000000000001c3_0,0.2088,0.2759,0.07739865,0.4029,0.3903,0.3891,0.39883333,0.348,0.4705,0.42265,"{""geodesic"":false,""type"":""Point"",""coordinates"":[36.43342213567749,33.58324740222307]}"
osm_457,OSM site 457,clinic,33.8096228538212,37.237773641078114,OpenStreetMap,unvalidated_public_osm,0.06866613,-0.23090908,-0.042771284,0.06610689,0.068974614,0.15698877,60.0,bare_sparse_vegetation,0.9846190476190476,0.85,0.953334675,0.8272726999999999,0.485542568,0.5,0.8,0.81234246555,high,81.2,High,000000000000000001c8_0,0.2322,0.3384,0.042771284,0.5416,0.515,0.5253,0.5339,0.472,0.59,0.5106,"{""geodesic"":false,""type"":""Point"",""coordinates"":[37.237773641078114,33.809622853821196]}"
osm_458,مستشفى الرشيد,clinic,33.499883743856785,36.302268104196045,OpenStreetMap,unvalidated_public_osm,0.1823242,-0.27663448,-0.0019931365,0.13347988,0.120746166,0.06553113,50.0,built_up,0.5727584175084174,0.45,0.6691895,0.9415861999999999,0.403986273,0.5,0.8,0.6360132423,medium,63.6,Medium,000000000000000001c9_0,0.1138,0.1324,0.0019931365,0.23366667,0.1776,0.203,0.2118,0.1616,0.2346,0.2143,"{""geodesic"":false,""type"":""Point"",""coordinates"":[36.302268104196045,33.499883743856785]}"
osm_459,دكتور أ شلهوب,clinic,33.51982634316423,36.29454259275261,OpenStreetMap,unvalidated_public_osm,0.037936285,-0.1412681,-0.04005611,0.031893875,0.029205622,0.114217214,50.0,built_up,0.8407632275132272,0.45,1.0,0.60317025,0.48011222000000003,0.5,0.8,0.658645272,medium,65.9,Medium,000000000000000001ca_0,0.16366667,0.20586666,0.04005611,0.2736,0.2717,0.2726,0.2765,0.2536,0.29643333,0.27595,"{""geodesic"":false,""type"":""Point"",""coordinates"":[36.29454259275261,33.51982634316423]}"
osm_472,مشفى القلمون,clinic,34.026476163407644,36.71764909157291,OpenStreetMap,unvalidated_public_osm,0.01269394,-0.073243625,0.14635442,0.016951287,0.011992898,-0.002960959,50.0,built_up,0.8874880952380948,0.45,1.0,0.43310906250000003,0.10729116,0.5,0.8,0.5873509285,medium,58.7,Medium,000000000000000001d7_0,0.3144,0.372,-0.14635442,0.4308,0.29345,0.31003332,0.3062,0.42,0.3208,0.271,"{""geodesic"":false,""type"":""Point"",""coordinates"":[36.71764909157291,34.026476163407644]}"
osm_493,مستشفى السلام - القبيات,clinic,34.56762129056125,36.26166425335384,OpenStreetMap,unvalidated_public_osm,0.02214455,-0.09830936,-0.010018324,0.024186136,0.019217826,0.08072306,50.0,built_up,0.9774074074074074,0.45,1.0,0.4957734,0.420036648,0.5,0.8,0.6311583448,medium,63.1,Medium,000000000000000001ec_0,0.2391,0.288,0.010018324,0.3508,0.34205,0.33945,0.34786665,0.3356,0.3579,0.2793,"{""geodesic"":false,""type"":""Point"",""coordinates"":[36.26166425335384,34.56762129056125]}"
osm_498,Hermel Governmental Hospital,clinic,34.38184968980533,36.4244389828363,OpenStreetMap,unvalidated_public_osm,0.16710475,-0.3197452,-0.10548281,0.12965444,0.12928528,0.16508028,30.0,grassland,0.3826231846451144,0.4,0.707238125,1.0,0.61096562,0.5,0.8,0.6629060932499999,medium,66.3,Medium,000000000000000001f1_0,0.1234,0.1602,0.10548281,0.3108,0.2798,0.3052,0.3121,0.2218,0.3841,0.3493,"{""geodesic"":false,""type"":""Point"",""coordinates"":[36.4244389828363,34.38184968980533]}"
osm_499,Batoul Hospital,clinic,34.389934527362406,36.39407592623306,OpenStreetMap,unvalidated_public_osm,0.009599091,-0.08462237,-0.024150617,0.011032506,0.008440908,0.08381223,50.0,built_up,0.9852222222222222,0.45,1.0,0.461555925,0.448301234,0.5,0.8,0.6271413084000002,medium,62.7,Medium,000000000000000001f2_0,0.2562,0.3018,0.024150617,0.3576,0.3536,0.3523,0.3578,0.3508,0.3753,0.3381,"{""geodesic"":false,""type"":""Point"",""coordinates"":[36.39407592623306,34.389934527362406]}"
osm_514,مستوصف المعرباني,clinic,33.55450131313125,36.32508531241268,OpenStreetMap,unvalidated_public_osm,0.056382164,-0.10182414,-0.0027720951,0.05793372,0.04273844,0.047112904,50.0,built_up,0.902875661375661,0.45,0.98404459,0.5045603499999999,0.40554419020000004,0.5,0.8,0.6274776365199999,medium,62.7,Medium,00000000000000000201_0,0.1964,0.21993333,0.0027720951,0.2698,0.2295,0.2417,0.2423,0.241,0.2713,0.241,"{""geodesic"":false,""type"":""Point"",""coordinates"":[36.325085312412675,33.55450131313125]}"
osm_515,مستشفى المزينة الخاص,clinic,34.76866425114719,36.33532610665164,OpenStreetMap,unvalidated_public_osm,0.13769181,-0.2001774,-0.0789653,0.116822414,0.10069692,0.11167893,50.0,built_up,0.955015873015873,0.45,0.780770475,0.7504435,0.5579306,0.5,0.8,0.64107437875,medium,64.1,Medium,00000000000000000202_0,0.1466,0.18033333,0.0789653,0.2706,0.23865,0.26096666,0.272,0.2051,0.317,0.27058333,"{""geodesic"":false,""type"":""Point"",""coordinates"":[36.33532610665164,34.76866425114719]}"
osm_516,مستشفى السيدة,clinic,33.69068591020377,36.379702881687145,OpenStreetMap,unvalidated_public_osm,0.094968095,-0.23304068,-0.17232142,0.06605106,0.06530921,0.200254,60.0,bare_sparse_vegetation,0.46412000962000965,0.85,0.8875797625,0.8326016999999999,0.74464284,0.5,0.8,0.822879564625,high,82.3,High,00000000000000000203_0,0.1146,0.14415,0.17232142,0.23175,0.2339,0.2471,0.2584,0.19155,0.32825,0.26855,"{""geodesic"":false,""type"":""Point"",""coordinates"":[36.379702881687145,33.69068591020377]}"
osm_517,المستشفى الإيطالي,clinic,33.52288061513024,36.28969169021837,OpenStreetMap,unvalidated_public_osm,0.28606877,-0.36596385,-0.19491088,0.14419985,0.1547756,0.22724761,20.0,shrubland,0.4908299755799753,0.5,0.40982807499999996,1.0,0.78982176,0.5,0.8,0.6364391947500001,medium,63.6,Medium,00000000000000000204_0,0.051533334,0.0842,0.19491088,0.1814,0.18196666,0.2097,0.2218,0.1007,0.26923335,0.23553333,"{""geodesic"":false,""type"":""Point"",""coordinates"":[36.28969169021837,33.52288061513024]}"
osm_520,المركز الصحي المتطور,clinic,34.62798807765408,36.318437779310194,OpenStreetMap,unvalidated_public_osm,0.051246703,-0.14289607,-0.17849801,0.039129764,0.03411934,0.16925402,50.0,built_up,0.880105459355459,0.45,0.9968832424999999,0.6072401749999999,0.7569960200000001,0.5,0.8,0.686368447625,medium,68.6,Medium,00000000000000000207_0,0.13853334,0.1573,0.17849801,0.20975,0.216,0.23216666,0.24951667,0.1893,0.3009,0.233875,"{""geodesic"":false,""type"":""Point"",""coordinates"":[36.318437779310194,34.62798807765408]}"
osm_521,Universal Hospital,clinic,34.26902129011992,36.40036413322189,OpenStreetMap,unvalidated_public_osm,0.09774025,-0.21628958,-0.07303953,0.07771066,0.07254478,0.1303178,50.0,built_up,0.8925156325156324,0.45,0.880649375,0.79072395,0.5460790600000001,0.5,0.8,0.6729150397500001,medium,67.3,Medium,00000000000000000208_0,0.1406,0.1732,0.07303953,0.2688,0.19415,0.2494,0.270925,0.22093333,0.31116,0.25921428,"{""geodesic"":false,""type"":""Point"",""coordinates"":[36.40036413322189,34.269021290119916]}"
osm_524,مستوصف القطيفة,clinic,33.73739830497799,36.599071474069135,OpenStreetMap,unvalidated_public_osm,0.23578914,-0.31385794,-0.0143140545,0.2041727,0.19028921,0.08991447,50.0,built_up,0.5523500851000849,0.45,0.53552715,1.0,0.42862810900000003,0.5,0.8,0.6167445984000002,medium,61.7,Medium,0000000000000000020b_0,0.13515,0.1879,0.0143140545,0.3598,0.3288,0.34845,0.3589,0.2225,0.37025,0.34796667,"{""geodesic"":false,""type"":""Point"",""coordinates"":[36.599071474069135,33.73739830497799]}"
osm_535,مشفى القطيفة الوطني,clinic,33.72500155405714,36.58613573397781,OpenStreetMap,unvalidated_public_osm,0.06905968,-0.14500624,-0.1076372,0.060872834,0.05243925,0.13515104,50.0,built_up,0.9281997354497353,0.45,0.9523507999999999,0.6125156,0.6152744,0.5,0.8,0.6621182600000002,medium,66.2,Medium,00000000000000000216_0,0.1669,0.2046,0.1076372,0.274,0.25833333,0.2663,0.278375,0.2386,0.3401,0.294725,"{""geodesic"":false,""type"":""Point"",""coordinates"":[36.58613573397781,33.72500155405714]}"
osm_539,مشفى الأمراض الجلدية والزهمية,clinic,33.51138217949352,36.29023067938884,OpenStreetMap,unvalidated_public_osm,0.07679872,-0.13393869,-0.026315799,0.05459353,0.04907589,0.083865464,50.0,built_up,0.5506002886002889,0.45,0.9330032,0.584846725,0.452631598,0.5,0.8,0.6354833047999999,medium,63.5,Medium,0000000000000000021a_0,0.123,0.1526,0.026315799,0.1998,0.1748,0.1905,0.1992,0.1713,0.2106,0.186,"{""geodesic"":false,""type"":""Point"",""coordinates"":[36.29023067938884,33.511382179493516]}"
osm_600,مشفى الحصن,clinic,34.772796501454145,36.317719127082896,OpenStreetMap,unvalidated_public_osm,0.17385428,-0.21649228,0.14066441,0.1923481,0.14967917,-0.021203546,50.0,built_up,0.5712562530062529,0.45,0.6903643,0.7912307,0.11867118000000004,0.5,0.8,0.5827043330000001,medium,58.3,Medium,00000000000000000257_0,0.2057,0.25464,-0.14066441,0.39536,0.257775,0.33103332,0.35866666,0.27825,0.29785,0.226475,"{""geodesic"":false,""type"":""Point"",""coordinates"":[36.317719127082896,34.772796501454145]}"
osm_602,Dr. Ramez Abboud,clinic,34.78321695874993,36.28070853737717,OpenStreetMap,unvalidated_public_osm,0.17968753,-0.29027393,-0.03965582,0.13048995,0.12542774,0.10817044,50.0,built_up,0.6413263588263588,0.45,0.675781175,0.975684825,0.47931164000000004,0.5,0.8,0.6520134227500001,medium,65.2,Medium,00000000000000000259_0,0.1106,0.1412,0.03965582,0.2567,0.1909,0.24295,0.2622,0.1785,0.2779,0.2187,"{""geodesic"":false,""type"":""Point"",""coordinates"":[36.28070853737717,34.78321695874993]}"
osm_604,مشفى حمص العسكري,clinic,34.7476436734988,36.69034030693568,OpenStreetMap,unvalidated_public_osm,0.13362645,-0.22368965,0.032112073,0.11319104,0.10248264,0.0630365,50.0,built_up,0.7606111111111111,0.45,0.790933875,0.809224125,0.33577585400000004,0.5,0.8,0.63315587915,medium,63.3,Medium,0000000000000000025b_0,0.1483,0.1881,-0.032112073,0.2965,0.2323,0.2576,0.2653,0.2266,0.27805,0.234,"{""geodesic"":false,""type"":""Point"",""coordinates"":[36.690340306935674,34.7476436734988]}"
osm_605,مشفى أمية,clinic,33.5293484851759,36.29274596218438,OpenStreetMap,unvalidated_public_osm,0.11111109,-0.19324183,-0.12870269,0.07917044,0.0747684,0.15876189,50.0,built_up,0.564250481000481,0.45,0.8472222749999999,0.733104575,0.65740538,0.5,0.8,0.66416702175,medium,66.4,Medium,0000000000000000025c_0,0.1178,0.1528,0.12870269,0.226,0.2433,0.2688,0.2739,0.1808,0.29276666,0.2607,"{""geodesic"":false,""type"":""Point"",""coordinates"":[36.29274596218438,33.5293484851759]}"
osm_606,مشفى الطب الجراحي,clinic,33.52054499539153,36.298674843059565,OpenStreetMap,unvalidated_public_osm,0.0008176753,0.009508406,-0.0393093,0.00095312326,0.000606561,0.0439031,50.0,built_up,0.8114280904280904,0.45,1.0,0.22622898500000002,0.4786186,0.5,0.8,0.583107657,medium,58.3,Medium,0000000000000000025d_0,0.2216,0.2495,0.0393093,0.2448,0.21465,0.23703334,0.2411,0.2444,0.26483333,0.2535,"{""geodesic"":false,""type"":""Point"",""coordinates"":[36.298674843059565,33.52054499539153]}"
osm_607,مشفى التوفيق,clinic,33.51497544062999,36.28933236410472,OpenStreetMap,unvalidated_public_osm,0.14762034,-0.19484882,-0.052818462,0.10591096,0.09444892,0.09173679,50.0,built_up,0.8581968494468494,0.45,0.7559491500000001,0.73712205,0.505636924,0.5,0.8,0.6269753899000001,medium,62.7,Medium,0000000000000000025e_0,0.1158,0.1438,0.052818462,0.2134,0.1799,0.2021,0.20675,0.1585,0.2372,0.20625,"{""geodesic"":false,""type"":""Point"",""coordinates"":[36.28933236410472,33.51497544062999]}"
osm_630,مشفى الحياة,clinic,33.52431791958483,36.3011901258551,OpenStreetMap,unvalidated_public_osm,0.078541614,-0.1463054,0.05562521,0.077112265,0.06420447,0.044443056,50.0,built_up,0.8554957912457909,0.45,0.9286459650000001,0.6157635,0.28874958,0.5,0.8,0.62418914925,medium,62.4,Medium,00000000000000000275_0,0.1938,0.2405,-0.05562521,0.32293335,0.2434,0.2741,0.2796,0.2759,0.2889,0.2483,"{""geodesic"":false,""type"":""Point"",""coordinates"":[36.3011901258551,33.52431791958483]}"
osm_632,المشفى العسكري,clinic,33.512280494777634,36.25519638330818,OpenStreetMap,unvalidated_public_osm,0.054847665,-0.13790527,0.11077079,0.057725973,0.048608854,0.029356694,50.0,built_up,0.8865779220779217,0.45,0.9878808375,0.594763175,0.17845842000000003,0.5,0.8,0.623768686375,medium,62.4,Medium,00000000000000000277_0,0.2284,0.2885,-0.11077079,0.3808,0.28365,0.3287,0.3415,0.3412,0.30485,0.2546,"{""geodesic"":false,""type"":""Point"",""coordinates"":[36.25519638330818,33.512280494777634]}"
osm_633,مشفى الأندلس,clinic,33.49575149354983,36.28178651571812,OpenStreetMap,unvalidated_public_osm,0.0137508055,-0.08580062,-0.19299428,0.009678197,0.008557393,0.17550121,50.0,built_up,0.7899150664150663,0.45,1.0,0.46450155,0.7859885600000001,0.5,0.8,0.661499166,medium,66.1,Medium,00000000000000000278_0,0.12925,0.1513,0.19299428,0.1797,0.2194,0.224975,0.228975,0.174825,0.26565,0.2561,"{""geodesic"":false,""type"":""Point"",""coordinates"":[36.28178651571812,33.49575149354983]}"
osm_644,OSM site 644,clinic,33.97257724636047,36.661055228673376,OpenStreetMap,unvalidated_public_osm,0.03418376,-0.12823692,0.06969027,0.040602162,0.03344766,0.05590915,50.0,built_up,0.846563492063492,0.45,1.0,0.5705922999999999,0.26061946,0.5,0.8,0.630180406,medium,63.0,Medium,00000000000000000283_0,0.29715,0.3748,-0.06969027,0.48506665,0.393975,0.404225,0.413975,0.453,0.4218625,0.3502,"{""geodesic"":false,""type"":""Point"",""coordinates"":[36.661055228673376,33.97257724636047]}"
osm_649,OSM site 649,clinic,33.57318627104094,36.410964253574505,OpenStreetMap,unvalidated_public_osm,0.32032776,-0.35576925,0.0725832,0.27866405,0.24323525,0.0075544994,50.0,built_up,0.38858994708994693,0.45,0.3241806,1.0,0.2548336,0.5,0.8,0.5465285100000001,medium,54.7,Medium,00000000000000000288_0,0.1214,0.1608,-0.0725832,0.3384,0.2322,0.2918,0.31295,0.1742,0.2926,0.25005,"{""geodesic"":false,""type"":""Point"",""coordinates"":[36.410964253574505,33.57318627104094]}"
osm_654,OSM site 654,clinic,33.57192862964317,36.39748952431271,OpenStreetMap,unvalidated_public_osm,0.05871029,-0.1789925,-0.06363056,0.05732543,0.05498797,0.14804794,50.0,built_up,0.4858898508898511,0.45,0.978224275,0.6974812499999999,0.52726112,0.5,0.8,0.67677843075,medium,67.7,Medium,0000000000000000028d_0,0.2212,0.3064,0.06363056,0.44,0.4252,0.426,0.4336,0.3912,0.4998,0.4643,"{""geodesic"":false,""type"":""Point"",""coordinates"":[36.39748952431271,33.57192862964317]}"
osm_655,مشفى النور,clinic,33.56366412902927,36.389764012869286,OpenStreetMap,unvalidated_public_osm,0.03554275,-0.13833156,0.104451574,0.04177959,0.036015578,0.04942308,50.0,built_up,0.7231865079365077,0.45,1.0,0.5958289,0.191096852,0.5,0.8,0.6282754652,medium,62.8,Medium,0000000000000000028e_0,0.3116,0.408,-0.104451574,0.539,0.40595,0.4041,0.41015,0.502,0.43705,0.38355,"{""geodesic"":false,""type"":""Point"",""coordinates"":[36.389764012869286,33.56366412902927]}"
osm_656,OSM site 656,clinic,33.56366412902927,36.389764012869286,OpenStreetMap,unvalidated_public_osm,0.03554275,-0.13833156,0.104451574,0.04177959,0.036015578,0.04942308,50.0,built_up,0.7231865079365077,0.45,1.0,0.5958289,0.191096852,0.5,0.8,0.6282754652,medium,62.8,Medium,0000000000000000028f_0,0.3116,0.408,-0.104451574,0.539,0.40595,0.4041,0.41015,0.502,0.43705,0.38355,"{""geodesic"":false,""type"":""Point"",""coordinates"":[36.389764012869286,33.56366412902927]}"
osm_657,مشفى حمدان,clinic,33.5706709882454,36.3989268287673,OpenStreetMap,unvalidated_public_osm,0.014983725,-0.10183874,-0.30817053,0.009461134,0.008550192,0.24769102,50.0,built_up,0.6865760813260812,0.45,1.0,0.50459685,1.0,0.5,0.8,0.69091937,medium,69.1,Medium,00000000000000000290_0,0.113,0.127,0.30817053,0.1558,0.173,0.1736,0.1797,0.1512,0.2946,0.2488,"{""geodesic"":false,""type"":""Point"",""coordinates"":[36.3989268287673,33.5706709882454]}"
osm_664,المشفى الوطني,clinic,34.73973849899855,36.71046256929996,OpenStreetMap,unvalidated_public_osm,0.14888123,-0.325062,-0.15412644,0.099052414,0.107587054,0.21745723,30.0,grassland,0.4448272818272816,0.4,0.752796925,1.0,0.7082528800000001,0.5,0.8,0.6840245192500001,medium,68.4,Medium,00000000000000000297_0,0.0943,0.136,0.15412644,0.267,0.2418,0.2553,0.2713,0.1978,0.3643,0.2953,"{""geodesic"":false,""type"":""Point"",""coordinates"":[36.710462569299956,34.73973849899855]}"
osm_667,مشفى النور,clinic,34.723928149998045,36.69698784003816,OpenStreetMap,unvalidated_public_osm,0.05569838,-0.20942406,-0.17591976,0.03403795,0.03440772,0.20328169,60.0,bare_sparse_vegetation,0.4783215858215857,0.85,0.98575405,0.77356015,0.7518395200000001,0.5,0.8,0.8363344945000002,high,83.6,High,0000000000000000029a_0,0.09925,0.1208,0.17591976,0.1848,0.18865,0.1986,0.20275,0.1653,0.2637,0.23495,"{""geodesic"":false,""type"":""Point"",""coordinates"":[36.69698784003816,34.723928149998045]}"
osm_669,مشفى العين والاذن,clinic,33.520185669277886,36.30029181057098,OpenStreetMap,unvalidated_public_osm,0.038190927,-0.118974544,-0.08300046,0.028837012,0.025389737,0.11598105,50.0,built_up,0.7074909812409811,0.45,1.0,0.54743636,0.56600092,0.5,0.8,0.656087364,medium,65.6,Medium,0000000000000000029c_0,0.1383,0.16266666,0.08300046,0.2066,0.1865,0.1932,0.1946,0.1914,0.244,0.21705,"{""geodesic"":false,""type"":""Point"",""coordinates"":[36.30029181057098,33.520185669277886]}"
osm_673,مستوصف الحريري,clinic,34.19050853428787,36.40773031855167,OpenStreetMap,unvalidated_public_osm,0.04577993,-0.19270934,-0.11558497,0.040436424,0.037476156,0.16250958,50.0,built_up,0.526674603174603,0.45,1.0,0.7317733500000001,0.63116994,0.5,0.8,0.699471664,medium,69.9,Medium,000000000000000002a0_0,0.1778,0.2126,0.11558497,0.3141,0.2958,0.3193,0.3206,0.2866,0.3962,0.35,"{""geodesic"":false,""type"":""Point"",""coordinates"":[36.40773031855167,34.19050853428787]}"
osm_679,عيادة الدكتور باسل حسين للجراحة التجميلية,clinic,33.520365332334705,36.291488320786605,OpenStreetMap,unvalidated_public_osm,0.049286876,-0.1391611,-0.07201023,0.04547272,0.03885568,0.11732885,50.0,built_up,0.940822751322751,0.45,1.0,0.59790275,0.54402046,0.5,0.8,0.6639825960000001,medium,66.4,Medium,000000000000000002a6_0,0.1826,0.2196,0.07201023,0.2906,0.29305,0.30103335,0.30395,0.2633,0.3357,0.2956,"{""geodesic"":false,""type"":""Point"",""coordinates"":[36.291488320786605,33.520365332334705]}"
osm_681,مركز الشفاء الطبي,clinic,33.64235654791814,36.29705787554815,OpenStreetMap,unvalidated_public_osm,0.1832598,-0.26323828,-0.035287287,0.13860832,0.1253875,0.08803782,50.0,built_up,0.7870444925444924,0.45,0.6668504999999999,0.9080957000000001,0.470574574,0.5,0.8,0.6353892224,medium,63.5,Medium,000000000000000002a8_0,0.1186,0.1447,0.035287287,0.2481,0.17915833,0.2016,0.21345,0.17125,0.26625,0.23316666,"{""geodesic"":false,""type"":""Point"",""coordinates"":[36.29705787554815,33.64235654791814]}"
osm_682,OSM site 682,clinic,34.631581338790554,36.37557063138019,OpenStreetMap,unvalidated_public_osm,0.12403395,-0.22212976,-0.06455464,0.10393955,0.095095605,0.121189706,50.0,built_up,0.9451031746031748,0.45,0.814915125,0.8053244,0.52910928,0.5,0.8,0.65770458925,medium,65.8,Medium,000000000000000002a9_0,0.14773333,0.187,0.06455464,0.2938,0.2673,0.29905,0.31203333,0.22896,0.33435,0.2824,"{""geodesic"":false,""type"":""Point"",""coordinates"":[36.37557063138019,34.631581338790554]}"
osm_683,مركز وادي خالد الصحي,clinic,34.63014403433596,36.35922129320922,OpenStreetMap,unvalidated_public_osm,0.067050934,-0.14823239,-0.10965052,0.060307603,0.0512984,0.13435422,50.0,built_up,0.9124986772486773,0.45,0.957372665,0.620580975,0.6193010400000001,0.5,0.8,0.6653894652500001,medium,66.5,Medium,000000000000000002aa_0,0.1717,0.206,0.10965052,0.2777,0.2735,0.2887,0.29375,0.2428,0.3461,0.2788,"{""geodesic"":false,""type"":""Point"",""coordinates"":[36.35922129320922,34.63014403433596]}"
osm_687,عيادة الدكتور انطون الحلاق,clinic,33.518928027880115,36.31161058315089,OpenStreetMap,unvalidated_public_osm,0.14383997,-0.22357753,0.02040122,0.11721831,0.110332906,0.07759316,50.0,built_up,0.8042378547378547,0.45,0.7654000750000001,0.808943825,0.35919756,0.5,0.8,0.6290585397500001,medium,62.9,Medium,000000000000000002ae_0,0.1384,0.1899,-0.02040122,0.29926667,0.2573,0.2984,0.3065,0.224,0.2873,0.2447,"{""geodesic"":false,""type"":""Point"",""coordinates"":[36.31161058315089,33.518928027880115]}"
osm_689,مشفى الكندي,clinic,34.73434860729383,36.70686930816348,OpenStreetMap,unvalidated_public_osm,0.047672477,-0.21773145,-0.18958783,0.027671982,0.029768862,0.23316205,60.0,bare_sparse_vegetation,0.5615148277648275,0.85,1.0,0.794328625,0.77917566,0.5,0.8,0.8467832909999999,high,84.7,High,000000000000000002b0_0,0.0893,0.12,0.18958783,0.1868,0.2259,0.2254,0.2281,0.1698,0.2742,0.2496,"{""geodesic"":false,""type"":""Point"",""coordinates"":[36.706869308163476,34.73434860729383]}"
osm_690,مستشفى الكندي,clinic,33.50581262473197,36.295800234150384,OpenStreetMap,unvalidated_public_osm,0.11465231,-0.22325687,-0.1279145,0.06848976,0.06738566,0.16049127,50.0,built_up,0.33899470899470896,0.45,0.838369225,0.8081421750000001,0.655829,0.5,0.8,0.67680364125,medium,67.7,Medium,000000000000000002b1_0,0.0916,0.114,0.1279145,0.17953333,0.1874,0.1993,0.2023,0.1426,0.2322,0.2051,"{""geodesic"":false,""type"":""Point"",""coordinates"":[36.295800234150384,33.50581262473197]}"
osm_691,النقطة واحد القديمة,clinic,33.56887435767716,36.39730986125589,OpenStreetMap,unvalidated_public_osm,0.09857169,-0.18037139,-0.014941874,0.092820145,0.07857746,0.08104814,50.0,built_up,0.9693809523809523,0.45,0.878570775,0.700928475,0.429883748,0.5,0.8,0.64281676355,medium,64.3,Medium,000000000000000002b2_0,0.1786,0.2163,0.014941874,0.3115,0.26315,0.29535,0.30795,0.2556,0.32095,0.28425,"{""geodesic"":false,""type"":""Point"",""coordinates"":[36.397309861255884,33.56887435767716]}"
osm_696,د سعيد عيسى,clinic,34.73255197672559,36.73381876668706,OpenStreetMap,unvalidated_public_osm,0.038282454,-0.1259467,-0.14294866,0.026141938,0.025039472,0.17143412,50.0,built_up,0.8219409201909198,0.45,1.0,0.56486675,0.68589732,0.5,0.8,0.671563082,medium,67.2,Medium,000000000000000002b7_0,0.1201,0.1558,0.14294866,0.2007,0.2082,0.211,0.21375,0.1859,0.26765,0.252425,"{""geodesic"":false,""type"":""Point"",""coordinates"":[36.73381876668706,34.73255197672559]}"
osm_697,المشفى الأهلي التخصصي,clinic,34.73309096589606,36.733279777516586,OpenStreetMap,unvalidated_public_osm,0.0017829674,-0.09711014,-0.07567447,0.0013377185,0.0012219712,0.1261211,50.0,built_up,0.6905841750841752,0.45,1.0,0.49277534999999995,0.55134894,0.5,0.8,0.643689964,medium,64.4,Medium,000000000000000002b8_0,0.1425,0.1734,0.07567447,0.2107,0.19585,0.197675,0.19845,0.20995,0.2452,0.25075,"{""geodesic"":false,""type"":""Point"",""coordinates"":[36.733279777516586,34.73309096589606]}"
osm_698,د منى شدود,clinic,34.73255197672559,36.73381876668706,OpenStreetMap,unvalidated_public_osm,0.038282454,-0.1259467,-0.14294866,0.026141938,0.025039472,0.17143412,50.0,built_up,0.8219409201909198,0.45,1.0,0.56486675,0.68589732,0.5,0.8,0.671563082,medium,67.2,Medium,000000000000000002b9_0,0.1201,0.1558,0.14294866,0.2007,0.2082,0.211,0.21375,0.1859,0.26765,0.252425,"{""geodesic"":false,""type"":""Point"",""coordinates"":[36.73381876668706,34.73255197672559]}"
osm_700,مشفى حمص الكبير,clinic,34.74548771681691,36.67435029487835,OpenStreetMap,unvalidated_public_osm,0.040513467,-0.12880766,-0.11558129,0.03278478,0.0303425,0.1562723,50.0,built_up,0.8182407407407405,0.45,1.0,0.5720191499999999,0.63116258,0.5,0.8,0.6675200880000001,medium,66.8,Medium,000000000000000002bb_0,0.1539,0.2002,0.11558129,0.2594,0.26555,0.26315,0.26845,0.2392,0.3272,0.30575,"{""geodesic"":false,""type"":""Point"",""coordinates"":[36.67435029487835,34.74548771681691]}"
osm_701,مستوصف وادي خالد - المحطة,clinic,34.630503360449616,36.37844524028938,OpenStreetMap,unvalidated_public_osm,0.07324903,-0.15109771,-0.09448018,0.05990283,0.05484322,0.14000617,50.0,built_up,0.9041005291005291,0.45,0.941877425,0.6277442750000001,0.58896036,0.5,0.8,0.6599142472500001,medium,66.0,Medium,000000000000000002bc_0,0.1506,0.1972,0.09448018,0.2674,0.2413,0.2474,0.25725,0.2309,0.3232,0.29015,"{""geodesic"":false,""type"":""Point"",""coordinates"":[36.37844524028938,34.630503360449616]}"
osm_702,عيادة الدكتور بري الاسعد,clinic,34.62152020760842,36.38940468675563,OpenStreetMap,unvalidated_public_osm,0.21884365,-0.34562644,-0.11270463,0.15655635,0.15853152,0.16794804,20.0,shrubland,0.5996503087469552,0.5,0.577890875,1.0,0.6254092600000001,0.5,0.8,0.66201364475,medium,66.2,Medium,000000000000000002bd_0,0.0996,0.1384,0.11270463,0.2846,0.2218,0.2543,0.2718,0.1824,0.3569,0.2884,"{""geodesic"":false,""type"":""Point"",""coordinates"":[36.38940468675563,34.62152020760842]}"
osm_707,د. فراس حمدان,clinic,34.73255197672559,36.734896745028,OpenStreetMap,unvalidated_public_osm,0.066966794,-0.14769977,-0.14527214,0.044381455,0.041734863,0.16309993,50.0,built_up,0.8501082251082248,0.45,0.957583015,0.619249425,0.69054428,0.5,0.8,0.6723000667500001,medium,67.2,Medium,000000000000000002c2_0,0.1125,0.1408,0.14527214,0.1896,0.19795,0.20045,0.20446667,0.1658,0.25405,0.23955,"{""geodesic"":false,""type"":""Point"",""coordinates"":[36.734896745028,34.73255197672559]}"
osm_709,العيادة النفسية/د. جميل ركاب,clinic,33.520185669277886,36.29382394052532,OpenStreetMap,unvalidated_public_osm,0.04600486,-0.16191502,-0.16994908,0.03222525,0.031215787,0.19300541,50.0,built_up,0.6667429884929882,0.45,1.0,0.65478755,0.7398981600000001,0.5,0.8,0.6949473260000001,medium,69.5,Medium,000000000000000002c4_0,0.1232,0.1558,0.16994908,0.216,0.2515,0.25363332,0.25546667,0.197,0.30445,0.2727,"{""geodesic"":false,""type"":""Point"",""coordinates"":[36.29382394052532,33.520185669277886]}"
osm_710,بسام الجوخدار جراح عصبية,clinic,33.520185669277886,36.29059000550249,OpenStreetMap,unvalidated_public_osm,0.025828993,-0.11740485,-0.1547754,0.014666477,0.01425381,0.17032021,50.0,built_up,0.7210598475598473,0.45,1.0,0.543512125,0.7095508,0.5,0.8,0.669657505,medium,67.0,Medium,000000000000000002c5_0,0.0958,0.1179,0.1547754,0.14926666,0.1521,0.1505,0.1558,0.14175,0.20393333,0.18425,"{""geodesic"":false,""type"":""Point"",""coordinates"":[36.29059000550249,33.520185669277886]}"
osm_714,مستوصف جمعية الأعمال الخيرية,clinic,33.53042646351685,36.28394247240001,OpenStreetMap,unvalidated_public_osm,0.045742504,-0.10393258,-0.1011273,0.044706974,0.0351806,0.115248464,50.0,built_up,0.9106967291967288,0.45,1.0,0.50983145,0.6022546,0.5,0.8,0.6521917500000001,medium,65.2,Medium,000000000000000002c9_0,0.1914,0.2233,0.1011273,0.2751,0.25675,0.2902,0.3032,0.25103334,0.337,0.28805,"{""geodesic"":false,""type"":""Point"",""coordinates"":[36.28394247240001,33.53042646351685]}"
osm_715,مستوصف زين العابدين,clinic,33.528989159062256,36.283403483229534,OpenStreetMap,unvalidated_public_osm,0.061950717,-0.18937199,-0.06898184,0.046135683,0.04471165,0.13807066,50.0,built_up,0.6917233044733041,0.45,0.9701232075,0.7234299750000001,0.53796368,0.5,0.8,0.681013164875,medium,68.1,Medium,000000000000000002ca_0,0.1326,0.1678,0.06898184,0.2462,0.2175,0.22205,0.2239,0.217475,0.28268334,0.245275,"{""geodesic"":false,""type"":""Point"",""coordinates"":[36.283403483229534,33.528989159062256]}"
osm_717,مستشفى الرازي,clinic,34.724107813054864,36.69483188335627,OpenStreetMap,unvalidated_public_osm,0.053158905,-0.09681159,-0.38371336,0.022546977,0.02107702,0.27976766,50.0,built_up,0.4705982073482074,0.45,0.9921027375,0.492028975,1.0,0.5,0.8,0.6864314793750002,medium,68.6,Medium,000000000000000002cc_0,0.0728,0.0779,0.38371336,0.0946,0.1185,0.1218,0.1291,0.08505,0.2124,0.16605,"{""geodesic"":false,""type"":""Point"",""coordinates"":[36.69483188335627,34.724107813054864]}"
osm_718,مستشفى جمعية الموساة,clinic,33.51120251643669,36.25932863361513,OpenStreetMap,unvalidated_public_osm,0.083798885,-0.17766088,-0.011842599,0.07294537,0.06509161,0.08982997,50.0,built_up,0.9470119047619047,0.45,0.9155027875,0.6941522,0.42368519800000004,0.5,0.8,0.650074656675,medium,65.0,Medium,000000000000000002cd_0,0.1633,0.2032,0.011842599,0.291,0.26170832,0.28,0.2891,0.246,0.297975,0.270775,"{""geodesic"":false,""type"":""Point"",""coordinates"":[36.25932863361513,33.51120251643669]}"
osm_720,مستشفى الروضة الجراحي,clinic,33.520365332334705,36.28573910296824,OpenStreetMap,unvalidated_public_osm,0.36229777,-0.45120063,-0.025930984,0.22807379,0.22994386,0.092311375,10.0,tree_cover,0.3309284511784513,0.2,0.21925557499999998,1.0,0.451861968,0.5,0.8,0.4650000905500001,low,46.5,Low,000000000000000002cf_0,0.066,0.094466664,0.025930984,0.2498,0.2096,0.2664,0.2827,0.11693333,0.2631,0.20036666,"{""geodesic"":false,""type"":""Point"",""coordinates"":[36.28573910296824,33.520365332334705]}"
osm_721,مشفى الباسل,clinic,34.7266230958504,36.7356153972553,OpenStreetMap,unvalidated_public_osm,0.31998998,-0.39872748,0.074186236,0.27147496,0.24764425,0.017666733,50.0,built_up,0.4161220538720539,0.45,0.32502505,1.0,0.251627528,0.5,0.8,0.5464190153000001,medium,54.6,Medium,000000000000000002d0_0,0.1158,0.1512,-0.074186236,0.35173333,0.2448,0.282175,0.29495,0.1812,0.30315,0.2904,"{""geodesic"":false,""type"":""Point"",""coordinates"":[36.7356153972553,34.7266230958504]}"
osm_722,سيف بيوتي كلينك,clinic,34.71368735575908,36.71387616737961,OpenStreetMap,unvalidated_public_osm,0.09722222,-0.16722636,-0.16822205,0.06107233,0.056562193,0.1664909,50.0,built_up,0.7860496632996633,0.45,0.8819444500000001,0.6680659,0.7364441,0.5,0.8,0.6677437025000001,medium,66.8,Medium,000000000000000002d1_0,0.1028,0.124,0.16822205,0.1738,0.1693,0.1735,0.178,0.143,0.2441,0.2188,"{""geodesic"":false,""type"":""Point"",""coordinates"":[36.71387616737961,34.71368735575908]}"
osm_723,مركز دكتور سيريا الطبي,clinic,33.515155103686816,36.29705787554815,OpenStreetMap,unvalidated_public_osm,0.038875084,-0.124944,-0.011672153,0.031770695,0.028670177,0.09242387,50.0,built_up,0.6768566618566619,0.45,1.0,0.56236,0.423344306,0.5,0.8,0.6448064306000001,medium,64.5,Medium,000000000000000002d2_0,0.1555,0.1954,0.011672153,0.2512,0.2117,0.2191,0.2285,0.2324,0.25713333,0.2297,"{""geodesic"":false,""type"":""Point"",""coordinates"":[36.29705787554815,33.515155103686816]}"
osm_725,مشفى التوليد 29 أيار (الشرق),clinic,33.51910769093694,36.29562057109356,OpenStreetMap,unvalidated_public_osm,0.071643315,-0.13621518,0.09033256,0.06543958,0.056069933,0.030016685,50.0,built_up,0.7541263828763828,0.45,0.9458917125,0.59053795,0.21933488,0.5,0.8,0.6165140061250001,medium,61.7,Medium,000000000000000002d4_0,0.1758,0.2222,-0.09033256,0.29228,0.2028,0.2152,0.2181,0.2532,0.24385,0.21716666,"{""geodesic"":false,""type"":""Point"",""coordinates"":[36.29562057109356,33.51910769093694]}"
osm_728,مستوصف البقيعة - خط البترول الصحي,clinic,34.66302237373474,36.345387237833776,OpenStreetMap,unvalidated_public_osm,0.11113927,-0.1718609,-0.06716658,0.09776225,0.085483894,0.11361856,50.0,built_up,0.9524682539682541,0.45,0.847151825,0.67965225,0.5343331600000001,0.5,0.8,0.6411517222500001,medium,64.1,Medium,000000000000000002d7_0,0.16,0.2066,0.06716658,0.29235,0.2645,0.2738,0.28405,0.23386666,0.33445,0.3015,"{""geodesic"":false,""type"":""Point"",""coordinates"":[36.345387237833776,34.66302237373474]}"
osm_729,مخبر شعبان للتعويضات السنية,clinic,34.708656790168014,36.723038983277625,OpenStreetMap,unvalidated_public_osm,0.12901656,-0.22052632,-0.10113375,0.09260554,0.087285906,0.1410791,50.0,built_up,0.7167777777777778,0.45,0.8024586,0.8013158,0.6022675,0.5,0.8,0.6611045600000001,medium,66.1,Medium,000000000000000002d8_0,0.1166,0.1481,0.10113375,0.2319,0.2227,0.2333,0.2411,0.1789,0.28408334,0.2732,"{""geodesic"":false,""type"":""Point"",""coordinates"":[36.723038983277625,34.708656790168014]}"
osm_730,مشفى عفان,clinic,33.521802636789296,36.29310528829802,OpenStreetMap,unvalidated_public_osm,0.07958197,-0.17215793,-0.06930011,0.06658369,0.05954288,0.11965013,50.0,built_up,0.9527804232804236,0.45,0.926045075,0.6803948249999999,0.53860022,0.5,0.8,0.6614502557499999,medium,66.1,Medium,000000000000000002d9_0,0.1541,0.1897,0.06930011,0.2686,0.2685,0.2781,0.2815,0.229,0.3086,0.2732,"{""geodesic"":false,""type"":""Point"",""coordinates"":[36.29310528829802,33.521802636789296]}"
osm_731,العيادات الشاملة (مشفى الباسل),clinic,34.715124660213675,36.72267965716398,OpenStreetMap,unvalidated_public_osm,0.14870882,-0.25040388,-0.060451575,0.08956665,0.08979567,0.12587522,50.0,built_up,0.48256132756132786,0.45,0.75322795,0.8760097,0.52090315,0.5,0.8,0.6555992424999999,medium,65.6,Medium,000000000000000002da_0,0.0874,0.116,0.060451575,0.1935,0.15163334,0.1847,0.1993,0.1434,0.2184,0.1931,"{""geodesic"":false,""type"":""Point"",""coordinates"":[36.72267965716398,34.715124660213675]}"
osm_732,مشفى جمعية النهضة العربية,clinic,34.70991443156578,36.72196100493668,OpenStreetMap,unvalidated_public_osm,0.09008554,-0.17207794,-0.07192973,0.06609311,0.059839528,0.11381037,50.0,built_up,0.8333886483886487,0.45,0.89978615,0.68019485,0.54385946,0.5,0.8,0.6553714535000001,medium,65.5,Medium,000000000000000002db_0,0.1263,0.153,0.07192973,0.2166,0.1846,0.19015,0.1947875,0.1808,0.250175,0.2405,"{""geodesic"":false,""type"":""Point"",""coordinates"":[36.72196100493668,34.70991443156578]}"
osm_733,د. أسامة فاضل الخزعل,clinic,34.70524319208836,36.76148687743794,OpenStreetMap,unvalidated_public_osm,0.13507718,-0.21925381,-0.038590774,0.10635423,0.097785585,0.102179214,50.0,built_up,0.9196902356902356,0.45,0.7873070500000001,0.7981345249999999,0.477181548,0.5,0.8,0.6441718223000001,medium,64.4,Medium,000000000000000002dc_0,0.13253333,0.1695,0.038590774,0.2647,0.2004,0.240575,0.25985,0.2017,0.28595,0.243525,"{""geodesic"":false,""type"":""Point"",""coordinates"":[36.76148687743794,34.70524319208836]}"
osm_734,د. أسامة فاضل الخزعل,clinic,34.70524319208836,36.76148687743794,OpenStreetMap,unvalidated_public_osm,0.13507718,-0.21925381,-0.038590774,0.10635423,0.097785585,0.102179214,50.0,built_up,0.9196902356902356,0.45,0.7873070500000001,0.7981345249999999,0.477181548,0.5,0.8,0.6441718223000001,medium,64.4,Medium,000000000000000002dd_0,0.13253333,0.1695,0.038590774,0.2647,0.2004,0.240575,0.25985,0.2017,0.28595,0.243525,"{""geodesic"":false,""type"":""Point"",""coordinates"":[36.76148687743794,34.70524319208836]}"
osm_736,مشفى البراعم,clinic,33.4849717101404,36.3425126289246,OpenStreetMap,unvalidated_public_osm,0.13971597,-0.2471178,-0.061928574,0.09858743,0.09769377,0.13291103,50.0,built_up,0.5635886243386246,0.45,0.7757100750000001,0.8677945,0.523857148,0.5,0.8,0.65987213355,medium,66.0,Medium,000000000000000002df_0,0.1105,0.1502,0.061928574,0.2488,0.2302,0.23605,0.2495,0.1878,0.28165,0.2489,"{""geodesic"":false,""type"":""Point"",""coordinates"":[36.342512628924595,33.4849717101404]}"
osm_737,مشفى جرمانا الجراحي,clinic,33.48569036236769,36.341075324470005,OpenStreetMap,unvalidated_public_osm,0.058243543,-0.15366241,0.01143004,0.04893537,0.045671456,0.091083236,50.0,built_up,0.8454695767195768,0.45,0.9793911424999999,0.634156025,0.37713992,0.5,0.8,0.649392982625,medium,64.9,Medium,000000000000000002e0_0,0.161,0.2126,-0.01143004,0.2898,0.23385,0.23955,0.23895,0.2579,0.28325,0.2494,"{""geodesic"":false,""type"":""Point"",""coordinates"":[36.341075324470005,33.48569036236769]}"
osm_738,مستشفى اليمان,clinic,33.57085065130222,36.40593368798344,OpenStreetMap,unvalidated_public_osm,0.059919517,-0.12342907,-0.09671601,0.05287543,0.043659344,0.116442,50.0,built_up,0.936484126984127,0.45,0.9752012075000001,0.558572675,0.5934320200000001,0.5,0.8,0.654858038875,medium,65.5,Medium,000000000000000002e1_0,0.1659,0.1953,0.09671601,0.2503,0.24025,0.2507,0.2564,0.222,0.3039,0.2803,"{""geodesic"":false,""type"":""Point"",""coordinates"":[36.405933687983435,33.57085065130222]}"
osm_739,مشفى الزعيم التخصصي,clinic,34.71242971436131,36.71387616737961,OpenStreetMap,unvalidated_public_osm,0.031267155,-0.1250748,0.013295016,0.02859246,0.024500916,0.07363182,50.0,built_up,0.8657764550264551,0.45,1.0,0.562687,0.37340996800000004,0.5,0.8,0.6398783968000001,medium,64.0,Medium,000000000000000002e2_0,0.1835,0.2193,-0.013295016,0.282,0.2357,0.251,0.26265,0.2649,0.2746,0.25225,"{""geodesic"":false,""type"":""Point"",""coordinates"":[36.71387616737961,34.71242971436131]}"
osm_740,الدكتور عمار كلثوم,clinic,34.70775847488389,36.72519493995952,OpenStreetMap,unvalidated_public_osm,0.037780706,-0.109447815,-0.052352257,0.03380814,0.028467147,0.100244,50.0,built_up,0.8715357142857143,0.45,1.0,0.5236195375,0.504704514,0.5,0.8,0.6451943589,medium,64.5,Medium,000000000000000002e3_0,0.1745,0.2102,0.052352257,0.26186666,0.24145,0.23785,0.2399,0.2428,0.2908,0.2903,"{""geodesic"":false,""type"":""Point"",""coordinates"":[36.725194939959515,34.70775847488389]}"
osm_743,العيادة العينية التخصصية,clinic,33.58324740222307,36.36748579382312,OpenStreetMap,unvalidated_public_osm,0.11036788,-0.19138753,-0.08860762,0.0983639,0.085821606,0.12668873,50.0,built_up,0.8903708513708517,0.45,0.8490802999999999,0.728468825,0.57721524,0.5,0.8,0.655685364,medium,65.6,Medium,000000000000000002e6_0,0.1634,0.2028,0.08860762,0.2988,0.2937,0.3229,0.3328,0.2394,0.3569,0.3185,"{""geodesic"":false,""type"":""Point"",""coordinates"":[36.36748579382312,33.58324740222307]}"
osm_744,وليد مخلوف,clinic,33.49197856935653,36.33119385634469,OpenStreetMap,unvalidated_public_osm,0.03963927,-0.13860503,-0.05471734,0.034391683,0.03065967,0.11612884,50.0,built_up,0.873699735449735,0.45,1.0,0.596512575,0.50943468,0.5,0.8,0.660245983,medium,66.0,Medium,000000000000000002e7_0,0.1702,0.20933333,0.05471734,0.2767,0.2707,0.2691,0.27155,0.2556,0.30873334,0.28135,"{""geodesic"":false,""type"":""Point"",""coordinates"":[36.33119385634469,33.49197856935653]}"
osm_747,العيادة الجراحية والتجميلية,clinic,33.521802636789296,36.29418326663897,OpenStreetMap,unvalidated_public_osm,0.050894067,-0.14469178,-0.07047883,0.04267869,0.03850727,0.1250576,50.0,built_up,0.8847708032708029,0.45,0.9977648325,0.61172945,0.54095766,0.5,0.8,0.6658828641250001,medium,66.6,Medium,000000000000000002ea_0,0.1599,0.1998,0.07047883,0.2674,0.2628,0.2688,0.2743,0.2415,0.30795,0.2766,"{""geodesic"":false,""type"":""Point"",""coordinates"":[36.29418326663897,33.521802636789296]}"
osm_777,دكتور بشر دعبول,clinic,33.52216196290295,36.28735607047966,OpenStreetMap,unvalidated_public_osm,0.52320445,-0.5615973,0.07443493,0.3356668,0.32958236,-0.0045346324,10.0,tree_cover,0.7049829244829247,0.2,0.0,1.0,0.25113014,0.5,0.8,0.39011301400000004,low,39.0,Low,00000000000000000308_0,0.05105,0.0774,-0.07443493,0.2757,0.16775,0.2385,0.2559,0.0863,0.2375,0.1959,"{""geodesic"":false,""type"":""Point"",""coordinates"":[36.28735607047966,33.52216196290295]}"
osm_778,عيادة الدكتور بشار سليمان الحلبي,clinic,33.48640901459499,36.34323128115189,OpenStreetMap,unvalidated_public_osm,0.0970912,-0.17121275,-0.062006406,0.085140124,0.07345361,0.10723345,50.0,built_up,0.9678690476190476,0.45,0.8822720000000001,0.678031875,0.524012812,0.5,0.8,0.6485756562,medium,64.9,Medium,00000000000000000309_0,0.1609,0.1975,0.062006406,0.2791,0.2775,0.2861,0.2928,0.2297,0.316,0.29345,"{""geodesic"":false,""type"":""Point"",""coordinates"":[36.343231281151894,33.48640901459499]}"
osm_783,عيادة الدكتور اسد الابراهيم,clinic,33.50599228778879,36.25304042662629,OpenStreetMap,unvalidated_public_osm,0.16526726,-0.29013583,-0.07918468,0.09191939,0.09882942,0.15974134,40.0,cropland,0.567143698893699,0.35,0.71183185,0.9753395749999999,0.55836936,0.5,0.8,0.6388628135000001,medium,63.9,Medium,0000000000000000030e_0,0.0711,0.10626667,0.07918468,0.19313334,0.15755,0.1924,0.2063,0.13835,0.22635,0.1946,"{""geodesic"":false,""type"":""Point"",""coordinates"":[36.25304042662629,33.50599228778879]}"
osm_785,طبيبة كلبي اماني من قلب عراقي الى قلب فتات سوريه,clinic,33.49054126490194,36.33730240027671,OpenStreetMap,unvalidated_public_osm,0.060024012,-0.13569131,-0.13544387,0.05147387,0.045009002,0.1540594,50.0,built_up,0.8880282865282862,0.45,0.97493997,0.589228275,0.67088774,0.5,0.8,0.6686694215,medium,66.9,Medium,00000000000000000310_0,0.1623,0.2016,0.13544387,0.2649,0.28775,0.2876,0.29525,0.2349,0.3479,0.3183,"{""geodesic"":false,""type"":""Point"",""coordinates"":[36.337302400276705,33.49054126490194]}"
osm_790,باسكوال- العيادة التجميلية الآمنة,clinic,34.731473998384644,36.70615065593618,OpenStreetMap,unvalidated_public_osm,0.054818217,-0.13118808,-0.15409535,0.037091978,0.03366406,0.15742299,50.0,built_up,0.8589931457431454,0.45,0.9879544575,0.5779702,0.7081907000000001,0.5,0.8,0.6734017243750001,medium,67.3,Medium,00000000000000000315_0,0.118,0.1404,0.15409535,0.1828,0.1798,0.1845,0.1891,0.1638,0.2494,0.2248,"{""geodesic"":false,""type"":""Point"",""coordinates"":[36.70615065593618,34.731473998384644]}"
osm_791,باسكوال العيادة التجميلية الآمنة,clinic,33.524856908755304,36.29202730995708,OpenStreetMap,unvalidated_public_osm,0.16101028,-0.22685574,0.0724017,0.1347825,0.121573314,0.03551863,50.0,built_up,0.6912152477152476,0.45,0.7224743,0.8171393499999999,0.2551966,0.5,0.8,0.6095661050000001,medium,61.0,Medium,00000000000000000316_0,0.14083333,0.1854,-0.0724017,0.2942,0.18875,0.23015,0.2444,0.2126,0.254475,0.2156,"{""geodesic"":false,""type"":""Point"",""coordinates"":[36.29202730995708,33.524856908755304]}"
osm_795,الهلال الأحمر العربي السوري - مركز إعادة تأهيل ذوي الاحتياجات الخاصة,clinic,34.73255197672559,36.703994699254295,OpenStreetMap,unvalidated_public_osm,0.059336483,-0.2257074,-0.069442146,0.044900294,0.04569342,0.15538415,60.0,bare_sparse_vegetation,0.5290506715506715,0.85,0.9766587925,0.8142685,0.538884292,0.5,0.8,0.820906827325,high,82.1,High,0000000000000000031a_0,0.1367,0.1765,0.069442146,0.2794,0.29075,0.288,0.29045,0.2481,0.3211,0.26805,"{""geodesic"":false,""type"":""Point"",""coordinates"":[36.703994699254295,34.73255197672559]}"
osm_796,مشفى الأمين التخصصي,clinic,34.7190772474638,36.70219806868605,OpenStreetMap,unvalidated_public_osm,0.032971274,-0.19283314,-0.12336435,0.024812432,0.025108295,0.18495111,60.0,bare_sparse_vegetation,0.429085978835979,0.85,1.0,0.73208285,0.6467287,0.5,0.8,0.82108944,high,82.1,High,0000000000000000031b_0,0.1399,0.1802,0.12336435,0.2663,0.33025,0.3264,0.32785,0.2493,0.34125,0.288,"{""geodesic"":false,""type"":""Point"",""coordinates"":[36.70219806868605,34.7190772474638]}"
osm_798,المشفى العمالي,clinic,34.72949770475958,36.70615065593618,OpenStreetMap,unvalidated_public_osm,0.0542215,-0.10830618,-0.047085635,0.05151222,0.041322287,0.08736119,50.0,built_up,0.9521574074074075,0.45,0.9894462500000001,0.52076545,0.49417127000000005,0.5,0.8,0.6409317795,medium,64.1,Medium,0000000000000000031d_0,0.1838,0.219,0.047085635,0.2722,0.2634,0.2647,0.2724,0.2442,0.2991,0.2934,"{""geodesic"":false,""type"":""Point"",""coordinates"":[36.70615065593618,34.72949770475958]}"
osm_802,د. محمد الكوسا,clinic,34.73237231366877,36.73453741891436,OpenStreetMap,unvalidated_public_osm,0.05640422,-0.16564019,-0.19687325,0.03545968,0.03426939,0.2010089,50.0,built_up,0.6946426166426164,0.45,0.9839894499999999,0.6641004749999999,0.7937465,0.5,0.8,0.6981921074999999,medium,69.8,Medium,00000000000000000321_0,0.1053,0.1287,0.19687325,0.1798,0.2107,0.2176,0.2244,0.1606,0.26795,0.2442,"{""geodesic"":false,""type"":""Point"",""coordinates"":[36.73453741891436,34.73237231366877]}"
osm_803,عيادة الدكتورة بشرى الخوري,clinic,33.521083984562004,36.30262743030969,OpenStreetMap,unvalidated_public_osm,0.39414114,-0.40501553,-0.00992907,0.22841269,0.22188906,0.058987126,10.0,tree_cover,0.427904761904762,0.2,0.13964715000000003,1.0,0.41985814000000005,0.5,0.8,0.44189760150000007,low,44.2,Low,00000000000000000322_0,0.06126667,0.088675,0.00992907,0.2094,0.15,0.19805,0.2136,0.091,0.2136,0.1753,"{""geodesic"":false,""type"":""Point"",""coordinates"":[36.30262743030969,33.521083984562004]}"
osm_808,الدكتورة هدى جوزيف غزّي,clinic,33.48569036236769,36.3493398250839,OpenStreetMap,unvalidated_public_osm,0.068349086,-0.14125247,-0.130137,0.047965158,0.044298034,0.15210864,50.0,built_up,0.8150341510341508,0.45,0.954127285,0.6031311749999999,0.660274,0.5,0.8,0.6651854562499999,medium,66.5,Medium,00000000000000000327_0,0.1215,0.1529,0.130137,0.2032,0.19035,0.19665,0.2044,0.1772,0.264,0.23465,"{""geodesic"":false,""type"":""Point"",""coordinates"":[36.3493398250839,33.48569036236769]}"
osm_809,دار العيون,clinic,33.51946701705059,36.29705787554815,OpenStreetMap,unvalidated_public_osm,0.07414572,-0.15754732,0.10057804,0.073534116,0.061585154,0.02500687,50.0,built_up,0.8071652236652234,0.45,0.9396357,0.6438683000000001,0.19884392000000004,0.5,0.8,0.6235669770000001,medium,62.4,Medium,00000000000000000328_0,0.199,0.2425,-0.10057804,0.3332,0.2432,0.257375,0.26335,0.2872,0.2723,0.2365,"{""geodesic"":false,""type"":""Point"",""coordinates"":[36.29705787554815,33.51946701705059]}"
osm_810,Hamoud Hamed Clinic,clinic,33.51587375591411,36.28789505965013,OpenStreetMap,unvalidated_public_osm,0.1879301,-0.33254156,-0.029359292,0.12051873,0.12132604,0.10969344,40.0,cropland,0.5066666666666667,0.35,0.65517475,1.0,0.45871858400000004,0.5,0.8,0.6196655459,medium,62.0,Medium,00000000000000000329_0,0.0896,0.1124,0.029359292,0.2244,0.1885,0.2238,0.2297,0.1534,0.237975,0.2026,"{""geodesic"":false,""type"":""Point"",""coordinates"":[36.28789505965013,33.51587375591411]}"
osm_811,مستشفى الفيحاء,clinic,33.49018193878829,36.30029181057098,OpenStreetMap,unvalidated_public_osm,0.08290362,-0.16916487,-0.20547149,0.040761407,0.041683294,0.21247417,50.0,built_up,0.5404396344396345,0.45,0.91774095,0.672912175,0.8109429800000001,0.5,0.8,0.6851119705,medium,68.5,Medium,0000000000000000032a_0,0.0731,0.097,0.20547149,0.1365,0.129,0.1394,0.1453,0.1156,0.2071,0.1657,"{""geodesic"":false,""type"":""Point"",""coordinates"":[36.30029181057098,33.49018193878829]}"
osm_812,عيادة الدكتور عبد الرزاق عبد العزيز,clinic,33.49808711328854,36.30640035450299,OpenStreetMap,unvalidated_public_osm,0.106707685,-0.16257928,-0.049491357,0.086467855,0.074836284,0.09348872,50.0,built_up,0.9248994708994707,0.45,0.8582307875,0.6564481999999999,0.49898271400000005,0.5,0.8,0.6357456082750002,medium,63.6,Medium,0000000000000000032b_0,0.142,0.175,0.049491357,0.24295,0.204,0.218,0.2274,0.1961,0.26825,0.23355,"{""geodesic"":false,""type"":""Point"",""coordinates"":[36.30640035450299,33.49808711328854]}"
osm_813,مستشفى الأندلس,clinic,33.49575149354983,36.281966178774944,OpenStreetMap,unvalidated_public_osm,0.014913541,-0.07334772,-0.034768447,0.0137405945,0.01124228,0.08660765,50.0,built_up,0.8403822751322751,0.45,1.0,0.4333693,0.46953689400000004,0.5,0.8,0.6236275494000001,medium,62.4,Medium,0000000000000000032c_0,0.1838,0.2213,0.034768447,0.25633332,0.23075,0.2373,0.2391,0.2488,0.2748,0.26,"{""geodesic"":false,""type"":""Point"",""coordinates"":[36.281966178774944,33.49575149354983]}"
osm_814,مشفى المدينة,clinic,33.52791118072131,36.32005474682161,OpenStreetMap,unvalidated_public_osm,0.0779661,-0.16960311,-0.17891055,0.046803202,0.044294886,0.17794931,50.0,built_up,0.7362413419913422,0.45,0.93008475,0.6740077750000001,0.7578211,0.5,0.8,0.6831048525000001,medium,68.3,Medium,0000000000000000032d_0,0.0984,0.11665,0.17891055,0.1643,0.18335,0.1939,0.2023,0.14053333,0.2359,0.20956667,"{""geodesic"":false,""type"":""Point"",""coordinates"":[36.32005474682161,33.52791118072131]}"
osm_815,مستشفى الفيحاء الأهلي,clinic,33.49036160184512,36.30029181057098,OpenStreetMap,unvalidated_public_osm,0.023935212,-0.07736021,-0.020662127,0.018332599,0.016118381,0.08428868,50.0,built_up,0.4872971380471378,0.45,1.0,0.44340052500000005,0.441324254,0.5,0.8,0.6228125304000001,medium,62.3,Medium,0000000000000000032e_0,0.1429,0.1786,0.020662127,0.20855,0.1755,0.17603333,0.18485,0.1988,0.21735,0.18915,"{""geodesic"":false,""type"":""Point"",""coordinates"":[36.30029181057098,33.490361601845116]}"
osm_817,مركز النجمة الشعاعي التخصصي,clinic,33.521802636789296,36.3101732786963,OpenStreetMap,unvalidated_public_osm,0.2764505,-0.3671018,0.0021052703,0.1970529,0.186882,0.06809972,10.0,tree_cover,0.522509240759241,0.2,0.43387375000000006,1.0,0.39578945940000004,0.5,0.8,0.51304738344,medium,51.3,Medium,00000000000000000330_0,0.095133334,0.1212,-0.0021052703,0.2618,0.2186,0.2521,0.2679,0.1484,0.2607,0.2231,"{""geodesic"":false,""type"":""Point"",""coordinates"":[36.3101732786963,33.521802636789296]}"
osm_818,OSM site 818,clinic,33.47562923118556,36.30083079974145,OpenStreetMap,unvalidated_public_osm,0.027738873,-0.10815713,0.017334653,0.030104008,0.02446862,0.071750574,50.0,built_up,0.9821388888888888,0.45,1.0,0.5203928250000001,0.365330694,0.5,0.8,0.6306116344000001,medium,63.1,Medium,00000000000000000331_0,0.2406,0.2952,-0.017334653,0.3668,0.30123332,0.30795,0.30323333,0.347,0.3543,0.3172,"{""geodesic"":false,""type"":""Point"",""coordinates"":[36.30083079974145,33.47562923118556]}"
osm_819,الهلال الأحمر العربي السوري-فرع دمشق,clinic,33.49557183049301,36.30262743030969,OpenStreetMap,unvalidated_public_osm,0.19559228,-0.2796069,-0.0014380313,0.14593038,0.13659683,0.07694207,50.0,built_up,0.6601952861952859,0.45,0.6360193,0.9490172499999999,0.40287606260000003,0.5,0.8,0.62909588126,medium,62.9,Medium,00000000000000000332_0,0.1136,0.1466,0.0014380313,0.2604,0.2077,0.2381,0.2501,0.1752,0.26115,0.23105,"{""geodesic"":false,""type"":""Point"",""coordinates"":[36.30262743030969,33.49557183049301]}"
osm_820,OSM site 820,clinic,33.49575149354983,36.281966178774944,OpenStreetMap,unvalidated_public_osm,0.014913541,-0.07334772,-0.034768447,0.0137405945,0.01124228,0.08660765,50.0,built_up,0.8403822751322751,0.45,1.0,0.4333693,0.46953689400000004,0.5,0.8,0.6236275494000001,medium,62.4,Medium,00000000000000000333_0,0.1838,0.2213,0.034768447,0.25633332,0.23075,0.2373,0.2391,0.2488,0.2748,0.26,"{""geodesic"":false,""type"":""Point"",""coordinates"":[36.281966178774944,33.49575149354983]}"
osm_821,مشفى الهلال الأحمر,clinic,34.736324900918895,36.70147941645876,OpenStreetMap,unvalidated_public_osm,-0.00020141328,-0.11076304,-0.04510914,-0.00015726009,-0.00015052939,0.12879239,50.0,built_up,0.7329391534391534,0.45,1.0,0.5269076,0.49021828,0.5,0.8,0.644403348,medium,64.4,Medium,00000000000000000334_0,0.1531,0.1987,0.04510914,0.2482,0.229,0.22645,0.2271,0.2483,0.27165,0.25945,"{""geodesic"":false,""type"":""Point"",""coordinates"":[36.70147941645876,34.736324900918895]}"
osm_823,مشفى جمعية البر,clinic,34.74476906458962,36.682974121605895,OpenStreetMap,unvalidated_public_osm,-0.07743237,0.07760205,0.008291902,-0.18629958,-0.079564035,0.028276036,50.0,built_up,0.8340383597883596,0.45,1.0,0.055994875,0.38341619600000004,0.5,0.8,0.5395405946,medium,54.0,Medium,00000000000000000336_0,0.5182,0.586,-0.008291902,0.5016,0.3923,0.42525,0.39205,0.5858,0.49335,0.50295,"{""geodesic"":false,""type"":""Point"",""coordinates"":[36.682974121605895,34.74476906458962]}"
osm_826,العيادات الشاملة,clinic,33.61558675245138,36.30927496341217,OpenStreetMap,unvalidated_public_osm,0.04032858,-0.13244362,0.0039639417,0.043857247,0.037287075,0.0891642,50.0,built_up,0.9692208994708994,0.45,1.0,0.58110905,0.3920721166,0.5,0.8,0.64542902166,medium,64.5,Medium,00000000000000000339_0,0.2512,0.32015,-0.0039639417,0.4179,0.37715,0.3871,0.3887,0.3855,0.4146,0.36175,"{""geodesic"":false,""type"":""Point"",""coordinates"":[36.30927496341217,33.61558675245138]}"
osm_827,الدكتور براء جديني,clinic,33.49736846106125,36.28052887432035,OpenStreetMap,unvalidated_public_osm,0.050495747,-0.1354231,-0.16105556,0.029965146,0.027852107,0.15903533,50.0,built_up,0.7846917619417619,0.45,0.9987606325,0.58855775,0.72211112,0.5,0.8,0.679612820125,medium,68.0,Medium,0000000000000000033a_0,0.1008,0.1163,0.16105556,0.15273333,0.144,0.149375,0.155875,0.13805,0.211375,0.19025,"{""geodesic"":false,""type"":""Point"",""coordinates"":[36.28052887432035,33.49736846106125]}"
osm_829,حسام ايوبي,clinic,33.524677245698484,36.295081581923085,OpenStreetMap,unvalidated_public_osm,0.033546012,-0.12348996,-0.050482113,0.025891112,0.024799688,0.12845348,50.0,built_up,0.7760723905723904,0.45,1.0,0.5587249,0.500964226,0.5,0.8,0.6518414026000001,medium,65.2,Medium,0000000000000000033c_0,0.1448,0.1959,0.050482113,0.2511,0.23473333,0.2443,0.2562,0.2348,0.2778,0.2485,"{""geodesic"":false,""type"":""Point"",""coordinates"":[36.295081581923085,33.524677245698484]}"
osm_830,مشفى الحارث,clinic,34.761298065817414,36.71800841768656,OpenStreetMap,unvalidated_public_osm,0.20860052,-0.28108755,0.04364822,0.18424734,0.16103669,0.040512603,50.0,built_up,0.625171115921116,0.45,0.6034986999999999,0.9527188750000001,0.31270356,0.5,0.8,0.612688806,medium,61.3,Medium,0000000000000000033d_0,0.1438,0.1798,-0.04364822,0.3204,0.2785,0.3021,0.3107,0.2098,0.2936,0.2611,"{""geodesic"":false,""type"":""Point"",""coordinates"":[36.718008417686555,34.761298065817414]}"
osm_832,عيادة الدكتور بسام نادر,clinic,34.72788073724817,36.741903604244136,OpenStreetMap,unvalidated_public_osm,0.05855514,-0.13293546,-0.114816636,0.0413238,0.03873673,0.1491505,50.0,built_up,0.8021148388648388,0.45,0.97861215,0.58233865,0.629633272,0.5,0.8,0.6640840947,medium,66.4,Medium,0000000000000000033f_0,0.1234,0.1598,0.114816636,0.2088,0.19645,0.1982,0.19875,0.1857,0.26296666,0.25335,"{""geodesic"":false,""type"":""Point"",""coordinates"":[36.741903604244136,34.72788073724817]}"
osm_834,مستوصف,clinic,34.73309096589606,36.73076449472106,OpenStreetMap,unvalidated_public_osm,0.060558654,-0.14196344,-0.06427445,0.04762323,0.04290237,0.11540918,50.0,built_up,0.8713753006253002,0.45,0.973603365,0.6049086,0.5285489,0.5,0.8,0.6572374512500001,medium,65.7,Medium,00000000000000000341_0,0.14345,0.1783,0.06427445,0.2373,0.207275,0.2285,0.24225,0.2102,0.2699,0.2600125,"{""geodesic"":false,""type"":""Point"",""coordinates"":[36.73076449472106,34.73309096589606]}"
osm_838,طبيب غاندي فرح,clinic,33.546596138631,36.31879710542384,OpenStreetMap,unvalidated_public_osm,0.039084133,-0.14285716,-0.08547602,0.032860927,0.029505298,0.13278303,50.0,built_up,0.8265343915343912,0.45,1.0,0.6071429,0.57095204,0.5,0.8,0.668523784,medium,66.9,Medium,00000000000000000345_0,0.1623,0.1974,0.08547602,0.2632,0.2737,0.2746,0.2781,0.2434,0.3124,0.2834,"{""geodesic"":false,""type"":""Point"",""coordinates"":[36.31879710542384,33.546596138630996]}"
osm_839,مشفى الحسن,clinic,33.60426797987147,36.31161058315089,OpenStreetMap,unvalidated_public_osm,0.028816663,-0.1061305,-0.1942377,0.01819307,0.017066076,0.18843964,50.0,built_up,0.7050219687719684,0.45,1.0,0.51532625,0.7884754,0.5,0.8,0.6719127900000001,medium,67.2,Medium,00000000000000000346_0,0.1102,0.1356,0.1942377,0.1678,0.17005,0.16836667,0.17205,0.1584,0.2487,0.2208,"{""geodesic"":false,""type"":""Point"",""coordinates"":[36.31161058315089,33.60426797987147]}"
osm_841,الطبيب أسامة طلب,clinic,33.60965787157619,36.30927496341217,OpenStreetMap,unvalidated_public_osm,0.059125956,-0.1464348,-0.18847714,0.035375766,0.034023665,0.19014733,50.0,built_up,0.7244395141895141,0.45,0.9771851100000001,0.6160869999999999,0.77695428,0.5,0.8,0.6852091055,medium,68.5,Medium,00000000000000000348_0,0.09905,0.1227,0.18847714,0.1648,0.1722,0.1713,0.1783,0.1464,0.24135,0.21985,"{""geodesic"":false,""type"":""Point"",""coordinates"":[36.30927496341217,33.60965787157619]}"
osm_843,مستوصف التل,clinic,33.60696292572383,36.309454626469,OpenStreetMap,unvalidated_public_osm,0.038513828,-0.113702625,-0.082220994,0.030688144,0.027087323,0.12114637,50.0,built_up,0.7406239778739778,0.45,1.0,0.5342565625,0.564441988,0.5,0.8,0.6532955113000001,medium,65.3,Medium,0000000000000000034a_0,0.149,0.1824,0.082220994,0.2292,0.1985,0.2074,0.2116,0.2122,0.27026665,0.2354,"{""geodesic"":false,""type"":""Point"",""coordinates"":[36.309454626469,33.60696292572383]}"
osm_849,مشفى الزهراء,clinic,33.61163416520125,36.308915637298526,OpenStreetMap,unvalidated_public_osm,0.07377544,-0.18675181,-0.3292738,0.039422244,0.039448287,0.29215887,50.0,built_up,0.47795562770562783,0.45,0.9405614000000001,0.716879525,1.0,0.5,0.8,0.7185162549999999,medium,71.9,Medium,00000000000000000350_0,0.083,0.1019,0.3292738,0.1487,0.2004,0.2055,0.2095,0.12826666,0.2947,0.2414,"{""geodesic"":false,""type"":""Point"",""coordinates"":[36.308915637298526,33.61163416520125]}"
osm_851,الدكتور براء قبيسي,clinic,33.523958593471185,36.292206973013904,OpenStreetMap,unvalidated_public_osm,0.16941528,-0.23903175,0.028119536,0.13917235,0.122711755,0.050637316,50.0,built_up,0.7178849206349207,0.45,0.7014618,0.8475793749999999,0.343760928,0.5,0.8,0.6192574178000001,medium,61.9,Medium,00000000000000000352_0,0.1354,0.16766667,-0.028119536,0.273,0.2101,0.2513,0.2609,0.1939,0.25806665,0.22605,"{""geodesic"":false,""type"":""Point"",""coordinates"":[36.292206973013904,33.523958593471185]}"
osm_853,مستشفى حمص الجامعي,clinic,34.71494499715685,36.70345571008382,OpenStreetMap,unvalidated_public_osm,0.005825269,-0.029821096,-0.0915269,0.005294531,0.003947386,0.08728208,50.0,built_up,0.7053976671476669,0.45,1.0,0.32455273999999995,0.5830538000000001,0.5,0.8,0.613215928,medium,61.3,Medium,00000000000000000354_0,0.1737,0.1952,0.0915269,0.2072,0.20565,0.20485,0.2069,0.2048,0.24895,0.2331,"{""geodesic"":false,""type"":""Point"",""coordinates"":[36.70345571008382,34.71494499715685]}"
osm_854,مستشفى جمعية باب السباع الخيرية,clinic,34.722490845543454,36.71675077628879,OpenStreetMap,unvalidated_public_osm,-0.0036291776,-0.04335808,0.05098308,-0.0037769666,-0.0029831957,0.047290567,50.0,built_up,0.8284721019721021,0.45,1.0,0.35839519999999997,0.29803384,0.5,0.8,0.5914824240000001,medium,59.1,Medium,00000000000000000355_0,0.2228,0.2769,-0.05098308,0.302,0.23465,0.2345,0.233,0.3042,0.2727,0.2573,"{""geodesic"":false,""type"":""Point"",""coordinates"":[36.71675077628879,34.722490845543454]}"
osm_857,مستوصف دويلعة,clinic,33.502758352765966,36.32724126909456,OpenStreetMap,unvalidated_public_osm,0.04733726,-0.14140949,-0.09413269,0.037922382,0.034525264,0.13780765,50.0,built_up,0.8466398508898507,0.45,1.0,0.603523725,0.5882653800000001,0.5,0.8,0.6695312830000002,medium,67.0,Medium,00000000000000000358_0,0.1498,0.1864,0.09413269,0.2478,0.2423,0.2494,0.25015,0.2254,0.2993,0.26923335,"{""geodesic"":false,""type"":""Point"",""coordinates"":[36.327241269094564,33.502758352765966]}"
osm_859,مشفى العبون,clinic,34.761298065817414,36.71800841768656,OpenStreetMap,unvalidated_public_osm,0.20860052,-0.28108755,0.04364822,0.18424734,0.16103669,0.040512603,50.0,built_up,0.625171115921116,0.45,0.6034986999999999,0.9527188750000001,0.31270356,0.5,0.8,0.612688806,medium,61.3,Medium,0000000000000000035a_0,0.1438,0.1798,-0.04364822,0.3204,0.2785,0.3021,0.3107,0.2098,0.2936,0.2611,"{""geodesic"":false,""type"":""Point"",""coordinates"":[36.718008417686555,34.761298065817414]}"
osm_860,عيادة الدكتور علي عاصي,clinic,34.71476533410002,36.71854740685703,OpenStreetMap,unvalidated_public_osm,0.06889951,-0.16536255,-0.081036635,0.05010438,0.047058817,0.13217822,50.0,built_up,0.788702982202982,0.45,0.952751225,0.6634063749999999,0.56207327,0.5,0.8,0.66707640825,medium,66.7,Medium,0000000000000000035b_0,0.1272,0.16,0.081036635,0.2234,0.2098,0.2154,0.2201,0.1946,0.2628,0.2547,"{""geodesic"":false,""type"":""Point"",""coordinates"":[36.71854740685703,34.71476533410002]}"
osm_869,مشفى الشرق,clinic,33.518928027880115,36.29562057109356,OpenStreetMap,unvalidated_public_osm,0.07005803,-0.124501765,0.004713524,0.060596723,0.04967308,0.0554405,50.0,built_up,0.788063011063011,0.45,0.949854925,0.5612544125,0.39057295200000003,0.5,0.8,0.6287719089499999,medium,62.9,Medium,00000000000000000364_0,0.1593,0.1867,-0.004713524,0.2398,0.2076,0.2308,0.2348,0.2084,0.23755,0.2089,"{""geodesic"":false,""type"":""Point"",""coordinates"":[36.29562057109356,33.518928027880115]}"
osm_870,مشفى البيروني الجامعي,clinic,33.51263982089128,36.26417953614938,OpenStreetMap,unvalidated_public_osm,0.18719463,-0.28625154,0.07782541,0.1502859,0.14295064,0.042456914,50.0,built_up,0.6669539442039443,0.45,0.657013425,0.9656288500000001,0.24434918000000003,0.5,0.8,0.6218140442500002,medium,62.2,Medium,00000000000000000365_0,0.12766667,0.1708,-0.07782541,0.3078,0.2063,0.2441,0.2559,0.21073334,0.26335,0.2232,"{""geodesic"":false,""type"":""Point"",""coordinates"":[36.26417953614938,33.51263982089128]}"
osm_871,مشفى جراحة القلب الجامعي,clinic,33.512999147004926,36.26471852531984,OpenStreetMap,unvalidated_public_osm,0.14045534,-0.2328663,-0.15587533,0.09472068,0.09106737,0.177247,30.0,grassland,0.3144391534391534,0.4,0.7738616500000001,0.8321657499999999,0.7117506600000001,0.5,0.8,0.6560736285000002,medium,65.6,Medium,00000000000000000366_0,0.105,0.13506667,0.15587533,0.21706666,0.2384,0.2525,0.2624,0.1636,0.29723334,0.2707,"{""geodesic"":false,""type"":""Point"",""coordinates"":[36.26471852531984,33.512999147004926]}"
osm_872,عيادات إشراق الطبية,clinic,33.50742959224339,36.28376280934318,OpenStreetMap,unvalidated_public_osm,0.12766235,-0.20559743,0.018627038,0.10680578,0.09729785,0.07208082,50.0,built_up,0.8965251322751324,0.45,0.805844125,0.763993575,0.36274592400000005,0.5,0.8,0.63053433865,medium,63.1,Medium,00000000000000000367_0,0.1466,0.19188,-0.018627038,0.2912,0.22718,0.24945,0.2569,0.22526667,0.28055,0.2389,"{""geodesic"":false,""type"":""Point"",""coordinates"":[36.28376280934318,33.50742959224339]}"
osm_873,مشفى حسن شيخ الأرض التخصصي,clinic,33.49880576551584,36.29939349528686,OpenStreetMap,unvalidated_public_osm,0.08070386,-0.15514335,0.048726633,0.06425274,0.05662786,0.046814922,50.0,built_up,0.5804550264550266,0.45,0.9232403499999999,0.637858375,0.30254673400000004,0.5,0.8,0.6286364359000001,medium,62.9,Medium,00000000000000000368_0,0.1426,0.17368,-0.048726633,0.23746666,0.1663,0.1937,0.2019,0.202,0.2154,0.18765,"{""geodesic"":false,""type"":""Point"",""coordinates"":[36.29939349528686,33.49880576551584]}"
osm_875,مركز تجميل Diamond smiles,clinic,33.51551442980046,36.28627809213872,OpenStreetMap,unvalidated_public_osm,0.2681628,-0.31883463,-0.06016519,0.16699943,0.16221781,0.10784857,10.0,tree_cover,0.5278033540533545,0.2,0.4545930000000001,1.0,0.52033038,0.5,0.8,0.530681288,medium,53.1,Medium,0000000000000000036a_0,0.07995,0.11066667,0.06016519,0.21426667,0.18125,0.21126667,0.2231,0.12365,0.2417,0.1973,"{""geodesic"":false,""type"":""Point"",""coordinates"":[36.286278092138716,33.51551442980046]}"
osm_876,عيادة الشام,clinic,33.51443645145952,36.287176407422834,OpenStreetMap,unvalidated_public_osm,0.20551924,-0.26717556,-0.0723666,0.11526086,0.10949187,0.102451526,50.0,built_up,0.45699795574795576,0.45,0.6112019,0.9179388999999999,0.5447332,0.5,0.8,0.630861575,medium,63.1,Medium,0000000000000000036b_0,0.0793,0.096,0.0723666,0.166,0.1355,0.1562,0.1666,0.1094,0.1919,0.1637,"{""geodesic"":false,""type"":""Point"",""coordinates"":[36.287176407422834,33.51443645145952]}"
osm_878,مشفى الشام,clinic,33.52054499539153,36.28681708130919,OpenStreetMap,unvalidated_public_osm,0.20552225,-0.28555554,-0.08474242,0.14268662,0.13389523,0.123001695,50.0,built_up,0.5886094276094277,0.45,0.6111943750000001,0.96388885,0.56948484,0.5,0.8,0.6425248477500001,medium,64.3,Medium,0000000000000000036d_0,0.10186667,0.1286,0.08474242,0.2314,0.2341,0.2527,0.2574,0.1525,0.27425,0.2365,"{""geodesic"":false,""type"":""Point"",""coordinates"":[36.28681708130919,33.52054499539153]}"
osm_879,مركز لاموندا الطبي,clinic,33.52449758264166,36.282505167945416,OpenStreetMap,unvalidated_public_osm,0.02903514,-0.113611415,0.1436624,0.03090921,0.026654785,0.025497423,50.0,built_up,0.908611111111111,0.45,1.0,0.5340285375,0.11267520000000003,0.5,0.8,0.6080732275,medium,60.8,Medium,0000000000000000036e_0,0.2468,0.323,-0.1436624,0.4058,0.3023,0.30845,0.31306666,0.3829,0.30385,0.2616,"{""geodesic"":false,""type"":""Point"",""coordinates"":[36.282505167945416,33.52449758264166]}"
osm_882,مركز الروضة للعين والليزر,clinic,33.52198229984612,36.28645775519554,OpenStreetMap,unvalidated_public_osm,0.16203284,-0.19320144,0.086512335,0.15083301,0.12338344,0.0073568793,50.0,built_up,0.6749707792207792,0.45,0.7199179,0.7330036000000001,0.22697533000000003,0.5,0.8,0.5892777280000001,medium,58.9,Medium,00000000000000000371_0,0.16146667,0.20253333,-0.086512335,0.29953334,0.17885,0.2559,0.2795,0.216,0.25183332,0.2016,"{""geodesic"":false,""type"":""Point"",""coordinates"":[36.28645775519554,33.52198229984612]}"
osm_883,عيادة الرواد الاستشارية,clinic,33.52593488709625,36.2846611246273,OpenStreetMap,unvalidated_public_osm,0.35097274,-0.39830852,-0.10791366,0.17480619,0.17873183,0.14165711,20.0,shrubland,0.4165952380952379,0.5,0.24756815000000001,1.0,0.61582732,0.5,0.8,0.5784747695000001,medium,57.8,Medium,00000000000000000372_0,0.0512,0.0747,0.10791366,0.1736,0.1559,0.18605,0.1967,0.0834,0.2156,0.1823,"{""geodesic"":false,""type"":""Point"",""coordinates"":[36.2846611246273,33.52593488709625]}"
osm_884,مركز تقويم الوجه والفكين,clinic,33.52198229984612,36.283403483229534,OpenStreetMap,unvalidated_public_osm,0.084145874,-0.16311504,-0.018152125,0.07190024,0.06633135,0.10192142,50.0,built_up,0.9341706349206347,0.45,0.914635315,0.6577875999999999,0.43630425,0.5,0.8,0.64384677375,medium,64.4,Medium,00000000000000000373_0,0.1602,0.216,0.018152125,0.3002,0.2677,0.2884,0.2993,0.2536,0.3113,0.2682,"{""geodesic"":false,""type"":""Point"",""coordinates"":[36.283403483229534,33.52198229984612]}"
osm_885,Dahab Beauty Clinic,clinic,33.52377893041436,36.29382394052532,OpenStreetMap,unvalidated_public_osm,0.1710037,-0.26421404,-0.15831666,0.10119712,0.10063198,0.18172956,40.0,cropland,0.34518109668109676,0.35,0.6974907499999999,0.9105351,0.71663332,0.5,0.8,0.6381430395000001,medium,63.8,Medium,00000000000000000374_0,0.08375,0.11,0.15831666,0.189,0.2074,0.2268,0.2355,0.1338,0.2601,0.22315,"{""geodesic"":false,""type"":""Point"",""coordinates"":[36.29382394052532,33.52377893041436]}"
osm_886,مركز الأنتراليزيك الدولي لطب العيون,clinic,33.523239941243894,36.29795619083227,OpenStreetMap,unvalidated_public_osm,0.091279715,-0.17690161,-0.19708028,0.061093923,0.05804128,0.19942573,50.0,built_up,0.6235632515632517,0.45,0.8968007125,0.692254025,0.79416056,0.5,0.8,0.6820670391250001,medium,68.2,Medium,00000000000000000375_0,0.1106,0.1404,0.19708028,0.20075,0.2387,0.2505,0.2546,0.16716667,0.2993,0.2789,"{""geodesic"":false,""type"":""Point"",""coordinates"":[36.29795619083227,33.523239941243894]}"
osm_888,مخبر أمانة للتشريح المرضي,clinic,33.52306027818707,36.298674843059565,OpenStreetMap,unvalidated_public_osm,0.10582732,-0.17498444,0.0069210143,0.096031405,0.080396794,0.061828803,50.0,built_up,0.937541005291005,0.45,0.8604317,0.6874610999999999,0.3861579714,0.5,0.8,0.6312159421400001,medium,63.1,Medium,00000000000000000377_0,0.1662,0.1992,-0.0069210143,0.2837,0.2495,0.29215,0.301275,0.2294,0.2798,0.2385,"{""geodesic"":false,""type"":""Point"",""coordinates"":[36.298674843059565,33.52306027818707]}"
osm_889,مركز سوريانا الطبي,clinic,33.52341960430071,36.2898713532752,OpenStreetMap,unvalidated_public_osm,0.043239497,-0.14049895,-0.0136275515,0.03964006,0.034909464,0.09461214,50.0,built_up,0.9267738095238093,0.45,1.0,0.601247375,0.427255103,0.5,0.8,0.6529749853000002,medium,65.3,Medium,00000000000000000378_0,0.185,0.2291,0.0136275515,0.304,0.2578,0.26095,0.26005,0.2788,0.3124,0.2773,"{""geodesic"":false,""type"":""Point"",""coordinates"":[36.289871353275196,33.52341960430071]}"
osm_890,المركز التخصصي في الحول,clinic,33.52521623486896,36.2891527010479,OpenStreetMap,unvalidated_public_osm,0.25118482,-0.3816425,-0.13703796,0.12572533,0.1334754,0.18252113,40.0,cropland,0.3352382154882156,0.35,0.49703795000000006,1.0,0.6740759199999999,0.5,0.8,0.6016670795000001,medium,60.2,Medium,00000000000000000379_0,0.0557,0.0768,0.13703796,0.1716,0.1595,0.1965,0.204,0.1027,0.2261,0.1863,"{""geodesic"":false,""type"":""Point"",""coordinates"":[36.2891527010479,33.52521623486896]}"
osm_891,المركز الطبي السوري الروسي,clinic,33.52413825652801,36.291308657729786,OpenStreetMap,unvalidated_public_osm,0.5268085,-0.5496689,0.053435143,0.3401878,0.32674488,0.0032779106,10.0,tree_cover,0.44979689754689767,0.2,0.0,1.0,0.29312971400000004,0.5,0.8,0.39431297140000005,low,39.4,Low,0000000000000000037a_0,0.053975,0.0782,-0.053435143,0.2691,0.17603333,0.2598,0.27686667,0.0834,0.2418,0.1904,"{""geodesic"":false,""type"":""Point"",""coordinates"":[36.291308657729786,33.52413825652801]}"
osm_892,مشفى الضياء الجراحي,clinic,33.520365332334705,36.2966985494345,OpenStreetMap,unvalidated_public_osm,0.30364373,-0.36730364,0.08737867,0.21168502,0.2010724,0.010568396,10.0,tree_cover,0.555760295260295,0.2,0.365890675,1.0,0.22524266,0.5,0.8,0.47899693475000005,low,47.9,Low,0000000000000000037b_0,0.0888,0.1192,-0.08737867,0.2576,0.1687,0.2033,0.22036667,0.1376,0.2162,0.1821,"{""geodesic"":false,""type"":""Point"",""coordinates"":[36.2966985494345,33.520365332334705]}"
osm_894,مركز رودينا للجراحة التجميلية,clinic,33.525395897925776,36.2966985494345,OpenStreetMap,unvalidated_public_osm,0.08773223,-0.14247082,0.052219573,0.08326354,0.06855421,0.038828567,50.0,built_up,0.8164734247234245,0.45,0.9056694249999999,0.60617705,0.29556085400000004,0.5,0.8,0.6172088516500001,medium,61.7,Medium,0000000000000000037d_0,0.1802,0.22195,-0.052219573,0.2957,0.20545,0.23793334,0.2504,0.248,0.26635,0.22345,"{""geodesic"":false,""type"":""Point"",""coordinates"":[36.2966985494345,33.525395897925776]}"
osm_895,رودينا للجراحة التجميلية والليزر,clinic,33.52198229984612,36.30029181057098,OpenStreetMap,unvalidated_public_osm,0.072390586,-0.14924328,-0.077702686,0.050691616,0.045189172,0.10854371,50.0,built_up,0.7048670033670031,0.45,0.944023535,0.6231082,0.5554053720000001,0.5,0.8,0.65616806095,medium,65.6,Medium,0000000000000000037e_0,0.1214,0.14146666,0.077702686,0.1911,0.1815,0.1928,0.1989,0.1653,0.2233,0.2005,"{""geodesic"":false,""type"":""Point"",""coordinates"":[36.30029181057098,33.52198229984612]}"
osm_896,مركز الباسل للتصوير المغناطيسي,clinic,33.522521289016595,36.29454259275261,OpenStreetMap,unvalidated_public_osm,0.04084424,-0.10658631,0.029377637,0.036571704,0.030987442,0.059237663,50.0,built_up,0.7306344396344396,0.45,1.0,0.5164657749999999,0.341244726,0.5,0.8,0.6274176276000001,medium,62.7,Medium,0000000000000000037f_0,0.17466667,0.215,-0.029377637,0.2663,0.21795,0.23283334,0.23898333,0.2454,0.2511,0.2206,"{""geodesic"":false,""type"":""Point"",""coordinates"":[36.29454259275261,33.522521289016595]}"
osm_897,مشفى الأماني الحديثة,clinic,33.52270095207342,36.295081581923085,OpenStreetMap,unvalidated_public_osm,0.09654038,-0.16977152,0.06342866,0.09346094,0.0794038,0.042671155,50.0,built_up,0.832928451178451,0.45,0.88364905,0.6744288,0.27314268,0.5,0.8,0.6231122905000002,medium,62.3,Medium,00000000000000000380_0,0.18806666,0.2362,-0.06342866,0.3328,0.2459,0.26996666,0.27956668,0.2742,0.2931,0.2596,"{""geodesic"":false,""type"":""Point"",""coordinates"":[36.295081581923085,33.52270095207342]}"
osm_898,عيادات الياسمين لطب الاسنان,clinic,33.52288061513024,36.29310528829802,OpenStreetMap,unvalidated_public_osm,0.08677072,-0.20370907,-0.11935552,0.057505134,0.056390967,0.16224214,50.0,built_up,0.4947202982202981,0.45,0.9080731999999999,0.7592726750000001,0.63871104,0.5,0.8,0.6827439390000001,medium,68.3,Medium,00000000000000000381_0,0.1084,0.1374,0.11935552,0.2077,0.2013,0.2213,0.2286,0.17453334,0.264,0.2287,"{""geodesic"":false,""type"":""Point"",""coordinates"":[36.29310528829802,33.52288061513024]}"
osm_899,Life Line Clinic,clinic,33.499165091629486,36.25250143745582,OpenStreetMap,unvalidated_public_osm,0.18626802,-0.24906717,0.017670518,0.1472339,0.13258015,0.058401156,50.0,built_up,0.8047138047138046,0.45,0.6593299499999999,0.8726679249999999,0.36465896400000003,0.5,0.8,0.6158319689,medium,61.6,Medium,00000000000000000382_0,0.1256,0.161,-0.017670518,0.2678,0.1926,0.22,0.22785,0.1837,0.2585,0.2179,"{""geodesic"":false,""type"":""Point"",""coordinates"":[36.25250143745582,33.499165091629486]}"
osm_901,المركزالتخصصي للعناية الطبية,clinic,33.50401599416373,36.25106413300123,OpenStreetMap,unvalidated_public_osm,0.09058836,-0.18640353,-0.065092176,0.06719121,0.060127094,0.10677181,50.0,built_up,0.8482616642616646,0.45,0.8985291000000001,0.716008825,0.530184352,0.5,0.8,0.6608524752000002,medium,66.1,Medium,00000000000000000384_0,0.1282,0.1484,0.065092176,0.2164,0.1858,0.2062,0.21433334,0.18045,0.24653333,0.22325,"{""geodesic"":false,""type"":""Point"",""coordinates"":[36.25106413300123,33.50401599416373]}"
osm_902,Faour Dental Clinic,clinic,33.507249929186564,36.25717267693325,OpenStreetMap,unvalidated_public_osm,0.09042554,-0.1686461,-0.2771792,0.042390496,0.042172,0.24406998,50.0,built_up,0.5413020683020682,0.45,0.89893615,0.67161525,0.9543584,0.5,0.8,0.6944929275,medium,69.4,Medium,00000000000000000385_0,0.0714,0.0875,0.2771792,0.123,0.1496,0.1499,0.1597,0.1026,0.21733333,0.1917,"{""geodesic"":false,""type"":""Point"",""coordinates"":[36.257172676933244,33.507249929186564]}"
osm_906,LINA Dental Clinic,clinic,33.49970408079996,36.27549830872928,OpenStreetMap,unvalidated_public_osm,0.03710719,-0.13367002,-0.017855685,0.033878323,0.029909784,0.09779062,50.0,built_up,0.8757275132275133,0.45,1.0,0.58417505,0.43571137000000004,0.5,0.8,0.650406147,medium,65.0,Medium,00000000000000000389_0,0.18513334,0.23013334,0.017855685,0.30115,0.24765,0.2493,0.2534,0.2796,0.3121,0.2703,"{""geodesic"":false,""type"":""Point"",""coordinates"":[36.27549830872928,33.49970408079996]}"
osm_915,الفارس لطب الأسنان,clinic,33.5293484851759,36.32239036656032,OpenStreetMap,unvalidated_public_osm,0.08319946,-0.1692094,0.07789024,0.081441395,0.0692143,0.03804644,50.0,built_up,0.8344359066859064,0.45,0.9170013499999999,0.6730235000000001,0.24421952000000002,0.5,0.8,0.6282769895,medium,62.8,Medium,00000000000000000392_0,0.1946,0.2396,-0.07789024,0.3372,0.25355,0.2791,0.28235,0.2854,0.28846666,0.2495,"{""geodesic"":false,""type"":""Point"",""coordinates"":[36.32239036656032,33.5293484851759]}"
osm_916,العيادة السنية التخصصية در.انجيلا جورج خوري,clinic,33.532762083255555,36.32113272516255,OpenStreetMap,unvalidated_public_osm,0.06134302,-0.18572587,-0.11447607,0.03262549,0.032688595,0.153747,50.0,built_up,0.48822234247234236,0.45,0.97164245,0.7143146749999999,0.62895214,0.5,0.8,0.6886687615,medium,68.9,Medium,00000000000000000393_0,0.0836,0.1004,0.11447607,0.1462,0.1198,0.13495,0.14145,0.1293,0.184,0.1526,"{""geodesic"":false,""type"":""Point"",""coordinates"":[36.32113272516255,33.532762083255555]}"
osm_918,Lotus Beauty Clinic,clinic,33.5300671374032,36.31735980096925,OpenStreetMap,unvalidated_public_osm,0.2637874,-0.33298293,0.023956936,0.15902264,0.14868915,0.03728693,10.0,tree_cover,0.5774718614718615,0.2,0.4655315,1.0,0.352086128,0.5,0.8,0.5165914878,medium,51.7,Medium,00000000000000000395_0,0.0809,0.095175,-0.023956936,0.1902,0.1331,0.17026667,0.1811,0.1108,0.1813,0.147,"{""geodesic"":false,""type"":""Point"",""coordinates"":[36.31735980096925,33.5300671374032]}"
osm_919,Syrian Arab Red Crescent,clinic,33.52737219155084,36.32059373599208,OpenStreetMap,unvalidated_public_osm,0.37727457,-0.43773744,-0.13815789,0.18696646,0.1872742,0.15339063,20.0,shrubland,0.482935185185185,0.5,0.1818135750000001,1.0,0.67631578,0.5,0.8,0.5680849717500001,medium,56.8,Medium,00000000000000000396_0,0.0513,0.0666,0.13815789,0.1703,0.15055,0.1866,0.1986,0.077,0.2249,0.1805,"{""geodesic"":false,""type"":""Point"",""coordinates"":[36.320593735992084,33.52737219155084]}"
osm_925,مركز السابع من نيسان الصحي-مستوصف,clinic,33.53024680046002,36.31664114874196,OpenStreetMap,unvalidated_public_osm,0.115396485,-0.18961722,0.038269512,0.09933596,0.085216,0.046500746,50.0,built_up,0.7873214285714286,0.45,0.8365087875,0.72404305,0.323460976,0.5,0.8,0.6262819044750001,medium,62.6,Medium,0000000000000000039c_0,0.1532,0.1842,-0.038269512,0.2704,0.2144,0.252,0.260975,0.21445,0.25046667,0.208075,"{""geodesic"":false,""type"":""Point"",""coordinates"":[36.31664114874196,33.53024680046002]}"
osm_926,الدكتور انطوان يوسف قسيس,clinic,33.52862983294861,36.316102159571486,OpenStreetMap,unvalidated_public_osm,0.055306382,-0.15623973,-0.10959771,0.034748282,0.03325342,0.14486939,50.0,built_up,0.6601942039442041,0.45,0.9867340450000001,0.6405993249999999,0.61919542,0.5,0.8,0.6767229182500001,medium,67.7,Medium,0000000000000000039d_0,0.1058,0.1288,0.10959771,0.1765,0.14385,0.176,0.1886,0.158,0.21995,0.1673,"{""geodesic"":false,""type"":""Point"",""coordinates"":[36.316102159571486,33.52862983294861]}"
osm_927,DUO Clinic,clinic,33.52701286543719,36.31448519206007,OpenStreetMap,unvalidated_public_osm,0.07072903,-0.15730667,-0.031972483,0.047407176,0.04495158,0.10191085,50.0,built_up,0.4324466089466091,0.45,0.9481774249999999,0.643266675,0.463944966,0.5,0.8,0.6520921878499999,medium,65.2,Medium,0000000000000000039e_0,0.1134,0.1433,0.031972483,0.1968,0.1599,0.18035,0.1902,0.1708,0.2098,0.17165,"{""geodesic"":false,""type"":""Point"",""coordinates"":[36.31448519206007,33.52701286543719]}"
osm_933,Dr.Taha Kass-Hout,clinic,33.52575522403942,36.31053260480994,OpenStreetMap,unvalidated_public_osm,0.20320655,-0.30410185,-0.1384328,0.1043152,0.1064176,0.1689723,40.0,cropland,0.44090728715728733,0.35,0.6169836249999999,1.0,0.6768656,0.5,0.8,0.6319324662500001,medium,63.2,Medium,000000000000000003a4_0,0.066175,0.0861,0.1384328,0.16135,0.1477,0.1883,0.20045,0.10685,0.2132,0.1668,"{""geodesic"":false,""type"":""Point"",""coordinates"":[36.31053260480994,33.52575522403942]}"
osm_935,عيادة الدكتور عصام الصيرفي السنية,clinic,33.545877486403704,36.31825811625337,OpenStreetMap,unvalidated_public_osm,0.020648971,-0.07644445,-0.053166535,0.01897607,0.015083114,0.08685294,50.0,built_up,0.8411931216931215,0.45,1.0,0.441111125,0.50633307,0.5,0.8,0.628855532,medium,62.9,Medium,000000000000000003a6_0,0.1794,0.2078,0.053166535,0.2422,0.2372,0.2338,0.23906666,0.2324,0.2694,0.2389,"{""geodesic"":false,""type"":""Point"",""coordinates"":[36.31825811625337,33.545877486403704]}"
osm_936,مستشفى العيون الجراحي,clinic,33.54749445391512,36.30693934367346,OpenStreetMap,unvalidated_public_osm,0.047699854,-0.16650915,0.062374927,0.047668293,0.043719508,0.072985545,50.0,built_up,0.9343531746031746,0.45,1.0,0.6662728749999999,0.27525014600000003,0.5,0.8,0.6507795896000002,medium,65.1,Medium,000000000000000003a7_0,0.2254,0.294,-0.062374927,0.41146666,0.3387,0.3475,0.3546,0.374,0.36315,0.317,"{""geodesic"":false,""type"":""Point"",""coordinates"":[36.30693934367346,33.54749445391512]}"
osm_937,عيادةالنور لطب الأسنان,clinic,33.52234162595977,36.31376653983277,OpenStreetMap,unvalidated_public_osm,0.059404537,-0.15365706,-0.031038243,0.04828369,0.043291967,0.09841102,50.0,built_up,0.8407085137085136,0.45,0.9764886575,0.6341426499999999,0.462076486,0.5,0.8,0.6571583429750001,medium,65.7,Medium,000000000000000003a8_0,0.1507,0.1836,0.031038243,0.25026667,0.2194,0.2411,0.2439,0.2222,0.2663,0.2354,"{""geodesic"":false,""type"":""Point"",""coordinates"":[36.31376653983277,33.52234162595977]}"
osm_938,AL NQAA' MEDICAL SERVICES - N.M.S,clinic,33.521802636789296,36.31376653983277,OpenStreetMap,unvalidated_public_osm,0.09205847,-0.19550171,-0.003155698,0.0794842,0.06946929,0.07736358,50.0,built_up,0.9140871813371814,0.45,0.894853825,0.738754275,0.40631139600000005,0.5,0.8,0.6520954508500001,medium,65.2,Medium,000000000000000003a9_0,0.1586,0.186,0.003155698,0.2764,0.22595,0.2604,0.2755,0.2298,0.27815,0.24005,"{""geodesic"":false,""type"":""Point"",""coordinates"":[36.31376653983277,33.521802636789296]}"
osm_939,العيادة المتطورة,clinic,33.52306027818707,36.31304788760548,OpenStreetMap,unvalidated_public_osm,0.1390216,-0.20134388,0.021841167,0.10960623,0.097551875,0.057003777,50.0,built_up,0.792111111111111,0.45,0.777446,0.7533597,0.35631766600000003,0.5,0.8,0.6206652066,medium,62.1,Medium,000000000000000003aa_0,0.13225,0.1664,-0.021841167,0.2503,0.1843,0.2178,0.2238,0.1892,0.2396,0.2068,"{""geodesic"":false,""type"":""Point"",""coordinates"":[36.31304788760548,33.52306027818707]}"
osm_943,Health Care Centre,clinic,33.52216196290295,36.31861744236702,OpenStreetMap,unvalidated_public_osm,0.11312673,-0.20809405,-0.10020366,0.0798705,0.07509198,0.13917263,50.0,built_up,0.8206190476190476,0.45,0.842183175,0.770235125,0.60040732,0.5,0.8,0.6646335507500001,medium,66.5,Medium,000000000000000003ae_0,0.1162,0.1448,0.10020366,0.2209,0.22475,0.2409,0.2508,0.176,0.2701,0.2432,"{""geodesic"":false,""type"":""Point"",""coordinates"":[36.31861744236702,33.52216196290295]}"
osm_944,WAHBEH Dental Esthetic Clinic,clinic,33.52054499539153,36.31753946402608,OpenStreetMap,unvalidated_public_osm,0.07817525,-0.16530274,-0.16536012,0.051527075,0.048462782,0.17475152,50.0,built_up,0.7900072150072148,0.45,0.9295618750000001,0.6632568499999999,0.73072024,0.5,0.8,0.6781138627500001,medium,67.8,Medium,000000000000000003af_0,0.1104,0.136,0.16536012,0.18986666,0.20525,0.2127,0.21235,0.16233334,0.2651,0.2343,"{""geodesic"":false,""type"":""Point"",""coordinates"":[36.317539464026076,33.52054499539153]}"
osm_945,عيادة جراحة البدانة السورية,clinic,33.51838903870964,36.3170004748556,OpenStreetMap,unvalidated_public_osm,0.06542737,-0.15739456,-0.019621003,0.057331756,0.051349286,0.09731741,50.0,built_up,0.9344113756613756,0.45,0.961431575,0.6434863999999999,0.439242006,0.5,0.8,0.6529793743500001,medium,65.3,Medium,000000000000000003b0_0,0.1687,0.2128,0.019621003,0.2923,0.25255,0.2596,0.2639,0.2564,0.304,0.2676,"{""geodesic"":false,""type"":""Point"",""coordinates"":[36.317000474855604,33.51838903870964]}"
osm_949,دكتور كريكور برسكان,clinic,33.51928735399377,36.3170004748556,OpenStreetMap,unvalidated_public_osm,0.05735002,-0.15854101,-0.24402024,0.033483423,0.032486923,0.22713909,50.0,built_up,0.696536158286158,0.45,0.9816249499999999,0.646352525,0.88804048,0.5,0.8,0.7034807905,medium,70.3,Medium,000000000000000003b4_0,0.0959,0.1165,0.24402024,0.1604,0.20535,0.2031,0.1984,0.143,0.26395,0.2201,"{""geodesic"":false,""type"":""Point"",""coordinates"":[36.317000474855604,33.51928735399377]}"
osm_950,Seif Beauty Clinic,clinic,33.52234162595977,36.31628182262831,OpenStreetMap,unvalidated_public_osm,0.2613592,-0.32940406,-0.0069707986,0.15775903,0.15353611,0.072628945,10.0,tree_cover,0.6158316498316497,0.2,0.47160199999999997,1.0,0.4139415972,0.5,0.8,0.52429465972,medium,52.4,Medium,000000000000000003b5_0,0.07775,0.1024,0.0069707986,0.203,0.1455,0.1921,0.1998,0.118875,0.20585,0.1707,"{""geodesic"":false,""type"":""Point"",""coordinates"":[36.316281822628305,33.52234162595977]}"
osm_951,الدكتور جورج الحداد,clinic,33.52090432150518,36.31592249651466,OpenStreetMap,unvalidated_public_osm,0.02538073,-0.12954333,-0.076981656,0.020266179,0.018503305,0.13017945,50.0,built_up,0.8324894179894178,0.45,1.0,0.573858325,0.553963312,0.5,0.8,0.6601679962,medium,66.0,Medium,000000000000000003b6_0,0.1526,0.1868,0.076981656,0.2424,0.2358,0.2351,0.23625,0.2304,0.28283334,0.25655,"{""geodesic"":false,""type"":""Point"",""coordinates"":[36.31592249651466,33.52090432150518]}"
osm_952,عيادة ابتسامتي,clinic,33.54264355138087,36.30604102838935,OpenStreetMap,unvalidated_public_osm,0.074433655,-0.18202047,-0.01611412,0.058997046,0.055510856,0.10260438,50.0,built_up,0.8812089947089945,0.45,0.9389158625,0.7050511749999999,0.43222824000000004,0.5,0.8,0.6589620246250001,medium,65.9,Medium,000000000000000003b7_0,0.14386667,0.1838,0.01611412,0.2656,0.2042,0.2218,0.2363,0.2288,0.2743,0.2371,"{""geodesic"":false,""type"":""Point"",""coordinates"":[36.306041028389345,33.54264355138087]}"
osm_953,مستوصف هالة بنت خويلد,clinic,33.54192489915358,36.30442406087793,OpenStreetMap,unvalidated_public_osm,0.0913838,-0.18109427,-0.12976001,0.068369076,0.06268316,0.15375195,50.0,built_up,0.7038544973544973,0.45,0.8965405,0.7027356749999999,0.65952002,0.5,0.8,0.6706342620000001,medium,67.1,Medium,000000000000000003b8_0,0.1294,0.1594,0.12976001,0.2299,0.2347,0.2439,0.2481,0.1914,0.29846,0.2745,"{""geodesic"":false,""type"":""Point"",""coordinates"":[36.30442406087793,33.54192489915358]}"
osm_955,Alura Beauty Clinic&Care,clinic,33.51982634316423,36.31592249651466,OpenStreetMap,unvalidated_public_osm,0.06741838,-0.15037018,-0.100957714,0.051902473,0.04629448,0.13081267,50.0,built_up,0.8962962962962958,0.45,0.95645405,0.62592545,0.6019154280000001,0.5,0.8,0.6644901453000001,medium,66.4,Medium,000000000000000003ba_0,0.13806666,0.1664,0.100957714,0.2253,0.227275,0.2309,0.2351,0.19684,0.2759,0.24665,"{""geodesic"":false,""type"":""Point"",""coordinates"":[36.31592249651466,33.51982634316423]}"
osm_959,مستوصف برازي الطبي,clinic,33.53797231190345,36.29975282140051,OpenStreetMap,unvalidated_public_osm,0.037679087,-0.15245579,-0.051269587,0.032164518,0.029991534,0.12684031,50.0,built_up,0.842009259259259,0.45,1.0,0.631139475,0.502539174,0.5,0.8,0.6664818124,medium,66.6,Medium,000000000000000003be_0,0.1693,0.2157,0.051269587,0.2933,0.278,0.2784,0.2815,0.272,0.325,0.2918,"{""geodesic"":false,""type"":""Point"",""coordinates"":[36.29975282140051,33.53797231190345]}"
osm_960,مركز الشام لطب الأسنان,clinic,33.51820937565282,36.31484451817372,OpenStreetMap,unvalidated_public_osm,0.13578922,-0.18178637,-0.0575636,0.10073609,0.08687924,0.08683473,50.0,built_up,0.8668198653198654,0.45,0.7855269500000001,0.7044659249999999,0.5151272,0.5,0.8,0.6287876425000001,medium,62.9,Medium,000000000000000003bf_0,0.12295,0.146225,0.0575636,0.2112,0.183175,0.211,0.2204,0.1607,0.237,0.2094,"{""geodesic"":false,""type"":""Point"",""coordinates"":[36.314844518173715,33.51820937565282]}"
osm_961,عيادة الأصبحي التخصصية لطب وتقويم الأسنان,clinic,33.49934475468631,36.2959798972072,OpenStreetMap,unvalidated_public_osm,0.07028752,-0.20154501,-0.110498354,0.048342645,0.04730399,0.15940814,50.0,built_up,0.4857267917267919,0.45,0.9492812,0.753862525,0.6209967080000001,0.5,0.8,0.6901924758000002,medium,69.0,Medium,000000000000000003c0_0,0.11648333,0.1447,0.110498354,0.21775,0.2167,0.232525,0.2335,0.18915,0.27185,0.242375,"{""geodesic"":false,""type"":""Point"",""coordinates"":[36.295979897207204,33.49934475468631]}"
osm_963,مجمع العثمان الطبي الخيري,clinic,33.52683320238037,36.29418326663897,OpenStreetMap,unvalidated_public_osm,0.04720802,-0.14374103,-0.06356288,0.048926454,0.042290993,0.12518595,50.0,built_up,0.9076097883597884,0.45,1.0,0.609352575,0.52712576,0.5,0.8,0.6645830910000001,medium,66.5,Medium,000000000000000003c2_0,0.2292,0.290625,0.06356288,0.3882,0.406,0.4148,0.4172,0.3532,0.4409,0.3627,"{""geodesic"":false,""type"":""Point"",""coordinates"":[36.29418326663897,33.52683320238037]}"
osm_965,مركز الزهراء الطبي,clinic,33.52683320238037,36.29490191886626,OpenStreetMap,unvalidated_public_osm,0.11556443,-0.18188252,0.025326164,0.10605035,0.094466664,0.06991275,50.0,built_up,0.8707288359788358,0.45,0.836088925,0.7047063,0.349347672,0.5,0.8,0.62489825845,medium,62.5,Medium,000000000000000003c4_0,0.1722,0.2312,-0.025326164,0.334,0.28765,0.31265,0.3221,0.2648,0.3175,0.2752,"{""geodesic"":false,""type"":""Point"",""coordinates"":[36.29490191886626,33.52683320238037]}"
osm_966,مركز الرعاية النفسية الشاملة د.محمد الشقيري,clinic,33.526294213209894,36.295081581923085,OpenStreetMap,unvalidated_public_osm,0.385022,-0.43824336,-0.022995668,0.23765068,0.23396787,0.07844492,10.0,tree_cover,0.43838720538720555,0.2,0.1624450000000001,1.0,0.445991336,0.5,0.8,0.45021038360000004,low,45.0,Low,000000000000000003c5_0,0.06465,0.0921,0.022995668,0.2358,0.1765,0.2158,0.2326,0.1047,0.2469,0.20735,"{""geodesic"":false,""type"":""Point"",""coordinates"":[36.295081581923085,33.526294213209894]}"
osm_967,Damas Clinic,clinic,33.525395897925776,36.29454259275261,OpenStreetMap,unvalidated_public_osm,0.1331336,-0.25611052,-0.048692167,0.092846386,0.09084218,0.120502576,50.0,built_up,0.587095238095238,0.45,0.7921659999999999,0.8902762999999999,0.49738433400000004,0.5,0.8,0.6658351934,medium,66.6,Medium,000000000000000003c6_0,0.1101,0.14,0.048692167,0.2364,0.1874,0.2263,0.2365,0.18085,0.2606,0.2188,"{""geodesic"":false,""type"":""Point"",""coordinates"":[36.29454259275261,33.525395897925776]}"
osm_968,مركز الجميل د.بشير زريق,clinic,33.52503657181213,36.29472225580944,OpenStreetMap,unvalidated_public_osm,0.17279321,-0.28107074,-0.07238925,0.11816815,0.11517948,0.12936611,50.0,built_up,0.644642857142857,0.45,0.693016975,0.9526768499999999,0.5447785,0.5,0.8,0.6582674637500001,medium,65.8,Medium,000000000000000003c7_0,0.102,0.1316,0.07238925,0.2345,0.206175,0.2388,0.2509,0.1654,0.2711,0.22625,"{""geodesic"":false,""type"":""Point"",""coordinates"":[36.29472225580944,33.52503657181213]}"
osm_970,AlKaram Dental,clinic,33.52431791958483,36.29939349528686,OpenStreetMap,unvalidated_public_osm,0.49411035,-0.52274644,-0.003514573,0.29096085,0.29066375,0.057327613,10.0,tree_cover,0.4038443500943502,0.2,0.0,1.0,0.407029146,0.5,0.8,0.4057029146,low,40.6,Low,000000000000000003c9_0,0.048133332,0.07553333,0.003514573,0.241,0.17583333,0.22735,0.24006666,0.0816,0.2427,0.201425,"{""geodesic"":false,""type"":""Point"",""coordinates"":[36.29939349528686,33.52431791958483]}"
osm_971,عيادة الدكتور ابراهيم بركات لطب الاسنان,clinic,33.546416475574176,36.32436666018538,OpenStreetMap,unvalidated_public_osm,0.09038408,-0.2561544,-0.16974492,0.05212585,0.055476796,0.21581855,60.0,bare_sparse_vegetation,0.4545784030784033,0.85,0.8990398,0.8903859999999999,0.7394898400000001,0.5,0.8,0.836786134,high,83.7,High,000000000000000003ca_0,0.08435,0.1118,0.16974492,0.1888,0.19553334,0.2215,0.2247,0.1575,0.266,0.23035,"{""geodesic"":false,""type"":""Point"",""coordinates"":[36.32436666018538,33.546416475574176]}"
osm_972,العيادة الاستشارية العينية د.أزهر النايف,clinic,33.52162297373248,36.29975282140051,OpenStreetMap,unvalidated_public_osm,0.3121387,-0.38133872,0.041184902,0.21365687,0.21241257,0.052892018,10.0,tree_cover,0.5248822751322753,0.2,0.34465325,1.0,0.31763019600000003,0.5,0.8,0.4829263321,low,48.3,Low,000000000000000003cb_0,0.0817,0.122,-0.041184902,0.2724,0.19065,0.2525,0.2695,0.1428,0.25085,0.2029,"{""geodesic"":false,""type"":""Point"",""coordinates"":[36.29975282140051,33.52162297373248]}"
osm_974,الدكتور رضوان عبد الرحيم تجميل الانف,clinic,33.54767411697194,36.31861744236702,OpenStreetMap,unvalidated_public_osm,0.10863989,-0.19117649,-0.058310613,0.08621277,0.078751564,0.114034094,50.0,built_up,0.9334349446849448,0.45,0.8534002749999999,0.727941225,0.516621226,0.5,0.8,0.65060043635,medium,65.1,Medium,000000000000000003cd_0,0.1382,0.176,0.058310613,0.2592,0.2457,0.2641,0.2717,0.2084,0.2913,0.2553,"{""geodesic"":false,""type"":""Point"",""coordinates"":[36.31861744236702,33.54767411697194]}"
osm_975,عيادة الدكتور بسام الايوبي,clinic,33.54713512780147,36.32400733407174,OpenStreetMap,unvalidated_public_osm,0.24681623,-0.3417446,-0.12782808,0.14235248,0.14714387,0.1728389,20.0,shrubland,0.3014960317460318,0.5,0.507959425,1.0,0.65565616,0.5,0.8,0.6475554722500001,medium,64.8,Medium,000000000000000003ce_0,0.0695,0.10086667,0.12782808,0.2056,0.1971,0.21615,0.222925,0.1242,0.26586667,0.2181,"{""geodesic"":false,""type"":""Point"",""coordinates"":[36.32400733407174,33.54713512780147]}"
osm_978,Ghnowa Jaroug Clinic,clinic,33.52449758264166,36.29651888637768,OpenStreetMap,unvalidated_public_osm,0.4875105,-0.5056818,0.06554078,0.31389484,0.30427417,0.0022447824,10.0,tree_cover,0.5983115680615679,0.2,0.0,1.0,0.26891844,0.5,0.8,0.39189184400000004,low,39.2,Low,000000000000000003d1_0,0.05725,0.087,-0.06554078,0.265,0.17265,0.2534,0.2675,0.0913,0.2324,0.1876,"{""geodesic"":false,""type"":""Point"",""coordinates"":[36.296518886377676,33.52449758264166]}"
osm_986,مركز النحاس لطب الأسنان,clinic,33.520185669277886,36.301010462798274,OpenStreetMap,unvalidated_public_osm,0.05010226,-0.15070029,-0.07048308,0.034759175,0.032989234,0.12754455,50.0,built_up,0.6639592352092353,0.45,0.99974435,0.626750725,0.54096616,0.5,0.8,0.6693828485,medium,66.9,Medium,000000000000000003d9_0,0.1214,0.1516,0.07048308,0.2054,0.1911,0.1983,0.2021,0.1858,0.23655,0.2084,"{""geodesic"":false,""type"":""Point"",""coordinates"":[36.301010462798274,33.520185669277886]}"
osm_987,مشفى هشام سنان,clinic,33.53294174631238,36.29813585388909,OpenStreetMap,unvalidated_public_osm,0.080147944,-0.17583893,-0.1666072,0.048000578,0.04730712,0.18604827,50.0,built_up,0.6466189273689275,0.45,0.9246301400000001,0.689597325,0.7332144,0.5,0.8,0.68239844,medium,68.2,Medium,000000000000000003da_0,0.0955,0.1228,0.1666072,0.1752,0.18316667,0.20375,0.2118,0.1492,0.24525,0.2146,"{""geodesic"":false,""type"":""Point"",""coordinates"":[36.29813585388909,33.53294174631238]}"
osm_990,Jabban Dental Clinic,clinic,33.518928027880115,36.309454626469,OpenStreetMap,unvalidated_public_osm,0.2321339,-0.31159806,0.05254128,0.16011545,0.15439704,0.045492683,10.0,tree_cover,0.4013627946127947,0.2,0.54466525,1.0,0.29491744000000003,0.5,0.8,0.5306580565000001,medium,53.1,Medium,000000000000000003dd_0,0.0959,0.1288,-0.05254128,0.2454,0.1674,0.2175,0.22995,0.15293333,0.2209,0.185325,"{""geodesic"":false,""type"":""Point"",""coordinates"":[36.309454626469,33.518928027880115]}"
osm_992,مشفى الغزالي,clinic,33.51946701705059,36.30658001755982,OpenStreetMap,unvalidated_public_osm,0.07659606,-0.15471698,-0.1836372,0.04887014,0.046592157,0.18863757,50.0,built_up,0.756168710918711,0.45,0.93350985,0.63679245,0.7672744,0.5,0.8,0.6774633925,medium,67.7,Medium,000000000000000003df_0,0.1056,0.1344,0.1836372,0.1836,0.1849,0.2035,0.2103,0.157475,0.2662,0.216,"{""geodesic"":false,""type"":""Point"",""coordinates"":[36.30658001755982,33.51946701705059]}"
osm_995,مشفى الهلال,clinic,33.520365332334705,36.3101732786963,OpenStreetMap,unvalidated_public_osm,0.056715887,-0.17517443,0.021711353,0.049541328,0.046601515,0.090883985,50.0,built_up,0.85685582010582,0.45,0.9832102825,0.6879360749999999,0.35657729400000004,0.5,0.8,0.6590475150249999,medium,65.9,Medium,000000000000000003e2_0,0.1734,0.2246,-0.021711353,0.32,0.2701,0.2914,0.3029,0.28565,0.3064,0.279875,"{""geodesic"":false,""type"":""Point"",""coordinates"":[36.3101732786963,33.520365332334705]}"
osm_996,المشفى السوري التخصصي لأمراض جهاز الهضم,clinic,33.520365332334705,36.30963428952583,OpenStreetMap,unvalidated_public_osm,0.08115543,-0.13460842,-0.14912046,0.05203739,0.04476479,0.12836406,50.0,built_up,0.6933352573352575,0.45,0.9221114250000001,0.58652105,0.69824092,0.5,0.8,0.65765615825,medium,65.8,Medium,000000000000000003e3_0,0.11,0.1199,0.14912046,0.1572,0.1473,0.1693,0.1763,0.1336,0.2123,0.177525,"{""geodesic"":false,""type"":""Point"",""coordinates"":[36.309634289525825,33.520365332334705]}"
osm_1001,مركز باربينا للتجميل,clinic,33.52880949600543,36.29328495135485,OpenStreetMap,unvalidated_public_osm,0.16431095,-0.25047433,-0.0017672604,0.12767708,0.117128454,0.076558076,50.0,built_up,0.8406706349206351,0.45,0.714222625,0.8761858250000001,0.4035345208,0.5,0.8,0.6341462733300001,medium,63.4,Medium,000000000000000003e8_0,0.1256,0.158,0.0017672604,0.2636,0.23,0.24863334,0.2553,0.1892,0.26453334,0.2351,"{""geodesic"":false,""type"":""Point"",""coordinates"":[36.29328495135485,33.52880949600543]}"
osm_1002,مجمع الميسات الطبي,clinic,33.52791118072131,36.29238663607073,OpenStreetMap,unvalidated_public_osm,0.2,-0.26541853,-0.011612907,0.13806777,0.13012457,0.07918867,50.0,built_up,0.5070945165945164,0.45,0.625,0.913546325,0.42322581400000003,0.5,0.8,0.6212818464000001,medium,62.1,Medium,000000000000000003e9_0,0.1016,0.1334,0.011612907,0.2298,0.18325,0.2174,0.22733334,0.1532,0.2352,0.19805,"{""geodesic"":false,""type"":""Point"",""coordinates"":[36.29238663607073,33.52791118072131]}"
osm_1008,مركز أديب اللحام,clinic,33.488924297390525,36.29166798384343,OpenStreetMap,unvalidated_public_osm,0.010134798,-0.029792367,0.07008563,0.01528711,0.008747094,-0.0054948432,50.0,built_up,0.9299443241943239,0.45,1.0,0.3244809175,0.25982874,0.5,0.8,0.5808790575,medium,58.1,Medium,000000000000000003ef_0,0.2975,0.3224,-0.07008563,0.3422,0.3067,0.3101,0.3079,0.33533335,0.297375,0.26113334,"{""geodesic"":false,""type"":""Point"",""coordinates"":[36.29166798384343,33.488924297390525]}"
osm_1012,مشفى المهايني الحديث,clinic,33.4887446343337,36.29472225580944,OpenStreetMap,unvalidated_public_osm,0.047088612,-0.11935048,-0.10330623,0.035796773,0.031173188,0.12388125,50.0,built_up,0.8421790524290522,0.45,1.0,0.5483762,0.60661246,0.5,0.8,0.6603364860000001,medium,66.0,Medium,000000000000000003f3_0,0.13826667,0.1627,0.10330623,0.2068,0.20568334,0.2133,0.2234,0.1882,0.25445,0.2248,"{""geodesic"":false,""type"":""Point"",""coordinates"":[36.29472225580944,33.4887446343337]}"
osm_1013,مستوصف مي زيادة المدرسي,clinic,33.49161924324288,36.2966985494345,OpenStreetMap,unvalidated_public_osm,0.053763434,-0.13792817,0.012583466,0.05317128,0.045612507,0.07840794,50.0,built_up,0.9517182539682544,0.45,0.990591415,0.594820425,0.37483306800000005,0.5,0.8,0.64409524555,medium,64.4,Medium,000000000000000003f4_0,0.20605,0.25985,-0.012583466,0.343,0.286775,0.307525,0.3029,0.308,0.334475,0.313875,"{""geodesic"":false,""type"":""Point"",""coordinates"":[36.2966985494345,33.49161924324288]}"
osm_1019,مخبر الدكتور علي سعيد للتحاليل الطبية,clinic,33.58055245637072,36.35778398875463,OpenStreetMap,unvalidated_public_osm,0.052238815,-0.17360286,-0.01992178,0.052360225,0.04702496,0.10906919,50.0,built_up,0.9098769841269843,0.45,0.9944029625,0.68400715,0.43984356,0.5,0.8,0.6693865266250001,medium,66.9,Medium,000000000000000003fa_0,0.2209,0.278,0.01992178,0.3948,0.3444,0.34705,0.3551,0.3556,0.41085,0.35535,"{""geodesic"":false,""type"":""Point"",""coordinates"":[36.357783988754626,33.58055245637072]}"
osm_1022,مركز العيادات التخصصية,clinic,33.58037279331389,36.36227556517522,OpenStreetMap,unvalidated_public_osm,0.051485945,-0.143898,-0.10125225,0.043361742,0.037737753,0.13148424,50.0,built_up,0.8914057239057235,0.45,0.9962851375,0.609745,0.6025045,0.5,0.8,0.671270734375,medium,67.1,Medium,000000000000000003fd_0,0.159,0.188,0.10125225,0.2512,0.2396,0.2561,0.2533,0.2266,0.3078,0.261,"{""geodesic"":false,""type"":""Point"",""coordinates"":[36.362275565175224,33.58037279331389]}"
osm_1025,مشفى المهايني القديمة,clinic,33.48712766682229,36.29562057109356,OpenStreetMap,unvalidated_public_osm,0.059778366,-0.20539676,-0.09851299,0.040005013,0.04131013,0.17052802,60.0,bare_sparse_vegetation,0.4906468253968255,0.85,0.975554085,0.7634919000000001,0.59702598,0.5,0.8,0.81628949925,high,81.6,High,00000000000000000400_0,0.1114,0.1492,0.09851299,0.22633334,0.1863,0.1993,0.2101,0.2008,0.2758,0.2327,"{""geodesic"":false,""type"":""Point"",""coordinates"":[36.29562057109356,33.48712766682229]}"
osm_1027,عيادات الجزماتية التخصصية,clinic,33.49521250437936,36.29813585388909,OpenStreetMap,unvalidated_public_osm,0.044408124,-0.100915015,-0.081357695,0.04228256,0.03427408,0.1102162,50.0,built_up,0.9261256613756611,0.45,1.0,0.5022875375,0.56271539,0.5,0.8,0.6467290465,medium,64.7,Medium,00000000000000000402_0,0.18726666,0.226,0.081357695,0.27673334,0.28848,0.2936,0.29835,0.2532,0.32575,0.3033,"{""geodesic"":false,""type"":""Point"",""coordinates"":[36.29813585388909,33.49521250437936]}"
osm_1039,علاء الدين بيوتي كلينك,clinic,33.484612384026754,36.3049630500484,OpenStreetMap,unvalidated_public_osm,0.089280725,-0.17921525,-0.10446386,0.059523817,0.055814773,0.13740996,50.0,built_up,0.8362863155363156,0.45,0.9017981875,0.6980381250000001,0.6089277200000001,0.5,0.8,0.6659499438750001,medium,66.6,Medium,0000000000000000040e_0,0.1108,0.13545,0.10446386,0.1946,0.1633,0.1748,0.17735,0.1627,0.24,0.21176666,"{""geodesic"":false,""type"":""Point"",""coordinates"":[36.3049630500484,33.484612384026754]}"
osm_1044,مشفى التل,clinic,33.61630540467867,36.30855631118488,OpenStreetMap,unvalidated_public_osm,0.045346808,-0.14226519,-0.052488368,0.042533632,0.037999816,0.12100792,50.0,built_up,0.9478359788359787,0.45,1.0,0.605662975,0.504976736,0.5,0.8,0.6616302686,medium,66.2,Medium,00000000000000000413_0,0.1942,0.2484,0.052488368,0.3308,0.2703,0.2755,0.2827,0.3021,0.36745,0.3234,"{""geodesic"":false,""type"":""Point"",""coordinates"":[36.30855631118488,33.61630540467867]}"
osm_1059,OSM site 1059,clinic,33.52000600622106,36.30981395258264,OpenStreetMap,unvalidated_public_osm,0.067340605,-0.13428828,-0.007927995,0.055207364,0.049201142,0.08407144,50.0,built_up,0.8352640692640693,0.45,0.9566484875,0.5857207,0.41585599,0.5,0.8,0.6378918608749999,medium,63.8,Medium,00000000000000000422_0,0.1512,0.1934,0.007927995,0.2534,0.21256667,0.2322,0.2422,0.221425,0.25745,0.2198,"{""geodesic"":false,""type"":""Point"",""coordinates"":[36.309813952582644,33.52000600622106]}"
osm_1060,العيادة العينية د.عبد اللطيف عبدالله,clinic,33.51982634316423,36.30244776725287,OpenStreetMap,unvalidated_public_osm,0.20960432,-0.2756808,0.06597462,0.16005902,0.14742953,0.03237632,50.0,built_up,0.46141594516594503,0.45,0.6009892,0.9392020000000001,0.26805076000000005,0.5,0.8,0.604892776,medium,60.5,Medium,00000000000000000423_0,0.1158,0.1516,-0.06597462,0.267,0.1901,0.2117,0.2162,0.17446667,0.23395,0.2043,"{""geodesic"":false,""type"":""Point"",""coordinates"":[36.302447767252865,33.51982634316423]}"
osm_1074,مشفى المجد,clinic,33.47347327450367,36.28789505965013,OpenStreetMap,unvalidated_public_osm,0.047029004,-0.13979153,0.013677474,0.049169708,0.041398115,0.07787043,50.0,built_up,0.9757777777777779,0.45,1.0,0.5994788249999999,0.37264505200000003,0.5,0.8,0.6471602702000001,medium,64.7,Medium,00000000000000000431_0,0.2272,0.2806,-0.013677474,0.3718,0.3192,0.32595,0.32465,0.3384,0.36176667,0.341,"{""geodesic"":false,""type"":""Point"",""coordinates"":[36.28789505965013,33.47347327450367]}"
osm_1077,جمعية تنظيم الاسرة,clinic,33.503477004993265,36.30963428952583,OpenStreetMap,unvalidated_public_osm,0.16385077,-0.22132318,-0.0232204,0.1314401,0.11517614,0.07694136,50.0,built_up,0.8732843915343913,0.45,0.715373075,0.8033079500000001,0.4464408,0.5,0.8,0.6241489387500001,medium,62.4,Medium,00000000000000000434_0,0.1318,0.1636,0.0232204,0.2566,0.2288,0.25935,0.2642,0.18435,0.2688,0.23795,"{""geodesic"":false,""type"":""Point"",""coordinates"":[36.309634289525825,33.503477004993265]}"
osm_1081,مركز شفا التخصصي لطب الأسنان,clinic,33.49970408079996,36.30083079974145,OpenStreetMap,unvalidated_public_osm,0.07849577,-0.15918899,-0.27898464,0.042209815,0.041672032,0.25205612,50.0,built_up,0.6155901875901876,0.45,0.928760575,0.647972475,0.95796928,0.5,0.8,0.69758156675,medium,69.8,Medium,00000000000000000438_0,0.0842,0.10713334,0.27898464,0.1477,0.20426667,0.2087,0.2183,0.1262,0.262,0.2454,"{""geodesic"":false,""type"":""Point"",""coordinates"":[36.30083079974145,33.49970408079996]}"
osm_1084,مشفى العباسيين,clinic,33.52198229984612,36.32167171433302,OpenStreetMap,unvalidated_public_osm,0.13522537,-0.22038767,-0.12220309,0.07853403,0.07598499,0.14744155,50.0,built_up,0.4135556758056758,0.45,0.7869365749999999,0.800969175,0.64440618,0.5,0.8,0.66136859675,medium,66.1,Medium,0000000000000000043b_0,0.0877,0.1086,0.12220309,0.17,0.1764,0.1928,0.19976667,0.1295,0.21733333,0.185325,"{""geodesic"":false,""type"":""Point"",""coordinates"":[36.32167171433302,33.52198229984612]}"
osm_1085,وحدة الاسنان,clinic,33.51856870176647,36.28052887432035,OpenStreetMap,unvalidated_public_osm,0.07439824,-0.15836036,-0.08106211,0.052083332,0.047134932,0.11575719,50.0,built_up,0.7002492784992785,0.45,0.9390044,0.6459009,0.5621242200000001,0.5,0.8,0.660143702,medium,66.0,Medium,0000000000000000043c_0,0.1208,0.1427,0.08106211,0.1964,0.1679,0.20655,0.2167,0.1692,0.23105,0.1917,"{""geodesic"":false,""type"":""Point"",""coordinates"":[36.28052887432035,33.51856870176647]}"
osm_1090,مشفى المليحة,clinic,33.48820564516323,36.37898422945985,OpenStreetMap,unvalidated_public_osm,0.005756384,-0.08279623,0.041239556,0.007164959,0.0054800473,0.058913168,50.0,built_up,0.9338253968253967,0.45,1.0,0.456990575,0.317520888,0.5,0.8,0.6131502038000001,medium,61.3,Medium,00000000000000000441_0,0.3044,0.37,-0.041239556,0.4368,0.368,0.36295,0.3582,0.4318,0.4022,0.35935,"{""geodesic"":false,""type"":""Point"",""coordinates"":[36.37898422945985,33.48820564516323]}"
osm_1091,مشفى الصفا,clinic,33.48443272096993,36.37898422945985,OpenStreetMap,unvalidated_public_osm,0.024182063,-0.1232449,-0.15912412,0.02125796,0.019201797,0.18058732,50.0,built_up,0.7519137806637803,0.45,1.0,0.55811225,0.7182482400000001,0.5,0.8,0.6734472739999999,medium,67.3,Medium,00000000000000000442_0,0.178,0.2248,0.15912412,0.288,0.3613,0.3571,0.3605,0.2744,0.397,0.3681,"{""geodesic"":false,""type"":""Point"",""coordinates"":[36.37898422945985,33.48443272096993]}"
osm_1097,مشفى الفاتح,clinic,33.51030420115257,36.3703604027323,OpenStreetMap,unvalidated_public_osm,0.071531184,-0.15016961,0.062224135,0.07727161,0.062447764,0.042082556,50.0,built_up,0.9135853313353312,0.45,0.9461720400000001,0.625424025,0.27555173,0.5,0.8,0.6291829880000002,medium,62.9,Medium,00000000000000000448_0,0.2268,0.2756,-0.062224135,0.373,0.27335,0.27865,0.29305,0.3232,0.3293,0.2942,"{""geodesic"":false,""type"":""Point"",""coordinates"":[36.3703604027323,33.51030420115257]}"
osm_1099,Charm Beauty Clinic,clinic,33.51928735399377,36.29202730995708,OpenStreetMap,unvalidated_public_osm,0.027110765,-0.12396693,-0.05505078,0.022625895,0.020661155,0.12163132,50.0,built_up,0.8354060846560846,0.45,1.0,0.559917325,0.5101015600000001,0.5,0.8,0.652993621,medium,65.3,Medium,0000000000000000044a_0,0.1634,0.2067,0.05505078,0.2652,0.24015,0.2411,0.2437,0.2512,0.2961,0.2738,"{""geodesic"":false,""type"":""Point"",""coordinates"":[36.29202730995708,33.51928735399377]}"
osm_1100,مشفى الدكتور عبد الرحمن عفان,clinic,33.52198229984612,36.29328495135485,OpenStreetMap,unvalidated_public_osm,0.0562237,-0.13938215,-0.06730387,0.043428794,0.03964105,0.12025664,50.0,built_up,0.8099676527176526,0.45,0.98444075,0.598455375,0.53460774,0.5,0.8,0.6592620365000001,medium,65.9,Medium,0000000000000000044b_0,0.1406,0.1769,0.06730387,0.2342,0.2143,0.2246,0.2242,0.20926666,0.268,0.22765,"{""geodesic"":false,""type"":""Point"",""coordinates"":[36.29328495135485,33.52198229984612]}"
osm_1101,مركز باسل الأسد الطبي,clinic,33.52216196290295,36.29418326663897,OpenStreetMap,unvalidated_public_osm,0.050193068,-0.15037593,-0.07008544,0.04081065,0.036327895,0.118165635,50.0,built_up,0.8261082251082248,0.45,0.99951733,0.625939825,0.54017088,0.5,0.8,0.6690843855000002,medium,66.9,Medium,0000000000000000044c_0,0.15196666,0.1808,0.07008544,0.2448,0.21656667,0.2381,0.2493,0.2214,0.2817,0.2414,"{""geodesic"":false,""type"":""Point"",""coordinates"":[36.29418326663897,33.52216196290295]}"
osm_1103,مشفى الراضي,clinic,33.48407339485628,36.35203477093626,OpenStreetMap,unvalidated_public_osm,0.089400224,-0.20308268,-0.050858613,0.0719621,0.06901572,0.12754308,50.0,built_up,0.8964854497354497,0.45,0.90149944,0.7577067,0.501717226,0.5,0.8,0.6670879226000002,medium,66.7,Medium,0000000000000000044e_0,0.1454,0.1913,0.050858613,0.2888,0.27715,0.2774,0.2829,0.2414,0.31975,0.29255,"{""geodesic"":false,""type"":""Point"",""coordinates"":[36.352034770936264,33.48407339485628]}"
osm_1106,مشفى الرعاية الخاصة,clinic,33.49161924324288,36.3425126289246,OpenStreetMap,unvalidated_public_osm,0.088893704,-0.19002375,-0.06998329,0.06712179,0.063899584,0.13187812,50.0,built_up,0.8527563732563733,0.45,0.90276574,0.7250593750000001,0.53996658,0.5,0.8,0.6646999680000001,medium,66.5,Medium,00000000000000000451_0,0.1313,0.1705,0.06998329,0.2505,0.2344,0.23875,0.2451,0.2096,0.2882,0.25385,"{""geodesic"":false,""type"":""Point"",""coordinates"":[36.342512628924595,33.49161924324288]}"
osm_1121,مشفى الحريري,clinic,33.46592742611706,36.32167171433302,OpenStreetMap,unvalidated_public_osm,0.083672546,-0.19382164,-0.16165148,0.06451838,0.058904693,0.17442882,50.0,built_up,0.6213202260702261,0.45,0.9158186349999999,0.7345541,0.72330296,0.5,0.8,0.68819577475,medium,68.8,Medium,00000000000000000460_0,0.1362,0.1618,0.16165148,0.2396,0.2783,0.2876,0.29565,0.2026,0.332,0.30005,"{""geodesic"":false,""type"":""Point"",""coordinates"":[36.32167171433302,33.46592742611706]}"
osm_1123,مركز يلدا الصحي,clinic,33.46700540445801,36.32472598629903,OpenStreetMap,unvalidated_public_osm,0.2621137,-0.32798073,-0.037252642,0.22071226,0.20123023,0.09385726,50.0,built_up,0.546943732193732,0.45,0.46971575,1.0,0.474505284,0.5,0.8,0.6048794659000001,medium,60.5,Medium,00000000000000000462_0,0.12465,0.1674,0.037252642,0.3308,0.2935,0.3339,0.34895,0.1934,0.3564,0.30736667,"{""geodesic"":false,""type"":""Point"",""coordinates"":[36.32472598629903,33.46700540445801]}"
osm_1126,مستوصف الشهيد كايد سليماني,clinic,33.467724056685306,36.302268104196045,OpenStreetMap,unvalidated_public_osm,0.04907762,-0.14481056,-0.09100505,0.043786097,0.039363485,0.14020203,50.0,built_up,0.8052433862433861,0.45,1.0,0.6120264,0.5820101,0.5,0.8,0.67060629,medium,67.1,Medium,00000000000000000465_0,0.1774,0.22515,0.09100505,0.3014,0.2955,0.2962,0.2981,0.2732,0.36175,0.3287,"{""geodesic"":false,""type"":""Point"",""coordinates"":[36.302268104196045,33.467724056685306]}"
osm_1137,عيادة جراحة الفم وزراعة الأسنان للدكتور علاء ياسين,clinic,33.47544956812873,36.30729866978711,OpenStreetMap,unvalidated_public_osm,0.05098284,-0.11988658,-0.065155014,0.05275875,0.04325924,0.11157056,50.0,built_up,0.9385052910052911,0.45,0.9975428999999999,0.5497164499999999,0.530310028,0.5,0.8,0.6523600178,medium,65.2,Medium,00000000000000000470_0,0.2164,0.26893333,0.065155014,0.3422,0.3258,0.3277,0.3306,0.309,0.3899,0.3708,"{""geodesic"":false,""type"":""Point"",""coordinates"":[36.30729866978711,33.47544956812873]}"
osm_1139,مشفى الباسل سابقا,clinic,33.47347327450367,36.30658001755982,OpenStreetMap,unvalidated_public_osm,0.066617005,-0.162206,-0.05162143,0.057988822,0.051763996,0.11315584,50.0,built_up,0.9266177248677249,0.45,0.9584574874999999,0.655515,0.5032428600000001,0.5,0.8,0.661041657875,medium,66.1,Medium,00000000000000000472_0,0.1664,0.2066,0.05162143,0.2866,0.2471,0.2812,0.29255,0.2508,0.3178,0.2883,"{""geodesic"":false,""type"":""Point"",""coordinates"":[36.30658001755982,33.47347327450367]}"
osm_1146,د.وداد الخليلي (أمراض نسائية),clinic,33.52593488709625,36.281247526547645,OpenStreetMap,unvalidated_public_osm,0.08616637,-0.17701578,-0.033025578,0.067416124,0.062467724,0.104960404,50.0,built_up,0.8808304473304472,0.45,0.909584075,0.6925394500000001,0.466051156,0.5,0.8,0.65250902435,medium,65.3,Medium,00000000000000000479_0,0.1389,0.1776,0.033025578,0.254,0.22593333,0.2387,0.2415,0.2137,0.27135,0.2395,"{""geodesic"":false,""type"":""Point"",""coordinates"":[36.281247526547645,33.52593488709625]}"
osm_1148,د.ثواب الغبرة أخصائية التغذية,clinic,33.523239941243894,36.27244403676328,OpenStreetMap,unvalidated_public_osm,0.08073007,-0.18926227,-0.1809264,0.05544038,0.052280646,0.1885327,50.0,built_up,0.588729918229918,0.45,0.923174825,0.7231556750000001,0.7618528,0.5,0.8,0.6916101212500001,medium,69.2,Medium,0000000000000000047b_0,0.116,0.13993333,0.1809264,0.20526667,0.2376,0.2447,0.24595,0.1746,0.29595,0.26345,"{""geodesic"":false,""type"":""Point"",""coordinates"":[36.272444036763275,33.523239941243894]}"
osm_1150,مشفى الحكمة,clinic,33.52198229984612,36.27675595012705,OpenStreetMap,unvalidated_public_osm,0.14129202,-0.20815837,0.04406428,0.12401353,0.10899553,0.049354434,50.0,built_up,0.8022658730158728,0.45,0.7717699499999999,0.770395925,0.31187144,0.5,0.8,0.6182088164999999,medium,61.8,Medium,0000000000000000047d_0,0.1544,0.198,-0.04406428,0.3021,0.23253334,0.2625,0.2736,0.2273,0.2766,0.23785,"{""geodesic"":false,""type"":""Point"",""coordinates"":[36.27675595012705,33.52198229984612]}"
osm_1156,مستوصف الدحاديل,clinic,33.48227676428804,36.28304415711588,OpenStreetMap,unvalidated_public_osm,0.07653865,-0.16928028,-0.0442856,0.06776468,0.0596251,0.10536572,50.0,built_up,0.959820105820106,0.45,0.933653375,0.6732007000000001,0.48857120000000004,0.5,0.8,0.6569106037500001,medium,65.7,Medium,00000000000000000483_0,0.16826667,0.2066,0.0442856,0.2908,0.26,0.2635,0.271,0.24945,0.31775,0.2985,"{""geodesic"":false,""type"":""Point"",""coordinates"":[36.28304415711588,33.48227676428804]}"
osm_1162,مستشفى النهضة,clinic,34.73362995506653,36.734896745028,OpenStreetMap,unvalidated_public_osm,0.019076925,-0.085901625,0.046280216,0.020071223,0.016173914,0.053372923,50.0,built_up,0.8976639009139008,0.45,1.0,0.4647540625,0.30743956800000005,0.5,0.8,0.6136947693000001,medium,61.4,Medium,00000000000000000489_0,0.2266,0.2788,-0.046280216,0.3312,0.2537,0.2525,0.256,0.3188,0.3019,0.2959,"{""geodesic"":false,""type"":""Point"",""coordinates"":[36.734896745028,34.73362995506653]}"
osm_1163,مستوصف العباسيين,clinic,34.738660520657604,36.736693375596246,OpenStreetMap,unvalidated_public_osm,0.036080193,-0.12857836,-0.11785342,0.028351428,0.02560591,0.14768453,50.0,built_up,0.8018620731120728,0.45,1.0,0.5714459,0.63570684,0.5,0.8,0.667859864,medium,66.8,Medium,0000000000000000048a_0,0.147,0.1796,0.11785342,0.2326,0.23966667,0.2402,0.24563333,0.2164,0.29475,0.29533333,"{""geodesic"":false,""type"":""Point"",""coordinates"":[36.736693375596246,34.738660520657604]}"
osm_1174,مركز الأرمن الطبي,clinic,34.726263769736754,36.744059560926026,OpenStreetMap,unvalidated_public_osm,0.0807327,-0.22209434,-0.038914014,0.06439046,0.06552864,0.13941862,50.0,built_up,0.696196682946683,0.45,0.92316825,0.8052358500000001,0.477828028,0.5,0.8,0.6796220353,medium,68.0,Medium,00000000000000000495_0,0.1462,0.2028,0.038914014,0.3186,0.26495,0.2797,0.2897,0.271,0.3444,0.3112,"{""geodesic"":false,""type"":""Point"",""coordinates"":[36.744059560926026,34.726263769736754]}"
osm_1177,الدكتور عماد ابراهيم طب اسنان,clinic,34.72877905253229,36.74244259341461,OpenStreetMap,unvalidated_public_osm,0.029673578,-0.10450928,-0.13277104,0.021780156,0.01990269,0.15485664,50.0,built_up,0.8186481481481479,0.45,1.0,0.5112732,0.66554208,0.5,0.8,0.6588088480000001,medium,65.9,Medium,00000000000000000498_0,0.1344,0.1688,0.13277104,0.2082,0.20355,0.21216667,0.2079,0.1962,0.27195,0.27583334,"{""geodesic"":false,""type"":""Point"",""coordinates"":[36.74244259341461,34.72877905253229]}"
osm_1179,مكتب الشماس للتمريض,clinic,34.72859938947546,36.74262225647144,OpenStreetMap,unvalidated_public_osm,0.04067086,-0.12920836,-0.03452299,0.03298198,0.029785058,0.10392145,50.0,built_up,0.7440378787878785,0.45,1.0,0.5730208999999999,0.46904598000000003,0.5,0.8,0.651508778,medium,65.2,Medium,0000000000000000049a_0,0.1534,0.1914,0.03452299,0.2482,0.2062,0.2121,0.2172,0.2288,0.26595,0.2606,"{""geodesic"":false,""type"":""Point"",""coordinates"":[36.742622256471435,34.72859938947546]}"
osm_1186,عيادة الدكتور محمد الخضر,clinic,34.73596557480524,36.74531720232379,OpenStreetMap,unvalidated_public_osm,0.24508151,-0.30294114,-0.10685487,0.16347344,0.15283945,0.13115662,10.0,tree_cover,0.36890881340881343,0.2,0.5122962249999999,1.0,0.61370974,0.5,0.8,0.5544450302500001,medium,55.4,Medium,000000000000000004a1_0,0.0925,0.1185,0.10685487,0.2215,0.2034,0.220425,0.23058334,0.1343,0.2745,0.266,"{""geodesic"":false,""type"":""Point"",""coordinates"":[36.74531720232379,34.73596557480524]}"
osm_1208,مشفى الأهرام التخصصي,clinic,34.703626224576944,36.72573392912999,OpenStreetMap,unvalidated_public_osm,0.048850548,-0.11038678,-0.072090074,0.043913033,0.036162864,0.10403354,50.0,built_up,0.8628029100529098,0.45,1.0,0.5259669499999999,0.544180148,0.5,0.8,0.6496114048000001,medium,65.0,Medium,000000000000000004b7_0,0.1721,0.2047,0.072090074,0.2555,0.22715,0.22683333,0.233325,0.2317,0.2952,0.2889,"{""geodesic"":false,""type"":""Point"",""coordinates"":[36.72573392912999,34.703626224576944]}"
osm_1223,مركز الليزر والجراحة التجميلية,clinic,34.715124660213675,36.723937298561744,OpenStreetMap,unvalidated_public_osm,0.07534599,-0.17141265,-0.14611313,0.052231394,0.04953944,0.16991642,50.0,built_up,0.7997215007215006,0.45,0.936635025,0.6785316250000001,0.69222626,0.5,0.8,0.6790877072499999,medium,67.9,Medium,000000000000000004c6_0,0.118,0.1484,0.14611313,0.2098,0.2178,0.2197,0.21893333,0.1804,0.2816,0.2686,"{""geodesic"":false,""type"":""Point"",""coordinates"":[36.723937298561744,34.715124660213675]}"
osm_1225,مشفى المالك,clinic,34.711711062134015,36.72124235270939,OpenStreetMap,unvalidated_public_osm,0.031156655,-0.093212694,-0.03049757,0.02773874,0.022609966,0.07858654,50.0,built_up,0.6851397306397307,0.45,1.0,0.483031735,0.46099514,0.5,0.8,0.632705861,medium,63.3,Medium,000000000000000004c8_0,0.1717,0.2004,0.03049757,0.2416,0.2049,0.2034,0.2066,0.227,0.2568,0.2503,"{""geodesic"":false,""type"":""Point"",""coordinates"":[36.72124235270939,34.711711062134015]}"
osm_1229,مستوصف وادي الذهب,clinic,34.6973380175881,36.7311238208347,OpenStreetMap,unvalidated_public_osm,0.14368117,-0.2537185,-0.062389143,0.113127306,0.108672656,0.12944171,50.0,built_up,0.8895595238095236,0.45,0.765797075,0.8842962500000001,0.524778286,0.5,0.8,0.66078634735,medium,66.1,Medium,000000000000000004cc_0,0.131,0.1731,0.062389143,0.2908,0.2468,0.2639,0.2739,0.21773334,0.3295,0.305,"{""geodesic"":false,""type"":""Point"",""coordinates"":[36.7311238208347,34.6973380175881]}"
osm_1234,مستشفى الرعاية الطبية,clinic,34.73327062895289,36.70686930816348,OpenStreetMap,unvalidated_public_osm,0.056812458,-0.13437667,-0.113641135,0.042360164,0.037758958,0.13563795,50.0,built_up,0.8776367243867241,0.45,0.982968855,0.5859416749999999,0.62728227,0.5,0.8,0.6656587757500001,medium,66.6,Medium,000000000000000004d1_0,0.1336,0.1604,0.113641135,0.2102,0.2209,0.2223,0.2199,0.1876,0.2641,0.2386,"{""geodesic"":false,""type"":""Point"",""coordinates"":[36.706869308163476,34.73327062895289]}"
osm_1236,المركز العيني التخصصي,clinic,34.717460279952384,36.71172021069772,OpenStreetMap,unvalidated_public_osm,0.030593907,-0.14304723,-0.1619512,0.0182091,0.018358547,0.19272074,50.0,built_up,0.6720710308210306,0.45,1.0,0.607618075,0.7239024000000001,0.5,0.8,0.6839138550000001,medium,68.4,Medium,000000000000000004d3_0,0.0988,0.1288,0.1619512,0.1718,0.1693,0.1706,0.1729,0.1616,0.2382,0.2149,"{""geodesic"":false,""type"":""Point"",""coordinates"":[36.71172021069772,34.717460279952384]}"
osm_1237,مشفى المحطة,clinic,34.727701074191344,36.70435402536794,OpenStreetMap,unvalidated_public_osm,0.08995672,-0.18524022,-0.00787729,0.06711523,0.06309232,0.09209715,50.0,built_up,0.8194058441558443,0.45,0.9001082,0.71310055,0.41575458000000004,0.5,0.8,0.649222618,medium,64.9,Medium,000000000000000004d4_0,0.1289,0.1645,0.00787729,0.2393,0.1896,0.2188,0.22685,0.1998,0.2431,0.2132,"{""geodesic"":false,""type"":""Point"",""coordinates"":[36.70435402536794,34.727701074191344]}"
osm_1238,مستشفى فركوح,clinic,34.729857030873234,36.705611666765705,OpenStreetMap,unvalidated_public_osm,0.04683197,-0.13977204,-0.1232118,0.030819444,0.029548096,0.1573096,50.0,built_up,0.790878066378066,0.45,1.0,0.5994301,0.6464236,0.5,0.8,0.6745283800000001,medium,67.5,Medium,000000000000000004d5_0,0.1132,0.1434,0.1232118,0.19,0.1891,0.1953,0.1969,0.173,0.2434,0.2281,"{""geodesic"":false,""type"":""Point"",""coordinates"":[36.705611666765705,34.729857030873234]}"
osm_1240,مشفى الشاوي,clinic,34.73255197672559,36.70633031899301,OpenStreetMap,unvalidated_public_osm,0.16966581,-0.23893805,0.14429426,0.18665159,0.14112616,-0.030513443,50.0,built_up,0.6270251322751323,0.45,0.7008354750000001,0.8473451249999999,0.11141148000000001,0.5,0.8,0.59581904175,medium,59.6,Medium,000000000000000004d7_0,0.2,0.2236,-0.14429426,0.364,0.2256,0.2741,0.2988,0.2584,0.2722,0.2301,"{""geodesic"":false,""type"":""Point"",""coordinates"":[36.706330318993004,34.73255197672559]}"
osm_1243,مركز المحطة الطبي,clinic,34.723209497770746,36.70453368842477,OpenStreetMap,unvalidated_public_osm,0.084391356,-0.19407897,-0.10755991,0.05801021,0.056393493,0.15469682,50.0,built_up,0.5991408128908129,0.45,0.91402161,0.735197425,0.61511982,0.5,0.8,0.6770568695000001,medium,67.7,Medium,000000000000000004da_0,0.1147,0.147,0.10755991,0.2178,0.22205,0.23445,0.237,0.1839,0.2703,0.24085,"{""geodesic"":false,""type"":""Point"",""coordinates"":[36.70453368842477,34.723209497770746]}"
osm_1244,مستوصف كرم الشامي,clinic,34.71943657357745,36.71046256929996,OpenStreetMap,unvalidated_public_osm,0.03187066,-0.10703667,-0.08909278,0.024838004,0.022186488,0.12735012,50.0,built_up,0.7782055074555074,0.45,1.0,0.517591675,0.57818556,0.5,0.8,0.6513368910000001,medium,65.1,Medium,000000000000000004db_0,0.1456,0.1802,0.08909278,0.2234,0.2091,0.2087,0.2136,0.2096,0.2671,0.248,"{""geodesic"":false,""type"":""Point"",""coordinates"":[36.710462569299956,34.71943657357745]}"
osm_1248,مشفى بيسان,clinic,34.70775847488389,36.70579132982253,OpenStreetMap,unvalidated_public_osm,0.02609552,-0.11028237,-0.112625085,0.019207075,0.017545797,0.14360444,50.0,built_up,0.8157468734968734,0.45,1.0,0.5257059249999999,0.62525017,0.5,0.8,0.6576662019999999,medium,65.8,Medium,000000000000000004df_0,0.1354,0.167,0.112625085,0.2084,0.2196,0.2183,0.2209,0.1978,0.2613,0.2308,"{""geodesic"":false,""type"":""Point"",""coordinates"":[36.70579132982253,34.70775847488389]}"
osm_1253,HOMS HOSPITAINER,clinic,34.70560251820201,36.69932345977687,OpenStreetMap,unvalidated_public_osm,0.11843538,-0.20766525,-0.20124157,0.061380807,0.06320064,0.21615118,50.0,built_up,0.38502573352573355,0.45,0.8289115499999999,0.769163125,0.8024831400000001,0.5,0.8,0.6813088265,medium,68.1,Medium,000000000000000004e4_0,0.0737,0.1013,0.20124157,0.1544,0.16505,0.19515,0.20285,0.1217,0.2322,0.19155,"{""geodesic"":false,""type"":""Point"",""coordinates"":[36.69932345977687,34.70560251820201]}"
osm_1257,مستوصف القصور,clinic,34.74530805376009,36.71225919986819,OpenStreetMap,unvalidated_public_osm,0.103228405,-0.22207506,-0.090595484,0.08040734,0.07756041,0.1492391,50.0,built_up,0.5952674362674363,0.45,0.8669289874999999,0.8051876499999999,0.581190968,0.5,0.8,0.675888873675,medium,67.6,Medium,000000000000000004e8_0,0.1355,0.1762,0.090595484,0.2768,0.26145,0.2742,0.27975,0.225,0.33195,0.3067,"{""geodesic"":false,""type"":""Point"",""coordinates"":[36.71225919986819,34.74530805376009]}"
osm_1262,مشفى الحارث للعيون,clinic,34.76075907664694,36.72034403742527,OpenStreetMap,unvalidated_public_osm,0.37381086,-0.43169558,0.026874416,0.23829058,0.23372987,0.046072107,10.0,tree_cover,0.5257020572020574,0.2,0.19047284999999997,1.0,0.346251168,0.5,0.8,0.44724332930000005,low,44.7,Low,000000000000000004ed_0,0.0687,0.09745,-0.026874416,0.2455,0.16665,0.2079,0.2256,0.1119,0.23265,0.2006,"{""geodesic"":false,""type"":""Point"",""coordinates"":[36.72034403742527,34.76075907664694]}"
osm_1264,مشفى الوليد للأطفال,clinic,34.744230075419146,36.67740456684435,OpenStreetMap,unvalidated_public_osm,0.02944096,-0.10472131,-0.033540387,0.029644934,0.02417165,0.092082314,50.0,built_up,0.9798730158730158,0.45,1.0,0.5118032749999999,0.46708077400000003,0.5,0.8,0.6390687324,medium,63.9,Medium,000000000000000004ef_0,0.2094,0.2522,0.033540387,0.3112,0.302,0.3149,0.3168,0.2934,0.3328,0.3047,"{""geodesic"":false,""type"":""Point"",""coordinates"":[36.67740456684435,34.744230075419146]}"
osm_1286,مشفى الاندلس الجامعي,clinic,34.73398928118018,36.666984109548565,OpenStreetMap,unvalidated_public_osm,0.015828356,-0.0916651,-0.10518978,0.016576424,0.012633357,0.11666667,50.0,built_up,0.953718253968254,0.45,1.0,0.47916274999999997,0.61037956,0.5,0.8,0.646870506,medium,64.7,Medium,00000000000000000505_0,0.2147,0.2403,0.10518978,0.2888,0.3151,0.3153,0.31385,0.2798,0.3567,0.3348,"{""geodesic"":false,""type"":""Point"",""coordinates"":[36.666984109548565,34.73398928118018]}"
osm_1305,Dr Jalal Hilal clinic,clinic,34.72141286720251,36.691777611390265,OpenStreetMap,unvalidated_public_osm,0.097183876,-0.19160418,-0.1150206,0.061599847,0.06123869,0.16135822,50.0,built_up,0.5973736171236171,0.45,0.8820403099999999,0.72901045,0.6300412,0.5,0.8,0.6693162875,medium,66.9,Medium,00000000000000000518_0,0.10015,0.1348,0.1150206,0.1987,0.2073,0.2231,0.22535,0.1635,0.25035,0.20435,"{""geodesic"":false,""type"":""Point"",""coordinates"":[36.691777611390265,34.72141286720251]}"
osm_1310,مركز شهير الطبي,clinic,34.72374848694122,36.69141828527662,OpenStreetMap,unvalidated_public_osm,0.27964038,-0.36585367,0.12739272,0.23494789,0.216607,-0.00630982,50.0,built_up,0.3619660894660895,0.45,0.42589904999999995,1.0,0.14521456000000005,0.5,0.8,0.5609962185,medium,56.1,Medium,0000000000000000051d_0,0.1209,0.1586,-0.12739272,0.3416,0.19255,0.25925,0.27835,0.1923,0.2644,0.20995,"{""geodesic"":false,""type"":""Point"",""coordinates"":[36.69141828527662,34.72374848694122]}"
osm_1312,اميسا دنتال,clinic,34.721053541088864,36.69590986169722,OpenStreetMap,unvalidated_public_osm,0.24116126,-0.3061101,-0.04679912,0.152183,0.14842553,0.103520446,10.0,tree_cover,0.4870186017686019,0.2,0.5220968500000001,1.0,0.49359824,0.5,0.8,0.5448840365000001,medium,54.5,Medium,0000000000000000051f_0,0.08395,0.1147,0.04679912,0.2159,0.17525,0.1951,0.2043,0.132,0.2371,0.198,"{""geodesic"":false,""type"":""Point"",""coordinates"":[36.69590986169722,34.721053541088864]}"
osm_1324,مشفى مؤسسة الشهيد,clinic,34.70075161566776,36.71711010240244,OpenStreetMap,unvalidated_public_osm,0.12325582,-0.23076923,0.011650761,0.11350556,0.107070714,0.09303073,50.0,built_up,0.7091349206349206,0.45,0.81686045,0.8269230750000001,0.376698478,0.5,0.8,0.6472695753000002,medium,64.7,Medium,0000000000000000052b_0,0.1771,0.2415,-0.011650761,0.3864,0.30795,0.3259,0.33335,0.3016,0.3775,0.34455,"{""geodesic"":false,""type"":""Point"",""coordinates"":[36.71711010240244,34.70075161566776]}"
osm_1335,دكتور نفسية البير,clinic,33.52288061513024,36.2891527010479,OpenStreetMap,unvalidated_public_osm,0.13033381,-0.20969243,-0.12788354,0.08378429,0.079751335,0.15269804,50.0,built_up,0.47206902356902364,0.45,0.799165475,0.774231075,0.65576708,0.5,0.8,0.66021429175,medium,66.0,Medium,00000000000000000536_0,0.1005,0.1272,0.12788354,0.1947,0.1984,0.2057,0.21065,0.1498,0.2518,0.23116666,"{""geodesic"":false,""type"":""Point"",""coordinates"":[36.2891527010479,33.52288061513024]}"
osm_1336,مشفى ابن رشد للأمراض النفسية,clinic,33.53096545268732,36.32364800795808,OpenStreetMap,unvalidated_public_osm,0.1651437,-0.30013302,-0.028489387,0.10263882,0.10657513,0.1209359,40.0,cropland,0.5650370370370371,0.35,0.71214075,1.0,0.45697877400000003,0.5,0.8,0.6337330649000001,medium,63.4,Medium,00000000000000000537_0,0.08625,0.1184,0.028489387,0.21995,0.1688,0.2035,0.2141,0.1576,0.23285,0.1946,"{""geodesic"":false,""type"":""Point"",""coordinates"":[36.323648007958084,33.53096545268732]}"
osm_1337,مركز الإغاثة والتنمي أر دي سي,clinic,33.50922622281163,36.3170004748556,OpenStreetMap,unvalidated_public_osm,0.03446766,-0.16457105,-0.041228943,0.030413872,0.028356448,0.12390369,50.0,built_up,0.8487830687830686,0.45,1.0,0.6614276250000001,0.482457886,0.5,0.8,0.6705313136,medium,67.1,Medium,00000000000000000538_0,0.18035,0.22535,0.041228943,0.31413335,0.3016,0.3042,0.3079,0.2932,0.34115,0.31765,"{""geodesic"":false,""type"":""Point"",""coordinates"":[36.317000474855604,33.50922622281163]}"
osm_1338,دكتور مروان دياب,clinic,33.51946701705059,36.31340721371912,OpenStreetMap,unvalidated_public_osm,0.14180987,-0.21917807,0.028477084,0.10718615,0.09914576,0.062327225,50.0,built_up,0.6102671957671958,0.45,0.7704753249999999,0.797945175,0.34304583200000005,0.5,0.8,0.6265124494500001,medium,62.7,Medium,00000000000000000539_0,0.1239,0.1596,-0.028477084,0.2492,0.1788,0.20776667,0.21683334,0.1873,0.2354,0.19523333,"{""geodesic"":false,""type"":""Point"",""coordinates"":[36.313407213719124,33.51946701705059]}"
osm_1339,مركز الدكتور بشار خير للعلاج الفيزيائي,clinic,33.52000600622106,36.3139462028896,OpenStreetMap,unvalidated_public_osm,0.25352952,-0.2989903,0.08727146,0.21301122,0.19069697,0.0124230655,50.0,built_up,0.4966210918710922,0.45,0.4911762,0.99747575,0.22545708000000003,0.5,0.8,0.5848349079999999,medium,58.5,Medium,0000000000000000053a_0,0.126,0.1701,-0.08727146,0.3152,0.194,0.2535,0.265,0.1877,0.2646,0.21555,"{""geodesic"":false,""type"":""Point"",""coordinates"":[36.313946202889596,33.52000600622106]}"
osm_1340,مستشفى الشام الجراحي,clinic,33.521083984562004,36.28609842908189,OpenStreetMap,unvalidated_public_osm,0.09019027,-0.15588158,0.046303447,0.07885414,0.07021932,0.057918753,50.0,built_up,0.8319284511784509,0.45,0.8995243249999999,0.6397039499999999,0.307393106,0.5,0.8,0.62356118185,medium,62.4,Medium,0000000000000000053b_0,0.1632,0.2148,-0.046303447,0.29413334,0.2106,0.2548,0.27075,0.24546666,0.2681,0.2262,"{""geodesic"":false,""type"":""Point"",""coordinates"":[36.28609842908189,33.521083984562004]}"
osm_1341,عيادة دار الاشعة,clinic,33.519646680107414,36.29310528829802,OpenStreetMap,unvalidated_public_osm,0.020178452,-0.08623212,-0.13050601,0.018430294,0.014913767,0.13455111,50.0,built_up,0.8857129629629629,0.45,1.0,0.4655803,0.66101202,0.5,0.8,0.6492172620000001,medium,64.9,Medium,0000000000000000053c_0,0.17946666,0.2084,0.13050601,0.24773334,0.28495,0.2788,0.2819,0.23793334,0.3221,0.2955,"{""geodesic"":false,""type"":""Point"",""coordinates"":[36.29310528829802,33.519646680107414]}"
osm_1342,د.آصف حمدان صقر,clinic,33.51066352726622,36.25699301387642,OpenStreetMap,unvalidated_public_osm,0.12833835,-0.19305569,-0.115654044,0.08261311,0.07523453,0.12867948,50.0,built_up,0.7568902116402118,0.45,0.804154125,0.7326392249999999,0.631308088,0.5,0.8,0.6506971850500001,medium,65.1,Medium,0000000000000000053d_0,0.1032,0.1224,0.115654044,0.18096666,0.1641,0.18105,0.1871,0.1398,0.2283,0.1908,"{""geodesic"":false,""type"":""Point"",""coordinates"":[36.25699301387642,33.51066352726622]}"
osm_1349,المستشفى الوطني بالقريتين,clinic,34.23452598320973,37.23256341243022,OpenStreetMap,unvalidated_public_osm,0.084595814,-0.17998834,0.028640468,0.09690402,0.084441096,0.08137903,50.0,built_up,0.5830171125171125,0.45,0.913510465,0.6999708499999999,0.342719064,0.5,0.8,0.6426436926500001,medium,64.3,Medium,00000000000000000544_0,0.28,0.3748,-0.028640468,0.53933334,0.437,0.45755,0.4644,0.4552,0.5093,0.43895,"{""geodesic"":false,""type"":""Point"",""coordinates"":[37.23256341243022,34.23452598320973]}"
osm_1351,مستشفى الرشيد التخصصي,clinic,33.500063406913604,36.30208844113922,OpenStreetMap,unvalidated_public_osm,0.13837375,-0.18573552,-0.13012671,0.07990774,0.07457714,0.13713938,50.0,built_up,0.6053478835978837,0.45,0.779065625,0.7143388,0.6602534200000001,0.5,0.8,0.6436595082500001,medium,64.4,Medium,00000000000000000546_0,0.0894,0.1096,0.13012671,0.1596,0.1419,0.1556,0.15696667,0.1208,0.20735,0.17816667,"{""geodesic"":false,""type"":""Point"",""coordinates"":[36.30208844113922,33.500063406913604]}"
osm_1352,x dental clinic,clinic,34.730396020043706,36.70884560178854,OpenStreetMap,unvalidated_public_osm,0.048151348,-0.10067719,0.067659296,0.042872466,0.03481145,0.025622854,50.0,built_up,0.46634331409331414,0.45,1.0,0.501692975,0.26468140800000006,0.5,0.8,0.6168067358,medium,61.7,Medium,00000000000000000547_0,0.1688,0.1992,-0.067659296,0.2438,0.1618,0.1624,0.1666,0.2214,0.2129,0.1842,"{""geodesic"":false,""type"":""Point"",""coordinates"":[36.70884560178854,34.730396020043706]}"
osm_1354,مجمع عربين الطبي,clinic,33.54174523609675,36.37161804413007,OpenStreetMap,unvalidated_public_osm,0.039178688,-0.13527124,-0.18340468,0.03363186,0.028701507,0.17598882,50.0,built_up,0.8021626984126983,0.45,1.0,0.5881780999999999,0.76680936,0.5,0.8,0.684316556,medium,68.4,Medium,00000000000000000549_0,0.1645,0.1889,0.18340468,0.248,0.29635,0.2979,0.30155,0.2293,0.3594,0.33285,"{""geodesic"":false,""type"":""Point"",""coordinates"":[36.37161804413007,33.54174523609675]}"
osm_1355,مستشفى,clinic,34.50707484041159,36.29041034244567,OpenStreetMap,unvalidated_public_osm,0.32083747,-0.47870904,-0.022497425,0.21208303,0.22959265,0.12086645,20.0,shrubland,0.5634280252688587,0.5,0.322906325,1.0,0.44499485000000005,0.5,0.8,0.5802260662500001,medium,58.0,Medium,0000000000000000054a_0,0.0674,0.1062,0.022497425,0.30125,0.21906666,0.25633332,0.27875,0.1549,0.31511667,0.20383333,"{""geodesic"":false,""type"":""Point"",""coordinates"":[36.29041034244567,34.50707484041159]}"
osm_1356,Aroka Center | مركز أروكا الطبي,clinic,33.59510516397345,36.30837664812805,OpenStreetMap,unvalidated_public_osm,0.11324375,-0.18730806,-0.10726313,0.08429775,0.07722512,0.13865186,50.0,built_up,0.8520251322751323,0.45,0.8418906249999999,0.7182701499999999,0.61452626,0.5,0.8,0.65557931225,medium,65.6,Medium,0000000000000000054b_0,0.12546666,0.1588,0.10726313,0.232,0.22433333,0.23103334,0.24103333,0.1848,0.28775,0.259,"{""geodesic"":false,""type"":""Point"",""coordinates"":[36.30837664812805,33.59510516397345]}"
osm_1357,Al Shifaa Hospital,clinic,34.73165366144147,36.70758796039077,OpenStreetMap,unvalidated_public_osm,0.09216038,-0.18718493,0.037595063,0.08275565,0.079082504,0.084787294,50.0,built_up,0.8226825396825395,0.45,0.8945990500000001,0.717962325,0.32480987400000005,0.5,0.8,0.6397232149000001,medium,64.0,Medium,0000000000000000054c_0,0.1766,0.2499,-0.037595063,0.365,0.32455,0.34745,0.3483,0.3034,0.33855,0.2769,"{""geodesic"":false,""type"":""Point"",""coordinates"":[36.70758796039077,34.73165366144147]}"
osm_1358,عيادة الدكتور أيهم ميدع,clinic,33.518928027880115,36.311071593980415,OpenStreetMap,unvalidated_public_osm,0.073225565,-0.15295179,-0.033173006,0.059319127,0.05347245,0.099895656,50.0,built_up,0.9049285714285712,0.45,0.9419360875,0.632379475,0.46634601200000003,0.5,0.8,0.6485945180750001,medium,64.9,Medium,0000000000000000054d_0,0.14793333,0.187,0.033173006,0.25453332,0.2332,0.25115,0.2554,0.2198,0.272,0.2323,"{""geodesic"":false,""type"":""Point"",""coordinates"":[36.311071593980415,33.518928027880115]}"
osm_1360,OSM site 1360,clinic,33.52000600622106,36.26831178645632,OpenStreetMap,unvalidated_public_osm,0.065877914,-0.121040754,-0.024606276,0.04973003,0.042149324,0.068849705,50.0,built_up,0.5465497835497838,0.45,0.960305215,0.552601885,0.44921255200000004,0.5,0.8,0.6355179359500001,medium,63.6,Medium,0000000000000000054f_0,0.1345,0.1554,0.024606276,0.1982,0.1668,0.1832,0.1916,0.1737,0.2082,0.18183333,"{""geodesic"":false,""type"":""Point"",""coordinates"":[36.26831178645632,33.52000600622106]}"
osm_1361,OSM site 1361,clinic,33.520185669277886,36.2681321233995,OpenStreetMap,unvalidated_public_osm,0.5809128,-0.56897736,0.12694107,0.33295017,0.3193107,-0.06857365,10.0,tree_cover,0.8071773689273689,0.2,0.0,1.0,0.14611786000000004,0.5,0.8,0.37961178600000006,low,38.0,Low,00000000000000000550_0,0.0441,0.0628,-0.12694107,0.2286,0.1146,0.1884,0.2118,0.0606,0.1771,0.13606666,"{""geodesic"":false,""type"":""Point"",""coordinates"":[36.2681321233995,33.520185669277886]}"
osm_1362,المعهد التقاني الطبي,clinic,34.02593717423718,36.71711010240244,OpenStreetMap,unvalidated_public_osm,0.50885665,-0.5052209,-0.10420652,0.23469993,0.25334045,0.15187378,20.0,shrubland,0.5013257575757575,0.5,0.0,1.0,0.6084130400000001,0.5,0.8,0.5158413040000001,medium,51.6,Medium,00000000000000000551_0,0.0276,0.0616,0.10420652,0.1874,0.1317,0.18383333,0.202,0.061,0.231,0.1862,"{""geodesic"":false,""type"":""Point"",""coordinates"":[36.71711010240244,34.02593717423718]}"
osm_1363,الدكتور عمر القمحة,clinic,33.64325486320226,36.29813585388909,OpenStreetMap,unvalidated_public_osm,0.10014073,-0.23925029,-0.29017997,0.050063778,0.052980788,0.2853869,40.0,cropland,0.29059920634920644,0.35,0.8746481749999999,0.8481257249999999,0.98035994,0.5,0.8,0.69632318275,medium,69.6,Medium,00000000000000000552_0,0.069725,0.092,0.29017997,0.14986667,0.1871,0.19793333,0.2054,0.12258333,0.2724,0.2398,"{""geodesic"":false,""type"":""Point"",""coordinates"":[36.29813585388909,33.64325486320226]}"
osm_1364,الدكتور يامن الدبس,clinic,33.642715874031786,36.29759686471862,OpenStreetMap,unvalidated_public_osm,0.14104182,-0.20952117,-0.11187887,0.09631042,0.091762766,0.14723471,50.0,built_up,0.5823797498797498,0.45,0.7723954499999999,0.773802925,0.6237577400000001,0.5,0.8,0.6502352215,medium,65.0,Medium,00000000000000000553_0,0.1071,0.1428,0.11187887,0.2185,0.194875,0.21105,0.2149,0.16448334,0.27355,0.23893334,"{""geodesic"":false,""type"":""Point"",""coordinates"":[36.29759686471862,33.642715874031786]}"
osm_1367,OSM site 1367,clinic,33.97257724636047,36.661055228673376,OpenStreetMap,unvalidated_public_osm,0.03418376,-0.12823692,0.06969027,0.040602162,0.03344766,0.05590915,50.0,built_up,0.846563492063492,0.45,1.0,0.5705922999999999,0.26061946,0.5,0.8,0.630180406,medium,63.0,Medium,00000000000000000556_0,0.29715,0.3748,-0.06969027,0.48506665,0.393975,0.404225,0.413975,0.453,0.4218625,0.3502,"{""geodesic"":false,""type"":""Point"",""coordinates"":[36.661055228673376,33.97257724636047]}"
osm_1368,مشفى يبرود,clinic,33.98209938837214,36.65225173888901,OpenStreetMap,unvalidated_public_osm,0.10691822,-0.18164863,-0.03193279,0.09934096,0.08560238,0.09384219,50.0,built_up,0.9699880952380953,0.45,0.85770445,0.7041215749999999,0.46386558,0.5,0.8,0.6416369855000001,medium,64.2,Medium,00000000000000000557_0,0.1747,0.2194,0.03193279,0.3168,0.2718,0.297,0.3079,0.2556,0.3377,0.3002,"{""geodesic"":false,""type"":""Point"",""coordinates"":[36.65225173888901,33.98209938837214]}"
osm_1369,مستوصف جبعدين,clinic,33.82309758308299,36.51211455456636,OpenStreetMap,unvalidated_public_osm,0.055688594,-0.1534515,-0.10213526,0.053292677,0.046396572,0.14227116,50.0,built_up,0.78429341029341,0.45,0.985778515,0.63362875,0.60427052,0.5,0.8,0.6735974307500001,medium,67.4,Medium,00000000000000000558_0,0.19566667,0.242,0.10213526,0.32973334,0.335075,0.3358625,0.340375,0.29494584,0.40475,0.3988,"{""geodesic"":false,""type"":""Point"",""coordinates"":[36.51211455456636,33.82309758308299]}"
osm_1370,مستشفى جبعدين,clinic,33.82399589836711,36.51247388068001,OpenStreetMap,unvalidated_public_osm,0.05347422,-0.16749468,-0.19775665,0.048985098,0.04454917,0.20841654,50.0,built_up,0.643769721019721,0.45,0.99131445,0.6687367,0.7955133000000001,0.5,0.8,0.7011272825000001,medium,70.1,Medium,00000000000000000559_0,0.1864,0.2346,0.19775665,0.329,0.4039,0.4091,0.414775,0.2956,0.4912,0.465375,"{""geodesic"":false,""type"":""Point"",""coordinates"":[36.51247388068001,33.82399589836711]}"
osm_1371,مستوصف قرية التواني الصحي Al-Tawani Village Health Clinic,clinic,33.77818181887701,36.5018737603274,OpenStreetMap,unvalidated_public_osm,0.04570159,-0.13076599,0.028087724,0.049328107,0.041490097,0.072916545,50.0,built_up,0.9467936507936511,0.45,1.0,0.576914975,0.343824552,0.5,0.8,0.6397654502000001,medium,64.0,Medium,0000000000000000055a_0,0.24265,0.3081,-0.028087724,0.4008,0.30965,0.32093334,0.32625,0.36576667,0.3789,0.3514,"{""geodesic"":false,""type"":""Point"",""coordinates"":[36.5018737603274,33.77818181887701]}"
osm_1374,مشفى النور,clinic,33.56366412902927,36.39012333898293,OpenStreetMap,unvalidated_public_osm,0.3308214,-0.38891074,0.031843387,0.28875878,0.25552967,0.036659893,50.0,built_up,0.38563780663780683,0.45,0.29794650000000006,1.0,0.336313226,0.5,0.8,0.5481179476000001,medium,54.8,Medium,0000000000000000055d_0,0.1198,0.1554,-0.031843387,0.3532,0.2449,0.3037,0.3249,0.1776,0.3314,0.2765,"{""geodesic"":false,""type"":""Point"",""coordinates"":[36.39012333898293,33.56366412902927]}"
osm_1375,مشفى دوما,clinic,33.57174896658635,36.39695053514224,OpenStreetMap,unvalidated_public_osm,0.012998448,-0.06682134,-0.035249688,0.018462872,0.012572799,0.08132323,50.0,built_up,0.814116402116402,0.45,1.0,0.41705335,0.470499376,0.5,0.8,0.6204606076000001,medium,62.0,Medium,0000000000000000055e_0,0.34,0.4022,0.035249688,0.4598,0.4567,0.4557,0.45475,0.448,0.4934,0.4586,"{""geodesic"":false,""type"":""Point"",""coordinates"":[36.39695053514224,33.57174896658635]}"
osm_1376,مشفى حمدان,clinic,33.5706709882454,36.3989268287673,OpenStreetMap,unvalidated_public_osm,0.014983725,-0.10183874,-0.30817053,0.009461134,0.008550192,0.24769102,50.0,built_up,0.6865760813260812,0.45,1.0,0.50459685,1.0,0.5,0.8,0.69091937,medium,69.1,Medium,0000000000000000055f_0,0.113,0.127,0.30817053,0.1558,0.173,0.1736,0.1797,0.1512,0.2946,0.2488,"{""geodesic"":false,""type"":""Point"",""coordinates"":[36.3989268287673,33.5706709882454]}"
osm_316,المركز الثقافي العربي,community,33.5503690628243,36.30963428952583,OpenStreetMap,unvalidated_public_osm,0.038280003,-0.13597246,0.074189596,0.03976466,0.03468481,0.05773398,50.0,built_up,0.9551706349206349,0.45,1.0,0.58993115,0.25162080800000003,0.5,0.5,0.6031483108000001,medium,60.3,Medium,0000000000000000013b_0,0.2348,0.3012,-0.074189596,0.396,0.29325,0.29915,0.30713335,0.3668,0.3413,0.28975,"{""geodesic"":false,""type"":""Point"",""coordinates"":[36.309634289525825,33.5503690628243]}"
osm_594,المركز الثقافي الروسي,community,33.53096545268732,36.32239036656032,OpenStreetMap,unvalidated_public_osm,0.06335531,-0.15211421,0.19306228,0.06614808,0.058175627,0.0006125564,50.0,built_up,0.8688769841269838,0.45,0.966611725,0.630285525,0.013875440000000017,0.5,0.5,0.57909758025,medium,57.9,Medium,00000000000000000251_0,0.233,0.3088,-0.19306228,0.4196,0.2634,0.2797,0.2795,0.3696,0.2838,0.2409,"{""geodesic"":false,""type"":""Point"",""coordinates"":[36.32239036656032,33.53096545268732]}"
osm_629,المرصد الوطني للعناية بالشباب,community,33.531324778800965,36.32346834490127,OpenStreetMap,unvalidated_public_osm,0.11582593,-0.18837906,0.046072654,0.09324455,0.08342863,0.04983866,50.0,built_up,0.6887698412698411,0.45,0.835435175,0.72094765,0.30785469200000004,0.5,0.5,0.59383379295,medium,59.4,Medium,00000000000000000274_0,0.1398,0.176,-0.046072654,0.2577,0.1955,0.2276,0.2321,0.2042,0.235,0.1978,"{""geodesic"":false,""type"":""Point"",""coordinates"":[36.323468344901265,33.531324778800965]}"
osm_637,مركز بيت عنيا,community,33.48371406874263,36.35401106456133,OpenStreetMap,unvalidated_public_osm,0.0303148,-0.09297053,-0.036437962,0.028126344,0.02306327,0.087626494,50.0,built_up,0.8593134920634922,0.45,1.0,0.482426325,0.472875924,0.5,0.5,0.6037728574000001,medium,60.4,Medium,0000000000000000027c_0,0.1834,0.22,0.036437962,0.2651,0.2401,0.23355,0.2373,0.2495,0.28515,0.25565,"{""geodesic"":false,""type"":""Point"",""coordinates"":[36.35401106456133,33.48371406874263]}"
osm_780,مركز تدريب الشباب IECD,community,33.48083945983345,36.34520757477696,OpenStreetMap,unvalidated_public_osm,0.19786444,-0.26650703,0.15085103,0.18768033,0.164073,-0.0122743165,50.0,built_up,0.5500256132756131,0.45,0.6303389,0.9162675749999999,0.09829794000000003,0.5,0.5,0.560668034,medium,56.1,Medium,0000000000000000030b_0,0.1638,0.2144,-0.15085103,0.3702,0.19085,0.31125,0.35055,0.2479,0.27315,0.20495,"{""geodesic"":false,""type"":""Point"",""coordinates"":[36.34520757477696,33.48083945983345]}"
osm_784,فريق سند التنموي,community,33.492697221583825,36.28286449405906,OpenStreetMap,unvalidated_public_osm,0.077796474,-0.14295407,0.04666513,0.08080192,0.06484653,0.043882314,50.0,built_up,0.7689107281607281,0.45,0.9305088149999999,0.607385175,0.30666974,0.5,0.5,0.5947712127500001,medium,59.5,Medium,0000000000000000030f_0,0.20825,0.2527,-0.04666513,0.337,0.24685,0.296725,0.318775,0.28835,0.30695,0.2639,"{""geodesic"":false,""type"":""Point"",""coordinates"":[36.28286449405906,33.492697221583825]}"
osm_792,هارموني,community,34.72806040030499,36.72142201576621,OpenStreetMap,unvalidated_public_osm,0.08980505,-0.21698785,-0.22570391,0.050052546,0.051851396,0.23878914,60.0,bare_sparse_vegetation,0.3495168350168352,0.85,0.900487375,0.792469625,0.85140782,0.5,0.5,0.7987565507500001,high,79.9,High,00000000000000000317_0,0.08285,0.1097,0.22570391,0.1705,0.19435,0.20405,0.2042,0.1424,0.2699,0.24195,"{""geodesic"":false,""type"":""Point"",""coordinates"":[36.72142201576621,34.72806040030499]}"
osm_805,al zarha community center,community,34.738660520657604,36.73741202782354,OpenStreetMap,unvalidated_public_osm,0.05446431,-0.1115294,-0.08129131,0.044746034,0.038607612,0.11508251,50.0,built_up,0.8536107503607502,0.45,0.988839225,0.5288235,0.56258262,0.5,0.5,0.6192327682500001,medium,61.9,Medium,00000000000000000324_0,0.1525,0.1888,0.08129131,0.2362,0.2104,0.2212,0.2317,0.2118,0.278,0.27475,"{""geodesic"":false,""type"":""Point"",""coordinates"":[36.73741202782354,34.738660520657604]}"
osm_840,الجمعية الخيرية الشركسية,community,34.73812153148713,36.666984109548565,OpenStreetMap,unvalidated_public_osm,0.15854412,-0.23878628,-0.10794443,0.096966505,0.093545265,0.14045507,50.0,built_up,0.49634078884078897,0.45,0.7286397,0.8469656999999999,0.61588886,0.5,0.5,0.623141951,medium,62.3,Medium,00000000000000000347_0,0.0908,0.1154,0.10794443,0.1878,0.1723,0.1816,0.18965,0.1364,0.23325,0.21495,"{""geodesic"":false,""type"":""Point"",""coordinates"":[36.666984109548565,34.73812153148713]}"
osm_846,صالة تعازي حرنة,community,33.59582381620075,36.308196985071234,OpenStreetMap,unvalidated_public_osm,0.14210671,-0.21553887,-0.02803112,0.12911032,0.11185306,0.088491194,50.0,built_up,0.8395224867724869,0.45,0.769733225,0.788847175,0.45606224,0.5,0.5,0.60580896525,medium,60.6,Medium,0000000000000000034d_0,0.16226667,0.20345,0.02803112,0.31525,0.2972,0.3246,0.3345,0.2368,0.33343333,0.2873,"{""geodesic"":false,""type"":""Point"",""coordinates"":[36.308196985071234,33.59582381620075]}"
osm_858,المجلس الدنماركي للاجئين,community,33.517490723425524,36.28448146157048,OpenStreetMap,unvalidated_public_osm,0.11318989,-0.184669,0.034857605,0.08466867,0.078266494,0.061057873,50.0,built_up,0.5700330687830689,0.45,0.8420252749999999,0.7116724999999999,0.33028479,0.5,0.5,0.5958692977500001,medium,59.6,Medium,00000000000000000359_0,0.1262,0.1638,-0.034857605,0.238,0.1857,0.2164,0.23005,0.1896,0.22196667,0.1723,"{""geodesic"":false,""type"":""Point"",""coordinates"":[36.28448146157048,33.517490723425524]}"
osm_861,مركز تمكين الشباب,community,33.551087715051594,36.31807845319655,OpenStreetMap,unvalidated_public_osm,0.16015959,-0.23588344,-0.043861177,0.12450707,0.1161317,0.10703399,50.0,built_up,0.9396150793650795,0.45,0.7246010250000001,0.8397086,0.487722354,0.5,0.5,0.6078642116500002,medium,60.8,Medium,0000000000000000035c_0,0.12608,0.1678,0.043861177,0.2714,0.2408,0.2714,0.278,0.19646667,0.2963,0.275,"{""geodesic"":false,""type"":""Point"",""coordinates"":[36.31807845319655,33.551087715051594]}"
osm_865,اتحاد شبيبة الثورة,community,33.55198603033571,36.31556317040101,OpenStreetMap,unvalidated_public_osm,0.039477795,-0.14168659,-0.050539475,0.037245605,0.03332169,0.12120211,50.0,built_up,0.942297619047619,0.45,1.0,0.604216475,0.50107895,0.5,0.5,0.6309511900000001,medium,63.1,Medium,00000000000000000360_0,0.1978,0.2514,0.050539475,0.3344,0.3428,0.3426,0.3404,0.309,0.37,0.3428,"{""geodesic"":false,""type"":""Point"",""coordinates"":[36.31556317040101,33.55198603033571]}"
osm_1334,المركز الثقافي في تلكلخ,community,34.67344283103053,36.257352339990064,OpenStreetMap,unvalidated_public_osm,0.27866656,-0.32948208,-0.06500421,0.17957234,0.17152798,0.10665432,10.0,tree_cover,0.5248063603063605,0.2,0.4283336,1.0,0.53000842,0.5,0.5,0.495084242,low,49.5,Low,00000000000000000535_0,0.0834,0.1122,0.06500421,0.22246666,0.16276667,0.2238,0.2505,0.1255,0.2534,0.1958,"{""geodesic"":false,""type"":""Point"",""coordinates"":[36.257352339990064,34.67344283103053]}"
osm_1379,OSM site 1379,community,33.57228795575681,36.396411545971766,OpenStreetMap,unvalidated_public_osm,0.045000017,-0.12744437,0.0051097055,0.04465118,0.037894752,0.08044806,50.0,built_up,0.9451732804232807,0.45,1.0,0.568610925,0.389780589,0.5,0.5,0.6127002439000001,medium,61.3,Medium,00000000000000000562_0,0.2074,0.2588,-0.0051097055,0.3344,0.2779,0.2767,0.2856,0.3056,0.331,0.2966,"{""geodesic"":false,""type"":""Point"",""coordinates"":[36.396411545971766,33.57228795575681]}"
osm_005,مدرسة حسن الخراط,school,33.50689060307292,36.29831551694592,OpenStreetMap,unvalidated_public_osm,0.03233754,-0.10791607,-0.015709862,0.033639826,0.0274056,0.085155345,50.0,built_up,0.9830000000000001,0.45,1.0,0.519790175,0.431419724,0.5,0.7,0.6271000073999999,medium,62.7,Medium,00000000000000000004_0,0.2213,0.2699,0.015709862,0.3352,0.317,0.3149,0.31335,0.3142,0.3459,0.3334,"{""geodesic"":false,""type"":""Point"",""coordinates"":[36.29831551694592,33.50689060307292]}"
osm_007,المدرسة الأمريكية,school,33.517311060368705,36.28232550488859,OpenStreetMap,unvalidated_public_osm,0.064276405,-0.2582127,0.023710297,0.053480446,0.05518976,0.113859795,50.0,built_up,0.34266005291005286,0.45,0.9643089875,0.8955317500000001,0.35257940600000004,0.5,0.7,0.685441537475,medium,68.5,Medium,00000000000000000006_0,0.1632,0.21,-0.023710297,0.3562,0.29505,0.3117,0.32155,0.313175,0.3397,0.2877,"{""geodesic"":false,""type"":""Point"",""coordinates"":[36.28232550488859,33.517311060368705]}"
osm_009,مدرسة أمية,school,33.51713139731188,36.31196990926453,OpenStreetMap,unvalidated_public_osm,0.048773114,-0.12355175,0.03741995,0.054495003,0.046657663,0.074989945,50.0,built_up,0.8849232804232804,0.45,1.0,0.558879375,0.3251601,0.5,0.7,0.624291885,medium,62.4,Medium,00000000000000000008_0,0.2672,0.36008,-0.03741995,0.4616,0.42063335,0.4166,0.4136,0.41866666,0.4283,0.3636,"{""geodesic"":false,""type"":""Point"",""coordinates"":[36.31196990926453,33.51713139731188]}"
osm_010,OSM site 10,school,33.49647014577713,36.30478338699158,OpenStreetMap,unvalidated_public_osm,0.07920482,-0.17445056,-0.019916868,0.07620843,0.06641385,0.095475666,50.0,built_up,0.960609668109668,0.45,0.92698795,0.6861264,0.43983373600000003,0.5,0.7,0.6429556411,medium,64.3,Medium,00000000000000000009_0,0.1928,0.2404,0.019916868,0.342,0.3059,0.32735,0.32885,0.2918,0.3559,0.3292,"{""geodesic"":false,""type"":""Point"",""coordinates"":[36.30478338699158,33.49647014577713]}"
osm_011,مدرسة جول جمال,school,33.52216196290295,36.290051016332015,OpenStreetMap,unvalidated_public_osm,0.03564379,-0.12436975,0.03684763,0.040943153,0.033827957,0.0699684,50.0,built_up,0.9371732804232806,0.45,1.0,0.560924375,0.32630474000000004,0.5,0.7,0.624815349,medium,62.5,Medium,0000000000000000000a_0,0.2751,0.34733334,-0.03684763,0.446,0.3844,0.38355,0.387,0.4153,0.4143,0.36113334,"{""geodesic"":false,""type"":""Point"",""coordinates"":[36.290051016332015,33.52216196290295]}"
osm_013,مدرسة الناصرة,school,34.79130179630701,36.28789505965013,OpenStreetMap,unvalidated_public_osm,0.06494132,-0.14271021,0.12920849,0.064953774,0.060917154,0.04409144,50.0,built_up,0.8870873015873013,0.45,0.9626467,0.606775525,0.14158302,0.5,0.7,0.606175082,medium,60.6,Medium,0000000000000000000c_0,0.2266,0.3334,-0.12920849,0.4444,0.3021,0.3501,0.37245,0.3902,0.3427,0.24085,"{""geodesic"":false,""type"":""Point"",""coordinates"":[36.28789505965013,34.79130179630701]}"
osm_015,ثانوية العباسيين,school,33.522521289016595,36.31825811625337,OpenStreetMap,unvalidated_public_osm,0.048843194,-0.13799976,-0.08174585,0.039853774,0.038196445,0.14820588,50.0,built_up,0.540415343915344,0.45,1.0,0.5949994,0.5634917,0.5,0.7,0.6553490500000001,medium,65.5,Medium,0000000000000000000e_0,0.15613334,0.21633333,0.08174585,0.2856,0.2959,0.3027,0.30703333,0.259,0.33645,0.30235,"{""geodesic"":false,""type"":""Point"",""coordinates"":[36.31825811625337,33.522521289016595]}"
osm_017,مدرسة بلابل المحبة,school,33.516592408141406,36.31718013791242,OpenStreetMap,unvalidated_public_osm,0.052981276,-0.1507739,-0.051578883,0.04452869,0.042401332,0.13119125,50.0,built_up,0.8371349206349206,0.45,0.9925468099999999,0.62693475,0.5031577660000001,0.5,0.7,0.6538394290999999,medium,65.4,Medium,00000000000000000010_0,0.1633,0.2222,0.051578883,0.3011,0.2932,0.30626667,0.3116,0.2708,0.33385,0.30525,"{""geodesic"":false,""type"":""Point"",""coordinates"":[36.31718013791242,33.516592408141406]}"
osm_020,ثانوية العدوي المحدثة‎,school,33.5255755609826,36.31125125703724,OpenStreetMap,unvalidated_public_osm,0.03144652,-0.12864628,0.008525506,0.031435736,0.027509151,0.08912447,50.0,built_up,0.987611111111111,0.45,1.0,0.5716157,0.38294898800000005,0.5,0.7,0.6326180388,medium,63.3,Medium,00000000000000000013_0,0.2192,0.27855,-0.008525506,0.3608,0.32156667,0.33083335,0.3336,0.3388,0.3547,0.3405,"{""geodesic"":false,""type"":""Point"",""coordinates"":[36.311251257037235,33.5255755609826]}"
osm_021,لبابة الهلالية,school,33.51695173425505,36.31304788760548,OpenStreetMap,unvalidated_public_osm,0.115401514,-0.2064547,0.007797027,0.08946797,0.08254867,0.07766913,50.0,built_up,0.8591055796055798,0.45,0.836496215,0.7661367499999999,0.384405946,0.5,0.7,0.63079199835,medium,63.1,Medium,00000000000000000014_0,0.13253333,0.1672,-0.007797027,0.2542,0.2005,0.24863334,0.2636,0.2016,0.25026667,0.21475,"{""geodesic"":false,""type"":""Point"",""coordinates"":[36.31304788760548,33.51695173425505]}"
osm_022,مدرسة المعونة,school,33.51856870176647,36.31753946402608,OpenStreetMap,unvalidated_public_osm,0.039908785,-0.1313265,-0.027856741,0.037939016,0.034009937,0.11018234,50.0,built_up,0.9724656084656084,0.45,1.0,0.57831625,0.455713482,0.5,0.7,0.6412345982,medium,64.1,Medium,00000000000000000015_0,0.2009,0.2626,0.027856741,0.342,0.30903333,0.3092,0.307,0.31575,0.3616,0.3341,"{""geodesic"":false,""type"":""Point"",""coordinates"":[36.317539464026076,33.51856870176647]}"
osm_023,التجارة الثانوية للبنات,school,33.52449758264166,36.303885071707455,OpenStreetMap,unvalidated_public_osm,0.03532353,-0.11841512,-0.0057039997,0.035775334,0.029742053,0.08295475,50.0,built_up,0.991166666666667,0.45,1.0,0.5460378,0.4114079994,0.5,0.7,0.6303483599399999,medium,63.0,Medium,00000000000000000016_0,0.2138,0.26106668,0.0057039997,0.3312,0.3091,0.314,0.3158,0.3086,0.335,0.31275,"{""geodesic"":false,""type"":""Point"",""coordinates"":[36.303885071707455,33.52449758264166]}"
osm_024,مدرسة التجارة,school,33.523239941243894,36.31143092009406,OpenStreetMap,unvalidated_public_osm,0.036190495,-0.1038961,0.025109513,0.039991602,0.03166668,0.06159392,50.0,built_up,0.9776388888888892,0.45,1.0,0.50974025,0.349780974,0.5,0.7,0.6169261474,medium,61.7,Medium,00000000000000000017_0,0.2404,0.2944,-0.025109513,0.36266667,0.3274,0.3387,0.341575,0.33733332,0.3449,0.3106,"{""geodesic"":false,""type"":""Point"",""coordinates"":[36.31143092009406,33.523239941243894]}"
osm_025,أنور العطار,school,33.527551854607665,36.31286822454865,OpenStreetMap,unvalidated_public_osm,0.050113186,-0.12115987,-0.023010943,0.04811874,0.041569844,0.097060755,50.0,built_up,0.9733201058201059,0.45,0.9997170350000001,0.552899675,0.44602188600000003,0.5,0.7,0.6351113823500001,medium,63.5,Medium,00000000000000000018_0,0.19693333,0.2546,0.023010943,0.3248,0.3073,0.3186,0.3199,0.2938,0.3401,0.29955,"{""geodesic"":false,""type"":""Point"",""coordinates"":[36.31286822454865,33.527551854607665]}"
osm_026,بسام حمشو,school,33.52701286543719,36.31304788760548,OpenStreetMap,unvalidated_public_osm,0.036697235,-0.11960368,-0.040921506,0.034773957,0.030259356,0.10871457,50.0,built_up,0.9748756613756615,0.45,1.0,0.5490092,0.481843012,0.5,0.7,0.6379861412,medium,63.8,Medium,00000000000000000019_0,0.196,0.2488,0.040921506,0.3164,0.3217,0.32253334,0.3196,0.294,0.3434,0.3207,"{""geodesic"":false,""type"":""Point"",""coordinates"":[36.31304788760548,33.52701286543719]}"
osm_027,مدرسة زيد بن الخطاب,school,33.52521623486896,36.3207733990489,OpenStreetMap,unvalidated_public_osm,0.08086044,-0.16351976,-0.05182178,0.07609259,0.066374876,0.11152278,50.0,built_up,0.9755104617604617,0.45,0.9228489000000001,0.6587993999999999,0.50364356,0.5,0.7,0.6428364609999999,medium,64.3,Medium,0000000000000000001a_0,0.185,0.2348,0.05182178,0.3266,0.30355,0.32585,0.3386,0.27773333,0.3623,0.31125,"{""geodesic"":false,""type"":""Point"",""coordinates"":[36.3207733990489,33.52521623486896]}"
osm_028,الادب العربي الخاصة,school,33.5255755609826,36.32113272516255,OpenStreetMap,unvalidated_public_osm,0.04360772,-0.12911391,0.090585746,0.05965542,0.04270238,0.023094192,50.0,built_up,0.8298412698412699,0.45,1.0,0.572784775,0.21882850800000003,0.5,0.7,0.6164398058,medium,61.6,Medium,0000000000000000001b_0,0.32933334,0.3784,-0.090585746,0.4906,0.3972,0.4072,0.41085,0.4496,0.4091,0.3462,"{""geodesic"":false,""type"":""Point"",""coordinates"":[36.32113272516255,33.5255755609826]}"
osm_029,الوافدي,school,33.53240275714191,36.32328868184444,OpenStreetMap,unvalidated_public_osm,0.042495966,-0.1371015,-0.100835145,0.037424207,0.033610664,0.14482631,50.0,built_up,0.8044113756613755,0.45,1.0,0.59275375,0.60167029,0.5,0.7,0.6587177790000001,medium,65.9,Medium,0000000000000000001c_0,0.1746,0.2206,0.100835145,0.2907,0.3062,0.31285,0.3158,0.267,0.3559,0.3352,"{""geodesic"":false,""type"":""Point"",""coordinates"":[36.32328868184444,33.53240275714191]}"
osm_030,أيليا أبو ماضي,school,33.51497544062999,36.31682081179878,OpenStreetMap,unvalidated_public_osm,0.09366172,-0.20788619,-0.15355021,0.06828439,0.06596466,0.18375093,50.0,built_up,0.4001984219484221,0.45,0.8908457,0.7697154749999999,0.70710042,0.5,0.7,0.677364562,medium,67.7,Medium,0000000000000000001d_0,0.1237,0.1587,0.15355021,0.242,0.2828,0.2816,0.2915,0.20055,0.3298,0.3055,"{""geodesic"":false,""type"":""Point"",""coordinates"":[36.31682081179878,33.51497544062999]}"
osm_031,مدرسة ام الخير المختلطة,school,33.52270095207342,36.31161058315089,OpenStreetMap,unvalidated_public_osm,0.16768384,-0.24127279,-0.063621536,0.10420054,0.10253526,0.121376805,50.0,built_up,0.5732156084656084,0.45,0.7057904,0.8531819749999999,0.5272430720000001,0.5,0.7,0.6298083022000001,medium,63.0,Medium,0000000000000000001e_0,0.0901,0.1228,0.063621536,0.2009,0.1831,0.2056,0.2173,0.1432,0.2282,0.1941,"{""geodesic"":false,""type"":""Point"",""coordinates"":[36.31161058315089,33.52270095207342]}"
osm_032,البيروني,school,33.52647387626672,36.31304788760548,OpenStreetMap,unvalidated_public_osm,0.048502762,-0.13580811,0.017523225,0.044853564,0.04062649,0.086747855,50.0,built_up,0.9448716931216933,0.45,1.0,0.589520275,0.36495355,0.5,0.7,0.63439941,medium,63.4,Medium,0000000000000000001f_0,0.19026667,0.2522,-0.017523225,0.33146667,0.2923,0.29843333,0.3052,0.3008,0.32005,0.279,"{""geodesic"":false,""type"":""Point"",""coordinates"":[36.31304788760548,33.52647387626672]}"
osm_033,عبد القادر ارناؤوط,school,33.525395897925776,36.31143092009406,OpenStreetMap,unvalidated_public_osm,0.050803285,-0.13366646,-0.1153354,0.041274197,0.03653965,0.14195377,50.0,built_up,0.9017857142857143,0.45,0.9979917875000001,0.5841661499999999,0.6306708000000001,0.5,0.7,0.6593982568750001,medium,65.9,Medium,00000000000000000020_0,0.1515,0.18493333,0.1153354,0.242,0.26313335,0.27225,0.272,0.2186,0.3051,0.2758,"{""geodesic"":false,""type"":""Point"",""coordinates"":[36.31143092009406,33.525395897925776]}"
osm_034,يوسف العظمة,school,33.52359926735754,36.30927496341217,OpenStreetMap,unvalidated_public_osm,0.06298352,-0.1519066,-0.035064023,0.052918937,0.05080277,0.12387216,50.0,built_up,0.8805132275132272,0.45,0.9675412,0.6297664999999999,0.470128046,0.5,0.7,0.6448514046,medium,64.5,Medium,00000000000000000021_0,0.1618,0.2276,0.035064023,0.30913332,0.2772,0.28385,0.28886667,0.2725,0.3316,0.2915,"{""geodesic"":false,""type"":""Point"",""coordinates"":[36.30927496341217,33.52359926735754]}"
osm_035,مدرسة عصام صافية,school,33.52359926735754,36.308915637298526,OpenStreetMap,unvalidated_public_osm,0.09611208,-0.16794379,0.050545663,0.09767351,0.08242324,0.051515516,50.0,built_up,0.9065805675805675,0.45,0.8847198000000001,0.669859475,0.29890867400000004,0.5,0.7,0.6150427124,medium,61.5,Medium,00000000000000000022_0,0.2045,0.2606,-0.050545663,0.3658,0.280675,0.3172,0.3295,0.30165,0.3306,0.2847,"{""geodesic"":false,""type"":""Point"",""coordinates"":[36.308915637298526,33.52359926735754]}"
osm_036,مدرسةابن الاثير,school,33.523239941243894,36.30280709336651,OpenStreetMap,unvalidated_public_osm,0.06822076,-0.119453914,0.012510148,0.062074967,0.055104285,0.08021392,50.0,built_up,0.9738439153439151,0.45,0.9544481,0.548634785,0.374979704,0.5,0.7,0.6158369524,medium,61.6,Medium,00000000000000000023_0,0.1786,0.2451,-0.012510148,0.3116,0.2554,0.27103335,0.2864,0.2718,0.3039,0.2783,"{""geodesic"":false,""type"":""Point"",""coordinates"":[36.30280709336651,33.523239941243894]}"
osm_037,ثانوية الفاروق,school,33.52503657181213,36.308735974241706,OpenStreetMap,unvalidated_public_osm,0.06318149,-0.17140873,0.026139807,0.058424797,0.053025108,0.08126437,50.0,built_up,0.8929365079365083,0.45,0.967046275,0.6785218249999999,0.347720386,0.5,0.7,0.6422379723499999,medium,64.2,Medium,00000000000000000024_0,0.1874,0.2388,-0.026139807,0.3376,0.2718,0.2855,0.2901,0.297475,0.3204,0.289,"{""geodesic"":false,""type"":""Point"",""coordinates"":[36.308735974241706,33.52503657181213]}"
osm_038,عبد الله بن الزبير,school,33.52377893041436,36.30029181057098,OpenStreetMap,unvalidated_public_osm,-0.042457104,0.056939505,0.058412366,-0.11116368,-0.0407044,-0.018488163,50.0,built_up,0.8938068783068779,0.45,1.0,0.10765123750000001,0.28317526800000004,0.5,0.7,0.5298477743,medium,53.0,Medium,00000000000000000025_0,0.4464,0.4752,-0.058412366,0.424,0.3812,0.37045,0.3595,0.4616,0.3772,0.4008,"{""geodesic"":false,""type"":""Point"",""coordinates"":[36.30029181057098,33.52377893041436]}"
osm_039,مدرسة الشيخ عبد القادر القصاب,school,34.09941936447815,36.770470030279135,OpenStreetMap,unvalidated_public_osm,0.02954973,-0.11761712,0.025461353,0.032940324,0.027942056,0.08069445,50.0,built_up,0.9418915343915345,0.45,1.0,0.5440427999999999,0.34907729400000004,0.5,0.7,0.6237162894,medium,62.4,Medium,00000000000000000026_0,0.2679,0.3466,-0.025461353,0.439,0.3924,0.393025,0.39435,0.4138,0.4172,0.3724,"{""geodesic"":false,""type"":""Point"",""coordinates"":[36.770470030279135,34.09941936447815]}"
osm_041,مدرسة الشهيد صبحي عودة,school,34.02432020672576,36.74244259341461,OpenStreetMap,unvalidated_public_osm,0.010683715,-0.07442197,-0.057229172,0.013467778,0.009788405,0.09683863,50.0,built_up,0.9007828652828657,0.45,1.0,0.436054925,0.514458344,0.5,0.7,0.6186568194,medium,61.9,Medium,00000000000000000028_0,0.28923333,0.3416,0.057229172,0.39653334,0.4396,0.4228,0.4197,0.38815,0.444675,0.42745,"{""geodesic"":false,""type"":""Point"",""coordinates"":[36.74244259341461,34.02432020672576]}"
osm_042,مدرسة الشهيد أحمد قرش الصناعية,school,34.01839132585057,36.7273508966414,OpenStreetMap,unvalidated_public_osm,0.017456377,-0.10319964,-0.024069382,0.021127844,0.017231964,0.103554346,50.0,built_up,0.7541481481481483,0.45,1.0,0.5079991,0.448138764,0.5,0.7,0.6264136964,medium,62.6,Medium,00000000000000000029_0,0.3118,0.398,0.024069382,0.4896,0.499,0.4885,0.4927,0.4728,0.51375,0.4613,"{""geodesic"":false,""type"":""Point"",""coordinates"":[36.7273508966414,34.01839132585057]}"
osm_044,مدرسة الشهيد جعفر النمرة,school,34.73165366144147,36.73866966922131,OpenStreetMap,unvalidated_public_osm,0.080694586,-0.17546847,-0.06594862,0.066937804,0.059878726,0.11709515,50.0,built_up,0.9487248677248679,0.45,0.9232635349999999,0.6886711749999999,0.53189724,0.5,0.7,0.65173984275,medium,65.2,Medium,0000000000000000002b_0,0.1519,0.18553333,0.06594862,0.2645,0.2572,0.29025,0.298675,0.225,0.30185,0.2837,"{""geodesic"":false,""type"":""Point"",""coordinates"":[36.73866966922131,34.73165366144147]}"
osm_045,مدرسة الإمام علي بن أبي طالب,school,34.731114672271,36.73866966922131,OpenStreetMap,unvalidated_public_osm,0.052610517,-0.10977541,0.045240138,0.05828125,0.045090865,0.043666087,50.0,built_up,0.9064271284271284,0.45,0.9934737075,0.524438525,0.30951972400000005,0.5,0.7,0.6142081042749999,medium,61.4,Medium,0000000000000000002c_0,0.23213333,0.2814,-0.045240138,0.3508,0.2793,0.30993333,0.32395,0.31573334,0.32043332,0.2845,"{""geodesic"":false,""type"":""Point"",""coordinates"":[36.73866966922131,34.731114672271]}"
osm_046,OSM site 46,school,34.7221315194298,36.742801919528254,OpenStreetMap,unvalidated_public_osm,0.08000002,-0.23210071,-0.12684694,0.061846066,0.06444446,0.1953859,60.0,bare_sparse_vegetation,0.4853190235690236,0.85,0.92499995,0.8302517749999999,0.6536938800000001,0.5,0.7,0.8126697305,high,81.3,High,0000000000000000002d_0,0.13845,0.1952,0.12684694,0.3132,0.30725,0.31255,0.3214,0.2668,0.4042,0.3676,"{""geodesic"":false,""type"":""Point"",""coordinates"":[36.742801919528254,34.7221315194298]}"
osm_047,المدرسة الإنجيلية,school,34.72015522580474,36.71818808074338,OpenStreetMap,unvalidated_public_osm,-0.048877187,0.040639617,-0.001213849,-0.07232925,-0.04015922,0.024414992,50.0,built_up,0.9193664021164019,0.45,1.0,0.14840095749999999,0.402427698,0.5,0.7,0.5499229613000001,medium,55.0,Medium,0000000000000000002e_0,0.2894,0.3124,0.001213849,0.288,0.2882,0.2929,0.2845,0.3176,0.2887,0.2692,"{""geodesic"":false,""type"":""Point"",""coordinates"":[36.71818808074338,34.72015522580474]}"
osm_048,OSM site 48,school,34.726263769736754,36.74801214817615,OpenStreetMap,unvalidated_public_osm,0.11249338,-0.24728131,-0.021172995,0.09382691,0.09423018,0.124918595,50.0,built_up,0.598451566951567,0.45,0.8437665499999999,0.8682032749999999,0.44234599,0.5,0.7,0.6588168915,medium,65.9,Medium,0000000000000000002f_0,0.152,0.21226667,0.021172995,0.35173333,0.3141,0.3299,0.3355,0.2806,0.36695,0.33276665,"{""geodesic"":false,""type"":""Point"",""coordinates"":[36.74801214817615,34.726263769736754]}"
osm_049,OSM site 49,school,34.7266230958504,36.74944945263074,OpenStreetMap,unvalidated_public_osm,0.044753067,-0.15087122,0.06519812,0.04566388,0.045288894,0.09345953,50.0,built_up,0.585932336182336,0.45,1.0,0.6271780499999999,0.26960376,0.5,0.7,0.632395986,medium,63.2,Medium,00000000000000000030_0,0.263,0.3996,-0.06519812,0.5416,0.4984,0.5042,0.5081,0.4952,0.4753,0.3799,"{""geodesic"":false,""type"":""Point"",""coordinates"":[36.74944945263074,34.7266230958504]}"
osm_050,OSM site 50,school,34.71602297549779,36.74226293035778,OpenStreetMap,unvalidated_public_osm,0.11323332,-0.2685581,-0.1366221,0.089807436,0.09167897,0.19480291,30.0,grassland,0.7069742761571964,0.4,0.8419167,0.92139525,0.6732442000000001,0.5,0.7,0.677082645,medium,67.7,Medium,00000000000000000031_0,0.1384,0.1882,0.1366221,0.3264,0.3093,0.3193,0.3339,0.26,0.4297,0.371,"{""geodesic"":false,""type"":""Point"",""coordinates"":[36.74226293035778,34.71602297549779]}"
osm_051,OSM site 51,school,34.74405041236232,36.741903604244136,OpenStreetMap,unvalidated_public_osm,0.07561343,-0.20223881,-0.14462069,0.06379025,0.06182332,0.18865152,30.0,grassland,0.3783728956228956,0.4,0.935966425,0.7555970249999999,0.68924138,0.5,0.7,0.66903514925,medium,66.9,Medium,00000000000000000032_0,0.1611,0.2138,0.14462069,0.3222,0.317175,0.32545,0.32485,0.2769,0.43115,0.4154,"{""geodesic"":false,""type"":""Point"",""coordinates"":[36.741903604244136,34.74405041236232]}"
osm_052,OSM site 52,school,34.759681098306,36.74172394118731,OpenStreetMap,unvalidated_public_osm,0.049426317,-0.15336116,-0.0019411457,0.057705205,0.047781583,0.09004171,50.0,built_up,0.8604788359788358,0.45,1.0,0.6334028999999999,0.40388229140000004,0.5,0.7,0.6470688091399999,medium,64.7,Medium,00000000000000000033_0,0.2826,0.34912,0.0019411457,0.4756,0.4106,0.4135,0.4146,0.4308,0.47745,0.44475,"{""geodesic"":false,""type"":""Point"",""coordinates"":[36.74172394118731,34.759681098306]}"
osm_053,OSM site 53,school,34.75878278302188,36.741364615073664,OpenStreetMap,unvalidated_public_osm,0.052148063,-0.118965514,-0.020130854,0.061653458,0.046686016,0.07812946,50.0,built_up,0.967952380952381,0.45,0.9946298425,0.5474137849999999,0.44026170800000003,0.5,0.7,0.632166388425,medium,63.2,Medium,00000000000000000034_0,0.2572,0.3066,0.020130854,0.3894,0.3317,0.3383,0.342525,0.3508,0.4054,0.37595,"{""geodesic"":false,""type"":""Point"",""coordinates"":[36.741364615073664,34.75878278302188]}"
osm_056,مدرسة غسان عبود,school,33.524677245698484,36.30352574559381,OpenStreetMap,unvalidated_public_osm,0.03477219,-0.103227854,-0.027285943,0.036715843,0.02981495,0.09143416,50.0,built_up,0.9931666666666666,0.45,1.0,0.5080696349999999,0.45457188600000004,0.5,0.7,0.6270711156,medium,62.7,Medium,00000000000000000037_0,0.22633334,0.2806,0.027285943,0.3452,0.3354,0.3382,0.34415,0.322,0.36456665,0.3338,"{""geodesic"":false,""type"":""Point"",""coordinates"":[36.30352574559381,33.524677245698484]}"
osm_057,نصير شورى,school,33.50760925530021,36.28645775519554,OpenStreetMap,unvalidated_public_osm,0.103421174,-0.20171309,-0.143729,0.08355308,0.07822726,0.17424758,50.0,built_up,0.5149490139490142,0.45,0.866447065,0.754282725,0.687458,0.5,0.7,0.66621411125,medium,66.6,Medium,00000000000000000038_0,0.1433,0.1864,0.143729,0.2806,0.3315,0.35222,0.3606,0.228,0.3748,0.31415,"{""geodesic"":false,""type"":""Point"",""coordinates"":[36.28645775519554,33.50760925530021]}"
osm_058,مدرسة عبد الرحمن الخازن,school,33.50401599416373,36.28969169021837,OpenStreetMap,unvalidated_public_osm,0.06961785,-0.15328914,0.011856314,0.071598455,0.06108897,0.07872541,50.0,built_up,0.9828333333333334,0.45,0.950955375,0.63322285,0.376287372,0.5,0.7,0.63201215095,medium,63.2,Medium,00000000000000000039_0,0.21745,0.27673334,-0.011856314,0.37693334,0.3266,0.33283332,0.3388875,0.32786667,0.3681,0.339425,"{""geodesic"":false,""type"":""Point"",""coordinates"":[36.28969169021837,33.50401599416373]}"
osm_059,مدرسة ماري العجمي,school,33.51910769093694,36.319156431537486,OpenStreetMap,unvalidated_public_osm,0.050586272,-0.13808747,-0.018773459,0.04723179,0.041294444,0.09598079,50.0,built_up,0.9519748677248676,0.45,0.99853432,0.5952186749999999,0.437546918,0.5,0.7,0.6424320068,medium,64.2,Medium,0000000000000000003a_0,0.18873334,0.2375,0.018773459,0.3136,0.28765,0.2897,0.2912,0.2834,0.3256,0.3099,"{""geodesic"":false,""type"":""Point"",""coordinates"":[36.319156431537486,33.51910769093694]}"
osm_060,مدرسة حسن الخيّر,school,33.545877486403704,36.31089193092359,OpenStreetMap,unvalidated_public_osm,0.074200414,-0.1375028,-0.10541582,0.061095495,0.05386996,0.13505192,50.0,built_up,0.9336640211640209,0.45,0.939498965,0.593757,0.61083164,0.5,0.7,0.6447093052499999,medium,64.5,Medium,0000000000000000003b_0,0.15073334,0.191,0.10541582,0.2519,0.26913333,0.2728,0.2755,0.2171,0.31126666,0.2979,"{""geodesic"":false,""type"":""Point"",""coordinates"":[36.31089193092359,33.545877486403704]}"
osm_062,OSM site 62,school,33.55539962841537,36.32167171433302,OpenStreetMap,unvalidated_public_osm,0.034972988,-0.15262824,-0.05791007,0.03362677,0.03066312,0.13211687,50.0,built_up,0.8011292688792689,0.45,1.0,0.6315706,0.51582014,0.5,0.7,0.6578961339999999,medium,65.8,Medium,0000000000000000003d_0,0.20953333,0.2676,0.05791007,0.364,0.3546,0.35695,0.35885,0.3394,0.40875,0.3708,"{""geodesic"":false,""type"":""Point"",""coordinates"":[36.32167171433302,33.55539962841537]}"
osm_063,عدنان المدني,school,33.55701659592678,36.32616329075362,OpenStreetMap,unvalidated_public_osm,0.073576264,-0.1492139,-0.15983517,0.048927456,0.046262406,0.17406282,50.0,built_up,0.827268759018759,0.45,0.94105934,0.62303475,0.71967034,0.5,0.7,0.661838819,medium,66.2,Medium,0000000000000000003e_0,0.112,0.1434,0.15983517,0.1937,0.2086,0.2201,0.2193,0.16715,0.2674,0.2354,"{""geodesic"":false,""type"":""Point"",""coordinates"":[36.32616329075362,33.55701659592678]}"
osm_064,OSM site 64,school,33.55342333479031,36.32742093215139,OpenStreetMap,unvalidated_public_osm,0.039493013,-0.12381776,0.006029551,0.04536375,0.039570052,0.09846564,50.0,built_up,0.7036767399267402,0.45,1.0,0.5595443999999999,0.38794089800000003,0.5,0.7,0.6307029698,medium,63.1,Medium,0000000000000000003f_0,0.2976,0.4076,-0.006029551,0.5228,0.4947,0.49875,0.5022,0.483075,0.5165333,0.4642,"{""geodesic"":false,""type"":""Point"",""coordinates"":[36.32742093215139,33.55342333479031]}"
osm_065,OSM site 65,school,33.47832417703791,36.36461118491394,OpenStreetMap,unvalidated_public_osm,0.03964759,-0.1285866,-0.01203557,0.04385017,0.03689646,0.09612899,50.0,built_up,0.924816137566138,0.45,1.0,0.5714665,0.42407114,0.5,0.7,0.636700414,medium,63.7,Medium,00000000000000000040_0,0.2576,0.328,0.01203557,0.4248,0.40315,0.4189,0.42005,0.3924,0.43515,0.33225,"{""geodesic"":false,""type"":""Point"",""coordinates"":[36.36461118491394,33.47832417703791]}"
osm_066,ثانوية بسام كيكي التجارية,school,33.55378266090396,36.31628182262831,OpenStreetMap,unvalidated_public_osm,0.06333021,-0.16283783,-0.007997734,0.05898768,0.053599413,0.09993686,50.0,built_up,0.9462777777777781,0.45,0.966674475,0.6570945749999999,0.41599546800000003,0.5,0.7,0.64468708055,medium,64.5,Medium,00000000000000000041_0,0.1901,0.2478,0.007997734,0.3442,0.2987,0.3165,0.31876665,0.3032,0.34975,0.30926666,"{""geodesic"":false,""type"":""Point"",""coordinates"":[36.316281822628305,33.553782660903956]}"
osm_067,OSM site 67,school,34.72177219331616,36.71118122152725,OpenStreetMap,unvalidated_public_osm,0.034923762,-0.12815015,-0.074147426,0.024919279,0.023494378,0.13027853,50.0,built_up,0.6955835738335739,0.45,1.0,0.5703753749999999,0.548294852,0.5,0.7,0.6489045602,medium,64.9,Medium,00000000000000000042_0,0.1284,0.1626,0.074147426,0.2104,0.2066,0.2156,0.2213,0.1962,0.2441,0.214,"{""geodesic"":false,""type"":""Point"",""coordinates"":[36.71118122152725,34.721772193316156]}"
osm_068,OSM site 68,school,34.72302983471393,36.69806581837911,OpenStreetMap,unvalidated_public_osm,0.005607502,-0.062978506,-0.016678065,0.0073327553,0.0053097582,0.078810394,50.0,built_up,0.8971073833573837,0.45,1.0,0.40744626500000003,0.43335613,0.5,0.7,0.604824866,medium,60.5,Medium,00000000000000000043_0,0.313,0.3794,0.016678065,0.4304,0.43045,0.41865,0.4173,0.4256,0.445,0.44445,"{""geodesic"":false,""type"":""Point"",""coordinates"":[36.698065818379106,34.72302983471393]}"
osm_069,OSM site 69,school,34.72177219331616,36.70058110117464,OpenStreetMap,unvalidated_public_osm,0.12813272,-0.20490102,-0.050222892,0.112012826,0.10210012,0.11443156,50.0,built_up,0.9130873015873016,0.45,0.8046682,0.7622525499999999,0.5004457840000001,0.5,0.7,0.6336621384,medium,63.4,Medium,00000000000000000044_0,0.1575,0.2109,0.050222892,0.3196,0.31115,0.34035,0.3482,0.247,0.3534,0.3216,"{""geodesic"":false,""type"":""Point"",""coordinates"":[36.70058110117464,34.721772193316156]}"
osm_070,OSM site 70,school,34.71314836658861,36.69770649226545,OpenStreetMap,unvalidated_public_osm,0.020922627,-0.08201976,-0.03605854,0.025088435,0.0192516,0.093745835,50.0,built_up,0.9456719576719576,0.45,1.0,0.4550494,0.47211708,0.5,0.7,0.6182215879999999,medium,61.8,Medium,00000000000000000045_0,0.2775,0.3436,0.03605854,0.405,0.4092,0.39475,0.39515,0.3884,0.4353,0.4148,"{""geodesic"":false,""type"":""Point"",""coordinates"":[36.69770649226545,34.71314836658861]}"
osm_071,مدرسة فائق محمد,school,34.71350769270226,36.71315751515231,OpenStreetMap,unvalidated_public_osm,0.04056003,-0.13216846,-0.063900724,0.03382672,0.029978704,0.11606951,50.0,built_up,0.8634480519480517,0.45,1.0,0.5804211499999999,0.5278014480000001,0.5,0.7,0.6488643748,medium,64.9,Medium,00000000000000000046_0,0.1593,0.1937,0.063900724,0.2527,0.2409,0.2647,0.26775,0.233,0.2872,0.2645,"{""geodesic"":false,""type"":""Point"",""coordinates"":[36.71315751515231,34.71350769270226]}"
osm_072,OSM site 72,school,34.71422634492955,36.69393356807216,OpenStreetMap,unvalidated_public_osm,0.024253247,-0.08696828,-0.030156521,0.029201109,0.02220663,0.088503614,50.0,built_up,0.9562248677248677,0.45,1.0,0.46742069999999997,0.460313042,0.5,0.7,0.6195154441999999,medium,62.0,Medium,00000000000000000047_0,0.2757,0.337,0.030156521,0.4012,0.3923,0.3835,0.3876,0.3822,0.42615,0.41035,"{""geodesic"":false,""type"":""Point"",""coordinates"":[36.693933568072154,34.71422634492955]}"
osm_073,OSM site 73,school,34.7070398226566,36.710642232356776,OpenStreetMap,unvalidated_public_osm,0.067349344,-0.1831478,-0.099966794,0.052776147,0.050902955,0.15694062,50.0,built_up,0.6509984737484737,0.45,0.9566266400000001,0.7078694999999999,0.5999335880000001,0.5,0.7,0.6707239188,medium,67.1,Medium,00000000000000000048_0,0.1429,0.1871,0.099966794,0.271,0.24535,0.267,0.27445,0.2368,0.3312,0.30205,"{""geodesic"":false,""type"":""Point"",""coordinates"":[36.710642232356776,34.7070398226566]}"
osm_074,OSM site 74,school,34.707938137940715,36.715672797947846,OpenStreetMap,unvalidated_public_osm,0.060216755,-0.17613001,-0.09817314,0.04674497,0.045081127,0.15566185,50.0,built_up,0.571536223036223,0.45,0.9744581124999999,0.690325025,0.59634628,0.5,0.7,0.671314161125,medium,67.1,Medium,00000000000000000049_0,0.1419,0.185,0.09817314,0.2641,0.2827,0.3011,0.3044,0.2341,0.3216,0.28235,"{""geodesic"":false,""type"":""Point"",""coordinates"":[36.715672797947846,34.707938137940715]}"
osm_075,مدرسة زينب الأسدية,school,34.72015522580474,36.71657111323197,OpenStreetMap,unvalidated_public_osm,0.13368714,-0.17773694,0.06328511,0.1655816,0.12288989,0.024288686,50.0,built_up,0.6575305435305432,0.45,0.7907821500000001,0.6943423500000001,0.27342978,0.5,0.7,0.5939069855,medium,59.4,Medium,0000000000000000004a_0,0.2544,0.3132,-0.06328511,0.4486,0.38185,0.3966,0.40285,0.3428,0.3952,0.3618,"{""geodesic"":false,""type"":""Point"",""coordinates"":[36.716571113231964,34.72015522580474]}"
osm_076,OSM site 76,school,34.72302983471393,36.70758796039077,OpenStreetMap,unvalidated_public_osm,0.17048794,-0.24282148,-0.07363032,0.11031229,0.10354677,0.11257386,50.0,built_up,0.6532928090428091,0.45,0.6987801499999999,0.8570537,0.54726064,0.5,0.7,0.6308318414999999,medium,63.1,Medium,0000000000000000004b_0,0.0975,0.1213,0.07363032,0.1991,0.16175,0.1962,0.2056,0.1411,0.23075,0.19235,"{""geodesic"":false,""type"":""Point"",""coordinates"":[36.70758796039077,34.72302983471393]}"
osm_077,ابتدائية صلاح الدين الأيوبي,school,34.72788073724817,36.726632244414105,OpenStreetMap,unvalidated_public_osm,0.042611394,-0.105635464,-0.082559355,0.04517524,0.036882453,0.122652166,50.0,built_up,0.905570346320346,0.45,1.0,0.51408866,0.56511871,0.5,0.7,0.639329603,medium,63.9,Medium,0000000000000000004c_0,0.2275,0.28765,0.082559355,0.3556,0.379025,0.37945,0.3855,0.32653335,0.4196,0.3899,"{""geodesic"":false,""type"":""Point"",""coordinates"":[36.726632244414105,34.72788073724817]}"
osm_078,اعدادية عزة الجندي,school,34.7273417480777,36.72645258135728,OpenStreetMap,unvalidated_public_osm,0.1060948,-0.17930204,-0.03233769,0.11011538,0.093315676,0.098326355,50.0,built_up,0.8162788600288597,0.45,0.859763,0.6982551,0.46467538,0.5,0.7,0.631059308,medium,63.1,Medium,0000000000000000004d_0,0.2114,0.2728,0.03233769,0.392,0.39875,0.40873334,0.4096,0.3168,0.4182,0.3556,"{""geodesic"":false,""type"":""Point"",""coordinates"":[36.72645258135728,34.7273417480777]}"
osm_079,ابتدائية وليد النجار,school,34.727701074191344,36.72609325524363,OpenStreetMap,unvalidated_public_osm,0.019443,-0.08258931,0.065641314,0.023991719,0.017602298,0.034362763,50.0,built_up,0.9730198412698413,0.45,1.0,0.456473275,0.268717372,0.5,0.7,0.5981663922,medium,59.8,Medium,0000000000000000004e_0,0.278,0.3288,-0.065641314,0.388,0.3048,0.3076,0.30535,0.3732,0.3402,0.3118,"{""geodesic"":false,""type"":""Point"",""coordinates"":[36.72609325524363,34.727701074191344]}"
osm_080,OSM site 80,school,34.724107813054864,36.72016437436845,OpenStreetMap,unvalidated_public_osm,0.05992008,-0.15299655,0.017252402,0.055196073,0.04905521,0.07989384,50.0,built_up,0.9561058201058201,0.45,0.9751998000000001,0.632491375,0.365495196,0.5,0.7,0.6368477445999999,medium,63.7,Medium,0000000000000000004f_0,0.1843,0.2339,-0.017252402,0.3184,0.2491,0.26565,0.2772,0.2824,0.3076,0.28175,"{""geodesic"":false,""type"":""Point"",""coordinates"":[36.720164374368444,34.724107813054864]}"
osm_081,OSM site 81,school,34.73398928118018,36.72483561384586,OpenStreetMap,unvalidated_public_osm,0.07007853,-0.15396675,0.04345359,0.072621,0.060868848,0.05808478,50.0,built_up,0.9379945887445887,0.45,0.949803675,0.634916875,0.31309282000000005,0.5,0.7,0.6257435757500001,medium,62.6,Medium,00000000000000000050_0,0.217,0.2698,-0.04345359,0.368,0.30535,0.31845,0.3236,0.3198,0.33735,0.31455,"{""geodesic"":false,""type"":""Point"",""coordinates"":[36.72483561384586,34.73398928118018]}"
osm_082,OSM site 82,school,34.72536545445264,36.73238146223247,OpenStreetMap,unvalidated_public_osm,0.03553616,-0.10825685,-0.109622106,0.03716442,0.029957952,0.1336337,50.0,built_up,0.8213399470899471,0.45,1.0,0.520642125,0.619244212,0.5,0.7,0.6460528461999999,medium,64.6,Medium,00000000000000000051_0,0.22065,0.2673,0.109622106,0.3322,0.36925,0.36095,0.36175,0.3094,0.414,0.398825,"{""geodesic"":false,""type"":""Point"",""coordinates"":[36.73238146223247,34.725365454452636]}"
osm_083,OSM site 83,school,34.73955883594172,36.73363910363024,OpenStreetMap,unvalidated_public_osm,0.0049841246,-0.054015517,0.03102846,0.0070296284,0.004772908,0.047281187,50.0,built_up,0.8530568783068778,0.45,1.0,0.38503879249999995,0.33794308,0.5,0.7,0.5908020664999999,medium,59.1,Medium,00000000000000000052_0,0.3352,0.39813334,-0.03102846,0.4436,0.4143,0.4106,0.408925,0.4392,0.4169,0.404,"{""geodesic"":false,""type"":""Point"",""coordinates"":[36.73363910363024,34.73955883594172]}"
osm_084,OSM site 84,school,34.72895871558912,36.739208658391775,OpenStreetMap,unvalidated_public_osm,0.06438028,-0.13780351,0.05261068,0.061585408,0.05511677,0.06603814,50.0,built_up,0.8840051707551707,0.45,0.9640493,0.594508775,0.29477864000000004,0.5,0.7,0.619391944,medium,61.9,Medium,00000000000000000053_0,0.19765,0.2681,-0.05261068,0.3538,0.25335,0.2861,0.3033,0.311,0.31843334,0.278,"{""geodesic"":false,""type"":""Point"",""coordinates"":[36.739208658391775,34.728958715589116]}"
osm_085,OSM site 85,school,34.74063681428267,36.72178134187986,OpenStreetMap,unvalidated_public_osm,0.08278944,-0.13503781,-0.12029026,0.08274965,0.06680837,0.13441955,50.0,built_up,0.7870851370851372,0.45,0.9180264,0.587594525,0.64058052,0.5,0.7,0.641083557,medium,64.1,Medium,00000000000000000054_0,0.1948,0.2402,0.12029026,0.3152,0.3373,0.3456,0.352,0.267,0.4014,0.3758,"{""geodesic"":false,""type"":""Point"",""coordinates"":[36.72178134187986,34.74063681428267]}"
osm_086,OSM site 86,school,34.736504563975714,36.71800841768656,OpenStreetMap,unvalidated_public_osm,0.019912554,-0.07913669,-0.0035587437,0.025833247,0.018585652,0.06851088,50.0,built_up,0.9382883597883601,0.45,1.0,0.44784172499999997,0.40711748740000003,0.5,0.7,0.61028009374,medium,61.0,Medium,00000000000000000055_0,0.3006,0.3584,0.0035587437,0.42,0.3935,0.3911,0.3903,0.4036,0.423,0.391,"{""geodesic"":false,""type"":""Point"",""coordinates"":[36.718008417686555,34.736504563975714]}"
osm_087,OSM site 87,school,34.73668422703254,36.71675077628879,OpenStreetMap,unvalidated_public_osm,0.068022445,-0.1679448,-0.11671742,0.058791444,0.0543722,0.16014616,50.0,built_up,0.771094424094424,0.45,0.9549438875,0.669862,0.63343484,0.5,0.7,0.6660518558749999,medium,66.6,Medium,00000000000000000056_0,0.1666,0.217,0.11671742,0.3046,0.3006,0.3085,0.3188,0.2658,0.3851,0.3386,"{""geodesic"":false,""type"":""Point"",""coordinates"":[36.71675077628879,34.73668422703254]}"
osm_088,OSM site 88,school,34.74117580345314,36.73525607114165,OpenStreetMap,unvalidated_public_osm,0.0039907787,-0.046066307,-0.046193734,0.004488672,0.003348625,0.08686185,50.0,built_up,0.987366402116402,0.45,1.0,0.3651657675,0.492387468,0.5,0.7,0.6022719003,medium,60.2,Medium,00000000000000000057_0,0.2406,0.2906,0.046193734,0.31866667,0.33505,0.3239,0.3264,0.31613332,0.34953332,0.342875,"{""geodesic"":false,""type"":""Point"",""coordinates"":[36.73525607114165,34.74117580345314]}"
osm_089,OSM site 89,school,34.7266230958504,36.71998471131162,OpenStreetMap,unvalidated_public_osm,0.0474049,-0.12542784,-0.012629151,0.042839233,0.036712773,0.084465384,50.0,built_up,0.8813280423280422,0.45,1.0,0.5635696,0.42525830200000003,0.5,0.7,0.6352397502,medium,63.5,Medium,00000000000000000058_0,0.1771,0.2172,0.012629151,0.2795,0.22975,0.24425,0.25295,0.2542,0.28665,0.25475,"{""geodesic"":false,""type"":""Point"",""coordinates"":[36.71998471131162,34.7266230958504]}"
osm_090,OSM site 90,school,34.73075534615735,36.72070336353892,OpenStreetMap,unvalidated_public_osm,0.046101283,-0.12415903,-0.028156005,0.04734624,0.040405698,0.102047056,50.0,built_up,0.974246031746032,0.45,1.0,0.560397575,0.45631201000000005,0.5,0.7,0.637710716,medium,63.8,Medium,00000000000000000059_0,0.2224,0.2864,0.028156005,0.3676,0.3617,0.3625,0.3586,0.3352,0.3889,0.361,"{""geodesic"":false,""type"":""Point"",""coordinates"":[36.72070336353892,34.73075534615735]}"
osm_091,OSM site 91,school,34.727701074191344,36.733279777516586,OpenStreetMap,unvalidated_public_osm,0.039855074,-0.1013164,0.009674571,0.043769483,0.03406745,0.06391953,50.0,built_up,0.9761666666666665,0.45,1.0,0.5032909999999999,0.38065085800000004,0.5,0.7,0.6187232858,medium,61.9,Medium,0000000000000000005a_0,0.2326,0.28103334,-0.009674571,0.3444,0.2958,0.2939,0.2967,0.318,0.3378,0.326,"{""geodesic"":false,""type"":""Point"",""coordinates"":[36.733279777516586,34.727701074191344]}"
osm_092,OSM site 92,school,34.74027748816902,36.73651371253942,OpenStreetMap,unvalidated_public_osm,0.079393975,-0.1878613,-0.072516605,0.07533069,0.06775865,0.1325263,50.0,built_up,0.7780459355459355,0.45,0.9265150624999999,0.7196532499999999,0.54503321,0.5,0.7,0.6600627366249999,medium,66.0,Medium,0000000000000000005b_0,0.192,0.24353333,0.072516605,0.3562,0.3579,0.35903335,0.3618,0.3038,0.4119,0.39026666,"{""geodesic"":false,""type"":""Point"",""coordinates"":[36.73651371253942,34.74027748816902]}"
osm_093,OSM site 93,school,34.73470793340748,36.733998429743885,OpenStreetMap,unvalidated_public_osm,0.045949787,-0.117032066,-0.047774225,0.050058488,0.03851584,0.08987846,50.0,built_up,0.9774682539682541,0.45,1.0,0.5425801650000001,0.49554845000000003,0.5,0.7,0.638070878,medium,63.8,Medium,0000000000000000005c_0,0.2254,0.2618,0.047774225,0.3312,0.30476665,0.30975,0.31406668,0.3021,0.36443335,0.3458,"{""geodesic"":false,""type"":""Point"",""coordinates"":[36.733998429743885,34.73470793340748]}"
osm_094,OSM site 94,school,34.727701074191344,36.72645258135728,OpenStreetMap,unvalidated_public_osm,0.036492508,-0.12526722,-0.026567219,0.038956296,0.03304802,0.103426434,50.0,built_up,0.9560026455026455,0.45,1.0,0.56316805,0.45313443800000003,0.5,0.7,0.6379470537999999,medium,63.8,Medium,0000000000000000005d_0,0.2417,0.3069,0.026567219,0.3948,0.3848,0.39723334,0.3959,0.367,0.41635,0.36933333,"{""geodesic"":false,""type"":""Point"",""coordinates"":[36.72645258135728,34.727701074191344]}"
osm_095,مدرسة نظير النشيواتي,school,34.73165366144147,36.73453741891436,OpenStreetMap,unvalidated_public_osm,0.08816574,-0.17904273,-0.029192356,0.077582575,0.069279075,0.1000097,50.0,built_up,0.9351255411255412,0.45,0.90458565,0.697606825,0.458384712,0.5,0.7,0.6415062487000001,medium,64.2,Medium,0000000000000000005e_0,0.1655,0.2084,0.029192356,0.2993,0.259875,0.2957,0.3026,0.2508,0.3173,0.277,"{""geodesic"":false,""type"":""Point"",""coordinates"":[36.73453741891436,34.73165366144147]}"
osm_096,OSM site 96,school,34.73596557480524,36.7228593202208,OpenStreetMap,unvalidated_public_osm,0.04765016,-0.13547933,-0.09945293,0.046333056,0.039360195,0.13552566,50.0,built_up,0.8076465848965846,0.45,1.0,0.588698325,0.59890586,0.5,0.7,0.6576302509999999,medium,65.8,Medium,0000000000000000005f_0,0.1995,0.2444,0.09945293,0.321,0.31535,0.3239,0.3231,0.2918,0.3919,0.3528,"{""geodesic"":false,""type"":""Point"",""coordinates"":[36.7228593202208,34.73596557480524]}"
osm_097,OSM site 97,school,34.73524692257795,36.71800841768656,OpenStreetMap,unvalidated_public_osm,0.015994867,-0.05819635,0.026171222,0.02397236,0.015648894,0.045613244,50.0,built_up,0.7473531746031742,0.45,1.0,0.395490875,0.34765755600000003,0.5,0.7,0.5938639306,medium,59.4,Medium,00000000000000000060_0,0.3574,0.424,-0.026171222,0.4764,0.42345,0.4248,0.4353,0.4614,0.4521,0.42735,"{""geodesic"":false,""type"":""Point"",""coordinates"":[36.718008417686555,34.73524692257795]}"
osm_098,OSM site 98,school,34.71476533410002,36.73849000616448,OpenStreetMap,unvalidated_public_osm,0.080446914,-0.28976324,-0.05520276,0.061802566,0.07105262,0.18419416,40.0,cropland,0.7477267177267178,0.35,0.9238827150000001,0.9744080999999999,0.5104055200000001,0.5,0.7,0.6768928507499999,medium,67.7,Medium,00000000000000000061_0,0.1376,0.213,0.05520276,0.3868,0.3252,0.3287,0.3405,0.3292,0.432,0.4113,"{""geodesic"":false,""type"":""Point"",""coordinates"":[36.73849000616448,34.71476533410002]}"
osm_099,OSM site 99,school,34.71476533410002,36.73579506031212,OpenStreetMap,unvalidated_public_osm,0.03948313,-0.12660913,0.03897457,0.04280701,0.03976252,0.0937146,50.0,built_up,0.5980632885632883,0.45,1.0,0.566522825,0.32205086000000005,0.5,0.7,0.625509651,medium,62.6,Medium,00000000000000000062_0,0.28253335,0.4116,-0.03897457,0.5309333,0.475025,0.484,0.4842,0.4906,0.4911,0.40476668,"{""geodesic"":false,""type"":""Point"",""coordinates"":[36.73579506031212,34.71476533410002]}"
osm_100,OSM site 100,school,34.717999269122856,36.73741202782354,OpenStreetMap,unvalidated_public_osm,0.026405456,-0.08460845,-0.013104022,0.037754234,0.025847696,0.07062529,50.0,built_up,0.813838624338624,0.45,1.0,0.461521125,0.426208044,0.5,0.7,0.6149250294,medium,61.5,Medium,00000000000000000063_0,0.3444,0.4068,0.013104022,0.482,0.4597,0.45033333,0.4507,0.4572,0.4948,0.4576,"{""geodesic"":false,""type"":""Point"",""coordinates"":[36.73741202782354,34.717999269122856]}"
osm_101,OSM site 101,school,34.7190772474638,36.73471708197118,OpenStreetMap,unvalidated_public_osm,0.0400891,-0.11571235,-0.0316728,0.048952967,0.038626622,0.09834498,50.0,built_up,0.771320105820106,0.45,1.0,0.539280875,0.4633456,0.5,0.7,0.634190735,medium,63.4,Medium,00000000000000000064_0,0.29526666,0.37013334,0.0316728,0.467,0.49545,0.4929,0.48946667,0.431,0.49755,0.45095,"{""geodesic"":false,""type"":""Point"",""coordinates"":[36.73471708197118,34.7190772474638]}"
osm_102,OSM site 102,school,34.71278904047496,36.72932719026646,OpenStreetMap,unvalidated_public_osm,0.010340323,-0.08870614,-0.07376562,0.010809786,0.008848287,0.11919928,50.0,built_up,0.9421760461760463,0.45,1.0,0.47176535,0.5475312400000001,0.5,0.7,0.629106194,medium,62.9,Medium,00000000000000000065_0,0.2292,0.2808,0.07376562,0.33546665,0.34345,0.3347,0.3321,0.3286,0.3889,0.386,"{""geodesic"":false,""type"":""Point"",""coordinates"":[36.72932719026646,34.71278904047496]}"
osm_103,ثانوية الشهيد نزار خليل (الفارابي),school,34.7183585952365,36.71818808074338,OpenStreetMap,unvalidated_public_osm,0.12789829,-0.21514907,-0.11233201,0.090469815,0.085395634,0.14738095,50.0,built_up,0.5153744588744589,0.45,0.8052542749999999,0.787872675,0.62466402,0.5,0.7,0.65135450575,medium,65.1,Medium,00000000000000000066_0,0.1144,0.1461,0.11233201,0.2262,0.22725,0.24275,0.24925,0.1749,0.28345,0.2579,"{""geodesic"":false,""type"":""Point"",""coordinates"":[36.71818808074338,34.7183585952365]}"
osm_104,مدرسة المتنبي,school,34.71871792135015,36.71854740685703,OpenStreetMap,unvalidated_public_osm,0.10408163,-0.20597413,-0.043831747,0.08308896,0.07727273,0.11223938,50.0,built_up,0.9418330928330928,0.45,0.864795925,0.7649353249999999,0.48766349400000003,0.5,0.7,0.6479523956500001,medium,64.8,Medium,00000000000000000067_0,0.1404,0.1781,0.043831747,0.2705,0.2641,0.28925,0.3066,0.2195,0.2953,0.25625,"{""geodesic"":false,""type"":""Point"",""coordinates"":[36.71854740685703,34.71871792135015]}"
osm_105,مدرسة ثانوية المثنى بن حارثة,school,34.72338916082757,36.725374603016334,OpenStreetMap,unvalidated_public_osm,0.03667407,-0.09179045,-0.0023576561,0.04273354,0.0315722,0.062405754,50.0,built_up,0.9938333333333335,0.45,1.0,0.479476125,0.4047153122,0.5,0.7,0.61636675622,medium,61.6,Medium,00000000000000000068_0,0.24673334,0.2904,0.0023576561,0.3491,0.31323335,0.31416667,0.321,0.3244,0.35075,0.3377,"{""geodesic"":false,""type"":""Point"",""coordinates"":[36.725374603016334,34.72338916082757]}"
osm_106,OSM site 106,school,34.70811780099754,36.73507640808483,OpenStreetMap,unvalidated_public_osm,0.008227681,-0.063570246,-0.031351827,0.011452235,0.007931946,0.081608295,50.0,built_up,0.8429669312169313,0.45,1.0,0.40892561499999996,0.462703654,0.5,0.7,0.6080554884,medium,60.8,Medium,00000000000000000069_0,0.3352,0.3992,0.031351827,0.4534,0.4712,0.4631,0.4617,0.446,0.48275,0.4656,"{""geodesic"":false,""type"":""Point"",""coordinates"":[36.73507640808483,34.70811780099754]}"
osm_107,OSM site 107,school,34.712968703531786,36.73004584249376,OpenStreetMap,unvalidated_public_osm,0.04573715,-0.10498533,-0.017675579,0.04900565,0.03743642,0.07016878,50.0,built_up,0.9730357142857142,0.45,1.0,0.512463325,0.435351158,0.5,0.7,0.6260277808,medium,62.6,Medium,0000000000000000006a_0,0.2176,0.25433335,0.017675579,0.314,0.284,0.2858,0.28935,0.28653333,0.3253,0.3138,"{""geodesic"":false,""type"":""Point"",""coordinates"":[36.73004584249376,34.712968703531786]}"
osm_108,مدرسة الاستقلال,school,34.722490845543454,36.71800841768656,OpenStreetMap,unvalidated_public_osm,0.03514377,-0.10391824,-0.091164075,0.032816228,0.026378896,0.11182622,50.0,built_up,0.9132760942760941,0.45,1.0,0.5097956,0.58232815,0.5,0.7,0.640191935,medium,64.0,Medium,0000000000000000006b_0,0.1824,0.2104,0.091164075,0.2592,0.2566,0.2559,0.263,0.2416,0.3112,0.3052,"{""geodesic"":false,""type"":""Point"",""coordinates"":[36.718008417686555,34.722490845543454]}"
osm_109,OSM site 109,school,34.70973476850895,36.72124235270939,OpenStreetMap,unvalidated_public_osm,0.031374406,-0.09133804,-0.006596101,0.033234347,0.02619912,0.07316245,50.0,built_up,0.9775753968253968,0.45,1.0,0.47834509999999997,0.413192202,0.5,0.7,0.6169882402,medium,61.7,Medium,0000000000000000006c_0,0.2222,0.2696,0.006596101,0.3238,0.2757,0.2772,0.2819,0.3041,0.3281,0.3121,"{""geodesic"":false,""type"":""Point"",""coordinates"":[36.72124235270939,34.70973476850895]}"
osm_110,OSM site 110,school,34.72159253025933,36.73202213611882,OpenStreetMap,unvalidated_public_osm,0.034985438,-0.10162915,-0.019337,0.041434094,0.03264814,0.08935286,50.0,built_up,0.9320661375661377,0.45,1.0,0.504072875,0.438674,0.5,0.7,0.624681975,medium,62.5,Medium,0000000000000000006d_0,0.2762,0.3474,0.019337,0.426,0.39715,0.3951,0.3997,0.3972,0.4428,0.4062,"{""geodesic"":false,""type"":""Point"",""coordinates"":[36.73202213611882,34.72159253025933]}"
osm_111,OSM site 111,school,34.72159253025933,36.72788988581187,OpenStreetMap,unvalidated_public_osm,0.039586905,-0.08828826,-0.015351172,0.04149875,0.034580678,0.0910911,50.0,built_up,0.9804999999999999,0.45,1.0,0.47072064999999996,0.430702344,0.5,0.7,0.6172143644,medium,61.7,Medium,0000000000000000006e_0,0.2278,0.3036,0.015351172,0.3624,0.33405,0.34343332,0.35023335,0.3348,0.3737,0.3415,"{""geodesic"":false,""type"":""Point"",""coordinates"":[36.72788988581187,34.72159253025933]}"
osm_112,OSM site 112,school,34.71314836658861,36.731662810005176,OpenStreetMap,unvalidated_public_osm,0.009291626,-0.08177249,0.020645684,0.011036416,0.008501902,0.06612547,50.0,built_up,0.9760753968253967,0.45,1.0,0.454431225,0.358708632,0.5,0.7,0.6067571082,medium,60.7,Medium,0000000000000000006f_0,0.2764,0.335,-0.020645684,0.39466667,0.3541,0.3516,0.34835,0.3874,0.3787,0.360575,"{""geodesic"":false,""type"":""Point"",""coordinates"":[36.731662810005176,34.71314836658861]}"
osm_113,مدرسة سبيع رجوب,school,34.72231118248663,36.71998471131162,OpenStreetMap,unvalidated_public_osm,0.03448279,-0.10189575,-0.059021913,0.031479567,0.026842434,0.109630056,50.0,built_up,0.8911213323713321,0.45,1.0,0.5047393749999999,0.518043826,0.5,0.7,0.6327522576,medium,63.3,Medium,00000000000000000070_0,0.1819,0.2274,0.059021913,0.279,0.26105,0.2564,0.25905,0.2604,0.314,0.30415,"{""geodesic"":false,""type"":""Point"",""coordinates"":[36.71998471131162,34.72231118248663]}"
osm_114,OSM site 114,school,34.722490845543454,36.72411696161857,OpenStreetMap,unvalidated_public_osm,0.05209394,-0.1318681,-0.06674721,0.04846677,0.042210754,0.12045415,50.0,built_up,0.947062169312169,0.45,0.99476515,0.5796702499999999,0.53349442,0.5,0.7,0.6479747795,medium,64.8,Medium,00000000000000000071_0,0.1868,0.237,0.06674721,0.309,0.29945,0.3049,0.30695,0.2784,0.3532,0.33613333,"{""geodesic"":false,""type"":""Point"",""coordinates"":[36.72411696161857,34.722490845543454]}"
osm_115,OSM site 115,school,34.720334888861565,36.69213693750392,OpenStreetMap,unvalidated_public_osm,0.024066802,-0.11736333,0.0096241245,0.027467914,0.022367625,0.08070622,50.0,built_up,0.9596587301587302,0.45,1.0,0.543408325,0.380751751,0.5,0.7,0.6267568401,medium,62.7,Medium,00000000000000000072_0,0.269,0.3294,-0.0096241245,0.417,0.38275,0.38105,0.37855,0.3974,0.40905,0.37145,"{""geodesic"":false,""type"":""Point"",""coordinates"":[36.69213693750392,34.720334888861565]}"
osm_116,OSM site 116,school,34.71368735575908,36.68998098082203,OpenStreetMap,unvalidated_public_osm,0.006575618,-0.06275032,0.0,0.008303789,0.0060427627,0.06814344,50.0,built_up,0.9651825396825395,0.45,1.0,0.4068758,0.4,0.5,0.7,0.60137516,medium,60.1,Medium,00000000000000000073_0,0.2919,0.351,0.0,0.398,0.37235,0.37115,0.37045,0.3928,0.398,0.3724,"{""geodesic"":false,""type"":""Point"",""coordinates"":[36.68998098082203,34.71368735575908]}"
osm_117,OSM site 117,school,34.71314836658861,36.682974121605895,OpenStreetMap,unvalidated_public_osm,0.032429766,-0.09372798,-0.07515828,0.033970974,0.026559545,0.1063017,50.0,built_up,0.9686825396825399,0.45,1.0,0.48431995000000005,0.55031656,0.5,0.7,0.631895646,medium,63.2,Medium,00000000000000000074_0,0.2161,0.2572,0.07515828,0.3104,0.31555,0.32365,0.32735,0.2909,0.36085,0.32335,"{""geodesic"":false,""type"":""Point"",""coordinates"":[36.682974121605895,34.71314836658861]}"
osm_118,OSM site 118,school,34.70739914877024,36.68764536108332,OpenStreetMap,unvalidated_public_osm,0.04038113,-0.08134874,0.025950788,0.048838045,0.038650848,0.06839255,50.0,built_up,0.8605066137566137,0.45,1.0,0.45337185,0.348098424,0.5,0.7,0.6054842123999999,medium,60.5,Medium,00000000000000000075_0,0.2899,0.3896,-0.025950788,0.4586,0.3943,0.3926,0.3958,0.423,0.4354,0.37365,"{""geodesic"":false,""type"":""Point"",""coordinates"":[36.68764536108332,34.70739914877024]}"
osm_119,OSM site 119,school,34.70811780099754,36.69034030693568,OpenStreetMap,unvalidated_public_osm,0.011523692,-0.091160215,-0.006705772,0.01485803,0.011271922,0.08310375,50.0,built_up,0.7741109076109076,0.45,1.0,0.47790053750000006,0.413411544,0.5,0.7,0.6169212619,medium,61.7,Medium,00000000000000000076_0,0.3248,0.3948,0.006705772,0.474,0.4807,0.4762,0.4655,0.4632,0.4804,0.4396,"{""geodesic"":false,""type"":""Point"",""coordinates"":[36.690340306935674,34.70811780099754]}"
osm_120,OSM site 120,school,34.71368735575908,36.684411426060485,OpenStreetMap,unvalidated_public_osm,0.07391827,-0.15907249,-0.018266724,0.07521325,0.06331503,0.08990207,50.0,built_up,0.9670555555555556,0.45,0.940204325,0.6476812249999999,0.43653344800000005,0.5,0.7,0.6382406710499999,medium,63.8,Medium,00000000000000000077_0,0.2095,0.2593,0.018266724,0.3574,0.30545,0.33285,0.3452,0.3082,0.3707,0.31065,"{""geodesic"":false,""type"":""Point"",""coordinates"":[36.684411426060485,34.71368735575908]}"
osm_121,OSM site 121,school,34.71602297549779,36.691597948333445,OpenStreetMap,unvalidated_public_osm,0.031578947,-0.095528446,0.03392877,0.040540542,0.02964072,0.051350478,50.0,built_up,0.9471031746031747,0.45,1.0,0.48882111500000003,0.33214246000000003,0.5,0.7,0.610978469,medium,61.1,Medium,00000000000000000078_0,0.2976,0.356,-0.03392877,0.4312,0.3617,0.361,0.3629,0.4048,0.4029,0.3801,"{""geodesic"":false,""type"":""Point"",""coordinates"":[36.691597948333445,34.71602297549779]}"
osm_122,OSM site 122,school,34.716561964668266,36.69069963304932,OpenStreetMap,unvalidated_public_osm,0.030725516,-0.10002757,-0.013163598,0.03470701,0.02800877,0.08854619,50.0,built_up,0.9618531746031745,0.45,1.0,0.5000689249999999,0.426327196,0.5,0.7,0.6226465045999999,medium,62.3,Medium,00000000000000000079_0,0.2583,0.3266,0.013163598,0.3992,0.3875,0.3794,0.3766,0.3754,0.40985,0.3895,"{""geodesic"":false,""type"":""Point"",""coordinates"":[36.69069963304932,34.716561964668266]}"
osm_123,OSM site 123,school,34.707938137940715,36.68513007828778,OpenStreetMap,unvalidated_public_osm,0.046471618,-0.1442911,-0.078438796,0.048672054,0.040594734,0.12480556,50.0,built_up,0.9060661375661374,0.45,1.0,0.61072775,0.556877592,0.5,0.7,0.6578333092,medium,65.8,Medium,0000000000000000007a_0,0.226,0.2728,0.078438796,0.3648,0.3785,0.3726,0.378,0.3324,0.4269,0.399,"{""geodesic"":false,""type"":""Point"",""coordinates"":[36.685130078287784,34.707938137940715]}"
osm_124,مدرسة محمد الهنداوي,school,34.703626224576944,36.710642232356776,OpenStreetMap,unvalidated_public_osm,0.021791777,-0.09026322,-0.013874685,0.023609664,0.018607864,0.07982278,50.0,built_up,0.980452380952381,0.45,1.0,0.47565805,0.42774937,0.5,0.7,0.617906547,medium,61.8,Medium,0000000000000000007b_0,0.2336,0.2817,0.013874685,0.3376,0.30855,0.3031,0.3049,0.3232,0.3471,0.3232,"{""geodesic"":false,""type"":""Point"",""coordinates"":[36.710642232356776,34.703626224576944]}"
osm_125,OSM site 125,school,34.69392441950845,36.70237773174288,OpenStreetMap,unvalidated_public_osm,0.014211886,-0.1009818,0.002554274,0.013121012,0.011794139,0.09561824,50.0,built_up,0.9544497354497355,0.45,1.0,0.5024544999999999,0.39489145200000003,0.5,0.7,0.6199800451999999,medium,62.0,Medium,0000000000000000007c_0,0.1958,0.2564,-0.002554274,0.314,0.2773,0.2783,0.2796,0.3052,0.3124,0.2808,"{""geodesic"":false,""type"":""Point"",""coordinates"":[36.70237773174288,34.69392441950845]}"
osm_126,OSM site 126,school,34.70380588763376,36.69770649226545,OpenStreetMap,unvalidated_public_osm,0.13950805,-0.2944772,-0.031045742,0.09975815,0.10672284,0.14122501,40.0,cropland,0.4389206349206349,0.35,0.776229875,0.9861929999999999,0.462091484,0.5,0.7,0.63750521715,medium,63.8,Medium,0000000000000000007d_0,0.1094,0.1616,0.031045742,0.2965,0.23925,0.25505,0.26455,0.2239,0.3155,0.27945,"{""geodesic"":false,""type"":""Point"",""coordinates"":[36.69770649226545,34.70380588763376]}"
osm_127,OSM site 127,school,34.697697343701755,36.736873038653066,OpenStreetMap,unvalidated_public_osm,0.030425038,-0.12478633,-0.03367253,0.03564406,0.029268276,0.10658385,50.0,built_up,0.8303505291005293,0.45,1.0,0.561965825,0.46734506000000003,0.5,0.7,0.639127671,medium,63.9,Medium,0000000000000000007e_0,0.2871,0.3584,0.03367253,0.4606,0.46895,0.460875,0.4643,0.4334,0.4927,0.4611,"{""geodesic"":false,""type"":""Point"",""coordinates"":[36.736873038653066,34.697697343701755]}"
osm_128,OSM site 128,school,34.69949397426999,36.71836774380021,OpenStreetMap,unvalidated_public_osm,0.041709505,-0.14009446,-0.11064329,0.03308994,0.030860467,0.15441346,50.0,built_up,0.785473184223184,0.45,1.0,0.60023615,0.62128658,0.5,0.7,0.6621758879999999,medium,66.2,Medium,0000000000000000007f_0,0.1492,0.1912,0.11064329,0.2535,0.25555,0.25656667,0.2601,0.2332,0.316575,0.2827,"{""geodesic"":false,""type"":""Point"",""coordinates"":[36.71836774380021,34.69949397426999]}"
osm_129,مدرسة الشهيد غسان ابراهيم,school,34.701470267895054,36.733100114459766,OpenStreetMap,unvalidated_public_osm,0.048980065,-0.123703726,-0.0018095142,0.045440942,0.039407805,0.08434937,50.0,built_up,0.9516812169312168,0.45,1.0,0.5592593149999999,0.4036190284,0.5,0.7,0.63221376584,medium,63.2,Medium,00000000000000000080_0,0.186,0.2366,0.0018095142,0.3034,0.2889,0.288,0.293,0.27506667,0.3045,0.2813,"{""geodesic"":false,""type"":""Point"",""coordinates"":[36.733100114459766,34.701470267895054]}"
osm_130,OSM site 130,school,34.70308723540647,36.71764909157291,OpenStreetMap,unvalidated_public_osm,0.036645934,-0.1526243,-0.07122983,0.032983903,0.030944033,0.1429511,50.0,built_up,0.7405737133237134,0.45,1.0,0.63156075,0.54245966,0.5,0.7,0.6605581159999999,medium,66.1,Medium,00000000000000000081_0,0.1875,0.2454,0.07122983,0.3338,0.3294,0.3333,0.33215,0.3102,0.385,0.3628,"{""geodesic"":false,""type"":""Point"",""coordinates"":[36.71764909157291,34.70308723540647]}"
osm_131,OSM site 131,school,34.696260039247164,36.73094415777788,OpenStreetMap,unvalidated_public_osm,0.076622024,-0.1570943,-0.059071176,0.07636682,0.0655759,0.11597167,50.0,built_up,0.8872445887445883,0.45,0.93344494,0.6427357499999999,0.518142352,0.5,0.7,0.6437226201999999,medium,64.4,Medium,00000000000000000082_0,0.2042,0.2605,0.059071176,0.3576,0.3797,0.38365,0.38393334,0.3067,0.4025,0.3564,"{""geodesic"":false,""type"":""Point"",""coordinates"":[36.73094415777788,34.696260039247164]}"
osm_132,OSM site 132,school,34.7018295940087,36.72645258135728,OpenStreetMap,unvalidated_public_osm,0.026407575,-0.10396571,-0.028263694,0.030844443,0.024408966,0.09464439,50.0,built_up,0.9539867724867727,0.45,1.0,0.509914275,0.45652738800000003,0.5,0.7,0.6276355938,medium,62.8,Medium,00000000000000000083_0,0.2718,0.3344,0.028263694,0.412,0.4034,0.398,0.399,0.3908,0.43596667,0.40985,"{""geodesic"":false,""type"":""Point"",""coordinates"":[36.72645258135728,34.7018295940087]}"
osm_133,OSM site 133,school,34.69967363732682,36.68171648020813,OpenStreetMap,unvalidated_public_osm,0.07781508,-0.15917297,-0.084381096,0.07699741,0.066210836,0.13010745,50.0,built_up,0.7498635161135159,0.45,0.9304623000000001,0.6479324249999999,0.568762192,0.5,0.7,0.6490782791999999,medium,64.9,Medium,00000000000000000084_0,0.2014,0.2562,0.084381096,0.3532,0.3562,0.3579,0.3626,0.3022,0.4183,0.3882,"{""geodesic"":false,""type"":""Point"",""coordinates"":[36.68171648020813,34.69967363732682]}"
osm_134,OSM site 134,school,34.70236858317917,36.68279445854907,OpenStreetMap,unvalidated_public_osm,0.0028195616,-0.06780088,0.025591755,0.003749548,0.0026643104,0.0551141,50.0,built_up,0.9252129629629633,0.45,1.0,0.41950219999999994,0.34881649000000003,0.5,0.7,0.598782089,medium,59.9,Medium,00000000000000000085_0,0.3164,0.3726,-0.025591755,0.4268,0.39955,0.39415,0.38955,0.4244,0.4055,0.3759,"{""geodesic"":false,""type"":""Point"",""coordinates"":[36.68279445854907,34.70236858317917]}"
osm_135,OSM site 135,school,34.68925318003103,36.6860283935719,OpenStreetMap,unvalidated_public_osm,0.07402421,-0.14272076,0.14108676,0.08370958,0.07114112,0.019649213,50.0,built_up,0.844397787397787,0.45,0.9399394750000001,0.6068019,0.11782648000000001,0.5,0.7,0.59812789675,medium,59.8,Medium,00000000000000000086_0,0.2646,0.3592,-0.14108676,0.4788,0.3289,0.3733,0.3939,0.4128,0.3604,0.3069,"{""geodesic"":false,""type"":""Point"",""coordinates"":[36.6860283935719,34.68925318003103]}"
osm_136,OSM site 136,school,34.738660520657604,36.669140066230455,OpenStreetMap,unvalidated_public_osm,0.05177624,-0.11053469,-0.11881584,0.048617743,0.039933912,0.13383687,50.0,built_up,0.8878994708994707,0.45,0.9955594000000001,0.5263367250000001,0.63763168,0.5,0.7,0.647920363,medium,64.8,Medium,00000000000000000087_0,0.1833,0.2229,0.11881584,0.2783,0.30675,0.32315,0.3273,0.2509,0.35335,0.3199,"{""geodesic"":false,""type"":""Point"",""coordinates"":[36.669140066230455,34.738660520657604]}"
osm_137,OSM site 137,school,34.73596557480524,36.65853994587784,OpenStreetMap,unvalidated_public_osm,0.024433568,-0.08110643,0.051407732,0.032250475,0.02356468,0.0460466,50.0,built_up,0.9070158730158728,0.45,1.0,0.45276607499999993,0.29718453600000005,0.5,0.7,0.6002716686,medium,60.0,Medium,00000000000000000088_0,0.3188,0.392,-0.051407732,0.4612,0.391,0.3807,0.3846,0.4392,0.4161,0.3719,"{""geodesic"":false,""type"":""Point"",""coordinates"":[36.65853994587784,34.73596557480524]}"
osm_138,OSM site 138,school,34.72967736781641,36.65602466308231,OpenStreetMap,unvalidated_public_osm,0.15203907,-0.24618824,-0.047767002,0.12399605,0.117575794,0.11837466,50.0,built_up,0.9053228715728717,0.45,0.744902325,0.8654706000000001,0.49553400400000003,0.5,0.7,0.63887310165,medium,63.9,Medium,00000000000000000089_0,0.1372,0.1854,0.047767002,0.3065,0.28955,0.29895,0.31225,0.2256,0.33725,0.29285,"{""geodesic"":false,""type"":""Point"",""coordinates"":[36.65602466308231,34.72967736781641]}"
osm_139,OSM site 139,school,34.73919950982808,36.66249253312797,OpenStreetMap,unvalidated_public_osm,0.083840445,-0.20617007,-0.10390609,0.070003115,0.06815684,0.16501202,30.0,grassland,0.32454846079846067,0.4,0.9153988875,0.765425175,0.60781218,0.5,0.7,0.657715974875,medium,65.8,Medium,0000000000000000008a_0,0.1567,0.211,0.10390609,0.3206,0.30855,0.31555,0.32195,0.271,0.39495,0.35205,"{""geodesic"":false,""type"":""Point"",""coordinates"":[36.662492533127974,34.739199509828076]}"
osm_140,OSM site 140,school,34.73255197672559,36.66141455478703,OpenStreetMap,unvalidated_public_osm,0.114350505,-0.32358602,-0.06648575,0.08516696,0.09477358,0.17738515,40.0,cropland,0.5331984126984127,0.35,0.8391237375,1.0,0.5329715,0.5,0.7,0.663078084375,medium,66.3,Medium,0000000000000000008b_0,0.1216,0.1758,0.06648575,0.344,0.28375,0.29315,0.30385,0.2734,0.393,0.3531,"{""geodesic"":false,""type"":""Point"",""coordinates"":[36.66141455478703,34.73255197672559]}"
osm_141,OSM site 141,school,34.696978691474456,36.63859734657039,OpenStreetMap,unvalidated_public_osm,0.029657768,-0.09399406,-0.019255139,0.03673466,0.027230386,0.07862384,50.0,built_up,0.9500899470899473,0.45,1.0,0.48498515000000003,0.43851027800000003,0.5,0.7,0.6208480578000001,medium,62.1,Medium,0000000000000000008c_0,0.2814,0.3364,0.019255139,0.4062,0.4104,0.40375,0.40675,0.3828,0.42215,0.3931,"{""geodesic"":false,""type"":""Point"",""coordinates"":[36.63859734657039,34.696978691474456]}"
osm_142,OSM site 142,school,34.73003669393005,36.63320745486568,OpenStreetMap,unvalidated_public_osm,0.035842266,-0.1083413,0.06298851,0.04014449,0.034462925,0.06480305,50.0,built_up,0.890701058201058,0.45,1.0,0.5208532499999999,0.27402298,0.5,0.7,0.611572948,medium,61.2,Medium,0000000000000000008d_0,0.2736,0.372,-0.06298851,0.4624,0.4154,0.4196,0.4175,0.4304,0.4076,0.321,"{""geodesic"":false,""type"":""Point"",""coordinates"":[36.633207454865676,34.73003669393005]}"
osm_143,OSM site 143,school,34.72895871558912,36.636980379058976,OpenStreetMap,unvalidated_public_osm,0.027066948,-0.07605055,0.02700376,0.035858676,0.025137128,0.04814286,50.0,built_up,0.9444642857142855,0.45,1.0,0.44012637499999996,0.34599248000000005,0.5,0.7,0.602624523,medium,60.3,Medium,0000000000000000008e_0,0.3008,0.3584,-0.02700376,0.4174,0.36695,0.36645,0.3728,0.3954,0.39545,0.368,"{""geodesic"":false,""type"":""Point"",""coordinates"":[36.636980379058976,34.728958715589116]}"
osm_144,OSM site 144,school,34.71602297549779,36.746395180664734,OpenStreetMap,unvalidated_public_osm,0.0134932585,-0.06624608,-0.0094633065,0.018122029,0.01245771,0.06451081,50.0,built_up,0.9532645502645504,0.45,1.0,0.4156152,0.418926613,0.5,0.7,0.6050157013,medium,60.5,Medium,0000000000000000008f_0,0.3046,0.3552,0.0094633065,0.4056,0.3947,0.38693333,0.3852,0.3948,0.41335,0.4036,"{""geodesic"":false,""type"":""Point"",""coordinates"":[36.746395180664734,34.71602297549779]}"
osm_145,OSM site 145,school,34.73596557480524,36.751425746255805,OpenStreetMap,unvalidated_public_osm,0.0010548308,-0.04919842,-0.027663944,0.0013619991,0.0009535725,0.07526882,50.0,built_up,0.9632037037037035,0.45,1.0,0.37299604999999997,0.455327888,0.5,0.7,0.6001319988,medium,60.0,Medium,00000000000000000090_0,0.2912,0.344,0.027663944,0.3796,0.3718,0.3679,0.3668,0.3788,0.4012,0.38203335,"{""geodesic"":false,""type"":""Point"",""coordinates"":[36.751425746255805,34.73596557480524]}"
osm_146,OSM site 146,school,34.73848085760078,36.74729349594885,OpenStreetMap,unvalidated_public_osm,0.031243637,-0.09849773,-0.0140329115,0.040154345,0.028608844,0.06956718,50.0,built_up,0.9606693121693121,0.45,1.0,0.496244325,0.428065823,0.5,0.7,0.6220554473,medium,62.2,Medium,00000000000000000091_0,0.2876,0.33155,0.0140329115,0.404,0.38345,0.38255,0.3863,0.37952,0.4155,0.37506667,"{""geodesic"":false,""type"":""Point"",""coordinates"":[36.74729349594885,34.73848085760078]}"
osm_147,OSM site 147,school,34.72949770475958,36.7476528220625,OpenStreetMap,unvalidated_public_osm,0.02048416,-0.07466031,-0.043510795,0.025712935,0.018453417,0.08532801,50.0,built_up,0.9608703703703704,0.45,1.0,0.43665077499999994,0.48702159,0.5,0.7,0.6160323139999999,medium,61.6,Medium,00000000000000000092_0,0.2794,0.3303,0.043510795,0.3836,0.388125,0.38415,0.388125,0.3682,0.4185,0.40725,"{""geodesic"":false,""type"":""Point"",""coordinates"":[36.7476528220625,34.72949770475958]}"
osm_148,OSM site 148,school,34.741355466509965,36.73884933227813,OpenStreetMap,unvalidated_public_osm,0.008874369,-0.058823537,0.025032643,0.012209242,0.008404611,0.05052004,50.0,built_up,0.9233240740740744,0.45,1.0,0.3970588425,0.34993471400000004,0.5,0.7,0.5944052398999999,medium,59.4,Medium,00000000000000000093_0,0.32296,0.384,-0.025032643,0.432,0.3942,0.38545,0.3874,0.4244,0.4109,0.4032,"{""geodesic"":false,""type"":""Point"",""coordinates"":[36.73884933227813,34.741355466509965]}"
osm_149,OSM site 149,school,34.73740287925984,36.7445985500965,OpenStreetMap,unvalidated_public_osm,0.019274961,-0.07317072,-0.06245933,0.019996313,0.015344895,0.09402174,50.0,built_up,0.9536785714285714,0.45,1.0,0.4329268,0.52491866,0.5,0.7,0.6190772259999999,medium,61.9,Medium,00000000000000000094_0,0.2119,0.2489,0.06245933,0.2882,0.27435,0.280475,0.282575,0.2773,0.3266,0.3199,"{""geodesic"":false,""type"":""Point"",""coordinates"":[36.7445985500965,34.73740287925984]}"
osm_150,OSM site 150,school,34.73327062895289,36.74100528896002,OpenStreetMap,unvalidated_public_osm,0.00984053,-0.07262572,-0.05553792,0.010447455,0.007986059,0.09218121,50.0,built_up,0.9668293650793651,0.45,1.0,0.4315643,0.5110758400000001,0.5,0.7,0.617420444,medium,61.7,Medium,00000000000000000095_0,0.2214,0.2573,0.05553792,0.2976,0.298,0.29506665,0.2985,0.2918,0.3326,0.328,"{""geodesic"":false,""type"":""Point"",""coordinates"":[36.74100528896002,34.73327062895289]}"
osm_151,OSM site 151,school,34.72608410667993,36.74334090869873,OpenStreetMap,unvalidated_public_osm,0.03517284,-0.14495744,-0.04022713,0.033555575,0.030203892,0.118520625,50.0,built_up,0.9198546176046176,0.45,1.0,0.6123936,0.48045426,0.5,0.7,0.650524146,medium,65.1,Medium,00000000000000000096_0,0.204,0.2588,0.04022713,0.34655,0.33835,0.3349,0.338725,0.323,0.3756,0.359225,"{""geodesic"":false,""type"":""Point"",""coordinates"":[36.74334090869873,34.72608410667993]}"
osm_152,OSM site 152,school,34.731473998384644,36.74909012651709,OpenStreetMap,unvalidated_public_osm,0.038202226,-0.14255431,-0.072688185,0.034323603,0.031789828,0.1398359,50.0,built_up,0.7944202741702742,0.45,1.0,0.6063857749999999,0.54537637,0.5,0.7,0.655814792,medium,65.6,Medium,00000000000000000097_0,0.185,0.2427,0.072688185,0.3234,0.331725,0.326525,0.33355,0.2996,0.3741,0.34596667,"{""geodesic"":false,""type"":""Point"",""coordinates"":[36.74909012651709,34.731473998384644]}"
osm_153,OSM site 153,school,34.73327062895289,36.741903604244136,OpenStreetMap,unvalidated_public_osm,0.0096104955,-0.08008657,-0.022586793,0.011272254,0.008831709,0.090964265,50.0,built_up,0.9618015873015874,0.45,1.0,0.450216425,0.445173586,0.5,0.7,0.6145606436,medium,61.5,Medium,00000000000000000098_0,0.2751,0.34,0.022586793,0.3992,0.385,0.38075,0.3832,0.3916,0.41765,0.3908,"{""geodesic"":false,""type"":""Point"",""coordinates"":[36.741903604244136,34.73327062895289]}"
osm_154,OSM site 154,school,34.72841972641864,36.771727671676906,OpenStreetMap,unvalidated_public_osm,0.06214976,-0.15528467,0.032433767,0.06554029,0.056956105,0.07560405,50.0,built_up,0.968825396825397,0.45,0.9696256,0.638211675,0.335132466,0.5,0.7,0.6335619816,medium,63.4,Medium,00000000000000000099_0,0.2353,0.3049,-0.032433767,0.417,0.32585,0.34595,0.3636,0.3682,0.3908,0.3534,"{""geodesic"":false,""type"":""Point"",""coordinates"":[36.771727671676906,34.72841972641864]}"
osm_155,OSM site 155,school,34.72500612833899,36.76741575831313,OpenStreetMap,unvalidated_public_osm,0.03953303,-0.1219931,-0.019320136,0.042238347,0.035651617,0.09809695,50.0,built_up,0.9791865079365079,0.45,1.0,0.55498275,0.438640272,0.5,0.7,0.6348605772,medium,63.5,Medium,0000000000000000009a_0,0.24,0.3066,0.019320136,0.3918,0.342025,0.34425,0.34986666,0.362,0.4072375,0.3754,"{""geodesic"":false,""type"":""Point"",""coordinates"":[36.76741575831313,34.72500612833899]}"
osm_156,OSM site 156,school,34.72141286720251,36.77801587866574,OpenStreetMap,unvalidated_public_osm,0.09252498,-0.30403486,-0.08161294,0.06683939,0.07738252,0.19942743,40.0,cropland,0.9021540404040403,0.35,0.8936875499999999,1.0,0.5632258800000001,0.5,0.7,0.6797444755,medium,68.0,Medium,0000000000000000009b_0,0.1172,0.1837,0.08161294,0.3442,0.33995,0.3435,0.348625,0.2859,0.405375,0.36675,"{""geodesic"":false,""type"":""Point"",""coordinates"":[36.77801587866574,34.72141286720251]}"
osm_157,OSM site 157,school,34.636611904381624,36.67506894710564,OpenStreetMap,unvalidated_public_osm,0.010473806,-0.07995736,-0.05260695,0.0125899175,0.009677411,0.103870705,50.0,built_up,0.90762962962963,0.45,1.0,0.4498934,0.5052139,0.5,0.7,0.62050007,medium,62.1,Medium,0000000000000000009c_0,0.2824,0.3452,0.05260695,0.4052,0.4298,0.4243,0.4217,0.3968,0.4502,0.4097,"{""geodesic"":false,""type"":""Point"",""coordinates"":[36.67506894710564,34.636611904381624]}"
osm_158,OSM site 158,school,34.63751021966574,36.674709620992,OpenStreetMap,unvalidated_public_osm,0.021777933,-0.08697301,0.04176903,0.030708816,0.022587012,0.058568545,50.0,built_up,0.7085047822547823,0.45,1.0,0.467432525,0.31646194000000005,0.5,0.7,0.605132699,medium,60.5,Medium,0000000000000000009d_0,0.3832,0.4808,-0.04176903,0.5724,0.5,0.4942,0.4902,0.548,0.5265,0.4852,"{""geodesic"":false,""type"":""Point"",""coordinates"":[36.674709620992,34.63751021966574]}"
osm_159,OSM site 159,school,34.74351142319185,36.67363164265105,OpenStreetMap,unvalidated_public_osm,0.016402546,-0.08486645,0.058253136,0.018352607,0.0145153245,0.048435014,50.0,built_up,0.9554603174603173,0.45,1.0,0.46216612500000004,0.28349372800000006,0.5,0.7,0.6007825978,medium,60.1,Medium,0000000000000000009e_0,0.2508,0.3084,-0.058253136,0.3656,0.30035,0.2964,0.30115,0.3538,0.32535,0.2911,"{""geodesic"":false,""type"":""Point"",""coordinates"":[36.67363164265105,34.74351142319185]}"
osm_160,OSM site 160,school,34.745128390703265,36.6867470457992,OpenStreetMap,unvalidated_public_osm,0.0049627707,-0.074983396,-0.027027037,0.0051887315,0.004192865,0.09156787,50.0,built_up,0.9763849206349206,0.45,1.0,0.43745849000000003,0.45405407400000003,0.5,0.7,0.6128971054,medium,61.3,Medium,0000000000000000009f_0,0.2276,0.2788,0.027027037,0.324,0.2872,0.2921,0.2942,0.3208,0.342,0.3144,"{""geodesic"":false,""type"":""Point"",""coordinates"":[36.686747045799194,34.745128390703265]}"
osm_161,OSM site 161,school,34.742972434021375,36.6739909687647,OpenStreetMap,unvalidated_public_osm,0.08626053,-0.21180557,-0.10855682,0.06187998,0.061276037,0.16424735,50.0,built_up,0.37927176527176537,0.45,0.9093486749999999,0.7795139249999999,0.61711364,0.5,0.7,0.67495131775,medium,67.5,Medium,000000000000000000a0_0,0.1213,0.1589,0.10855682,0.2443,0.2437,0.24985,0.2525,0.2055,0.3038,0.27785,"{""geodesic"":false,""type"":""Point"",""coordinates"":[36.6739909687647,34.742972434021375]}"
osm_162,OSM site 162,school,34.74351142319185,36.68063850186719,OpenStreetMap,unvalidated_public_osm,0.030915568,-0.10657307,-0.08712818,0.032646902,0.026602995,0.124980964,50.0,built_up,0.8333544973544972,0.45,1.0,0.516432675,0.57425636,0.5,0.7,0.640712171,medium,64.1,Medium,000000000000000000a1_0,0.228,0.28,0.08712818,0.3468,0.3658,0.3586,0.3595,0.326,0.413,0.3796,"{""geodesic"":false,""type"":""Point"",""coordinates"":[36.680638501867186,34.74351142319185]}"
osm_163,OSM site 163,school,34.747284347385154,36.71136088458408,OpenStreetMap,unvalidated_public_osm,0.06679164,-0.17168596,-0.13187759,0.049748622,0.04613142,0.15927292,50.0,built_up,0.7856970899470899,0.45,0.9580209000000001,0.6792149,0.66375518,0.5,0.7,0.671723723,medium,67.2,Medium,000000000000000000a2_0,0.132,0.1609,0.13187759,0.2276,0.24595,0.25175,0.25335,0.1991,0.29675,0.2807,"{""geodesic"":false,""type"":""Point"",""coordinates"":[36.711360884584074,34.747284347385154]}"
osm_164,OSM site 164,school,34.74494872764644,36.71046256929996,OpenStreetMap,unvalidated_public_osm,0.026478859,-0.09610467,-0.01950759,0.029434774,0.023305774,0.0858813,50.0,built_up,0.9804444444444445,0.45,1.0,0.490261675,0.43901518,0.5,0.7,0.621953853,medium,62.2,Medium,000000000000000000a3_0,0.2455,0.3005,0.01950759,0.3644,0.35955,0.3537,0.35665,0.3456,0.3789,0.33415,"{""geodesic"":false,""type"":""Point"",""coordinates"":[36.710462569299956,34.74494872764644]}"
osm_165,OSM site 165,school,34.76381334861295,36.75717496407417,OpenStreetMap,unvalidated_public_osm,0.038645253,-0.124060154,-0.028826639,0.047398426,0.03757389,0.0984384,50.0,built_up,0.8279933862433861,0.45,1.0,0.560150385,0.457653278,0.5,0.7,0.6377954048,medium,63.8,Medium,000000000000000000a4_0,0.301,0.3728,0.028826639,0.4784,0.4485,0.4434,0.454,0.4428,0.5068,0.4655,"{""geodesic"":false,""type"":""Point"",""coordinates"":[36.75717496407417,34.76381334861295]}"
osm_166,OSM site 166,school,34.74476906458962,36.72932719026646,OpenStreetMap,unvalidated_public_osm,0.061957162,-0.14054728,-0.034482755,0.065132715,0.053913347,0.09784107,50.0,built_up,0.9846666666666666,0.45,0.9701070949999999,0.6013682,0.46896551000000003,0.5,0.7,0.6396969647499999,medium,64.0,Medium,000000000000000000a5_0,0.2224,0.2764,0.034482755,0.3668,0.341,0.3537,0.3603,0.324,0.393,0.373,"{""geodesic"":false,""type"":""Point"",""coordinates"":[36.72932719026646,34.74476906458962]}"
osm_167,OSM site 167,school,34.748002999612446,36.719445722141145,OpenStreetMap,unvalidated_public_osm,0.043768838,-0.14097883,-0.08131157,0.042078935,0.035772838,0.12479572,50.0,built_up,0.9481111111111111,0.45,1.0,0.6024470749999999,0.56262314,0.5,0.7,0.656751729,medium,65.7,Medium,000000000000000000a6_0,0.1964,0.2352,0.08131157,0.3124,0.3326,0.3387,0.3443,0.2862,0.3677,0.3302,"{""geodesic"":false,""type"":""Point"",""coordinates"":[36.719445722141145,34.748002999612446]}"
osm_168,OSM site 168,school,34.74710468432833,36.728069548868696,OpenStreetMap,unvalidated_public_osm,0.0492651,-0.120579615,-0.060389068,0.05083846,0.040881097,0.10348568,50.0,built_up,0.965170634920635,0.45,1.0,0.5514490375,0.520778136,0.5,0.7,0.6423676211,medium,64.2,Medium,000000000000000000a7_0,0.2121,0.2549,0.060389068,0.3248,0.31485,0.3261,0.3281,0.2943,0.36655,0.34415,"{""geodesic"":false,""type"":""Point"",""coordinates"":[36.728069548868696,34.74710468432833]}"
osm_169,OSM site 169,school,34.74638603210103,36.72249999410715,OpenStreetMap,unvalidated_public_osm,0.03138174,-0.11409057,0.048571434,0.033329196,0.029689815,0.0781571,50.0,built_up,0.9303796296296298,0.45,1.0,0.535226425,0.30285713200000003,0.5,0.7,0.6173309981999999,medium,61.7,Medium,000000000000000000a8_0,0.2549,0.3502,-0.048571434,0.4404,0.39745,0.4038,0.4089,0.4136,0.3996,0.33465,"{""geodesic"":false,""type"":""Point"",""coordinates"":[36.72249999410715,34.74638603210103]}"
osm_170,OSM site 170,school,34.751596260748926,36.72609325524363,OpenStreetMap,unvalidated_public_osm,0.079839155,-0.2223667,-0.05941215,0.069730096,0.069709115,0.14985704,50.0,built_up,0.3721580826580827,0.45,0.9254021125,0.80591675,0.5188243,0.5,0.7,0.6744163081250001,medium,67.4,Medium,000000000000000000a9_0,0.174,0.2392,0.05941215,0.376,0.355,0.364,0.3723,0.3204,0.4235,0.3742,"{""geodesic"":false,""type"":""Point"",""coordinates"":[36.72609325524363,34.751596260748926]}"
osm_171,OSM site 171,school,34.74458940153279,36.7190863960275,OpenStreetMap,unvalidated_public_osm,0.037558664,-0.09287589,-0.056940917,0.042019542,0.03249829,0.09933975,50.0,built_up,0.9652724867724866,0.45,1.0,0.48218972499999996,0.513881834,0.5,0.7,0.6278261284,medium,62.8,Medium,000000000000000000aa_0,0.2398,0.2935,0.056940917,0.3536,0.34825,0.34825,0.3543,0.328,0.3963,0.3836,"{""geodesic"":false,""type"":""Point"",""coordinates"":[36.7190863960275,34.74458940153279]}"
osm_172,OSM site 172,school,34.74782333655562,36.73130348389152,OpenStreetMap,unvalidated_public_osm,0.030357158,-0.09487668,0.013280662,0.035033505,0.029226376,0.08513902,50.0,built_up,0.8657526455026453,0.45,1.0,0.48719170000000006,0.373438676,0.5,0.7,0.6147822076,medium,61.5,Medium,000000000000000000ab_0,0.2836,0.3816,-0.013280662,0.4616,0.3939,0.3961,0.4024,0.4344,0.4495,0.41555,"{""geodesic"":false,""type"":""Point"",""coordinates"":[36.73130348389152,34.74782333655562]}"
osm_173,OSM site 173,school,34.75842345690823,36.72375763550493,OpenStreetMap,unvalidated_public_osm,0.045296155,-0.11524161,0.026392935,0.04806929,0.041884,0.08175406,50.0,built_up,0.9510515873015873,0.45,1.0,0.538104025,0.34721413,0.5,0.7,0.622342218,medium,62.2,Medium,000000000000000000ac_0,0.2438,0.3332,-0.026392935,0.42,0.342,0.3581,0.369,0.3836,0.3984,0.3473,"{""geodesic"":false,""type"":""Point"",""coordinates"":[36.723757635504924,34.75842345690823]}"
osm_174,OSM site 174,school,34.75321322826034,36.73058483166423,OpenStreetMap,unvalidated_public_osm,0.08010013,-0.1915775,-0.08435014,0.073512524,0.06741574,0.14239271,50.0,built_up,0.7149110149110146,0.45,0.924749675,0.7289437500000001,0.5687002800000001,0.5,0.7,0.66384619675,medium,66.4,Medium,000000000000000000ad_0,0.1824,0.2342,0.08435014,0.3452,0.3266,0.3359,0.3367,0.294,0.4088,0.3726,"{""geodesic"":false,""type"":""Point"",""coordinates"":[36.73058483166423,34.75321322826034]}"
osm_175,OSM site 175,school,34.74279277096456,36.71998471131162,OpenStreetMap,unvalidated_public_osm,0.07840774,-0.15878157,-0.08495393,0.079916425,0.06705642,0.12609969,50.0,built_up,0.772313205313205,0.45,0.92898065,0.646953925,0.56990786,0.5,0.7,0.6486267335,medium,64.9,Medium,000000000000000000ae_0,0.2086,0.2596,0.08495393,0.3576,0.362,0.3677,0.3685,0.3056,0.424,0.3855,"{""geodesic"":false,""type"":""Point"",""coordinates"":[36.71998471131162,34.742792770964556]}"
osm_176,OSM site 176,school,34.747284347385154,36.72501527690269,OpenStreetMap,unvalidated_public_osm,0.07954543,-0.1728395,0.018241767,0.092282705,0.07716222,0.07827237,50.0,built_up,0.5954945054945053,0.45,0.926136425,0.68209875,0.36351646600000004,0.5,0.7,0.63430550285,medium,63.4,Medium,000000000000000000af_0,0.2732,0.3484,-0.018241767,0.494,0.4519,0.4611,0.4735,0.4212,0.4763,0.3914,"{""geodesic"":false,""type"":""Point"",""coordinates"":[36.72501527690269,34.747284347385154]}"
osm_177,OSM site 177,school,34.7521352499194,36.73058483166423,OpenStreetMap,unvalidated_public_osm,0.06256016,-0.18922803,-0.09532913,0.05313642,0.052074067,0.1640638,50.0,built_up,0.35713410663410666,0.45,0.9685995999999999,0.7230700749999999,0.59065826,0.5,0.7,0.6758297409999999,medium,67.6,Medium,000000000000000000b0_0,0.1666,0.2258,0.09532913,0.3312,0.3102,0.3133,0.3211,0.2922,0.401,0.3684,"{""geodesic"":false,""type"":""Point"",""coordinates"":[36.73058483166423,34.7521352499194]}"
osm_178,OSM site 178,school,34.75465053271493,36.738310343107656,OpenStreetMap,unvalidated_public_osm,0.04508197,-0.11292963,-0.0032979127,0.053534493,0.041224234,0.07453886,50.0,built_up,0.9684841269841269,0.45,1.0,0.532324075,0.4065958254,0.5,0.7,0.6271243975399999,medium,62.7,Medium,000000000000000000b1_0,0.2668,0.3252,0.0032979127,0.408,0.3789,0.3799,0.3841,0.3728,0.4107,0.3807,"{""geodesic"":false,""type"":""Point"",""coordinates"":[36.738310343107656,34.75465053271493]}"
osm_179,OSM site 179,school,34.75411154354446,36.75394102905134,OpenStreetMap,unvalidated_public_osm,0.18295886,-0.26430687,0.06213704,0.17964073,0.15868062,0.044078328,50.0,built_up,0.6221296296296295,0.45,0.66760285,0.9107671750000002,0.27572592,0.5,0.7,0.6066267395,medium,60.7,Medium,000000000000000000b2_0,0.1787,0.2359,-0.06213704,0.4054,0.3024,0.33156666,0.34245,0.28,0.35796666,0.32625,"{""geodesic"":false,""type"":""Point"",""coordinates"":[36.75394102905134,34.75411154354446]}"
osm_180,OSM site 180,school,34.74620636904421,36.740466299789546,OpenStreetMap,unvalidated_public_osm,0.033948775,-0.11246394,-0.11355078,0.035390534,0.029190848,0.14183839,50.0,built_up,0.8232870370370371,0.45,1.0,0.53115985,0.6271015600000001,0.5,0.7,0.648942126,medium,64.9,Medium,000000000000000000b3_0,0.2244,0.277,0.11355078,0.3472,0.3731,0.3701,0.3753,0.3244,0.43615,0.4171,"{""geodesic"":false,""type"":""Point"",""coordinates"":[36.740466299789546,34.74620636904421]}"
osm_181,OSM site 181,school,34.7521352499194,36.73956798450543,OpenStreetMap,unvalidated_public_osm,0.015422887,-0.071109936,-0.036411915,0.019876575,0.014263805,0.08457291,50.0,built_up,0.9346005291005293,0.45,1.0,0.42777484000000005,0.47282383000000006,0.5,0.7,0.612837351,medium,61.3,Medium,000000000000000000b4_0,0.29645,0.354,0.036411915,0.4082,0.41546667,0.40535,0.410425,0.3958,0.43905,0.43593332,"{""geodesic"":false,""type"":""Point"",""coordinates"":[36.73956798450543,34.7521352499194]}"
osm_182,OSM site 182,school,34.74908097795339,36.746395180664734,OpenStreetMap,unvalidated_public_osm,0.028387789,-0.10408281,-0.07996405,0.03112064,0.025505295,0.12582597,50.0,built_up,0.9246970899470902,0.45,1.0,0.5102070249999999,0.5599281,0.5,0.7,0.638034215,medium,63.8,Medium,000000000000000000b5_0,0.2477,0.3116,0.07996405,0.384,0.4256,0.4185,0.4176,0.3628,0.45075,0.41535,"{""geodesic"":false,""type"":""Point"",""coordinates"":[36.746395180664734,34.74908097795339]}"
osm_183,OSM site 183,school,34.747284347385154,36.74567652843744,OpenStreetMap,unvalidated_public_osm,0.03535621,-0.13029282,-0.013822578,0.03630945,0.03195549,0.103695735,50.0,built_up,0.9575198412698414,0.45,1.0,0.5757320499999999,0.427645156,0.5,0.7,0.6379109256000001,medium,63.8,Medium,000000000000000000b6_0,0.2321,0.30193335,0.013822578,0.3924,0.3373,0.3365,0.34165,0.3656,0.4034,0.381,"{""geodesic"":false,""type"":""Point"",""coordinates"":[36.745676528437436,34.747284347385154]}"
osm_184,OSM site 184,school,34.75375221743081,36.74298158258508,OpenStreetMap,unvalidated_public_osm,0.038626593,-0.10856619,0.029276235,0.051487386,0.03770948,0.056825727,50.0,built_up,0.7986719576719573,0.45,1.0,0.521415475,0.34144753,0.5,0.7,0.618427848,medium,61.8,Medium,000000000000000000b7_0,0.3232,0.3892,-0.029276235,0.484,0.4254,0.4221,0.4293,0.448,0.45646667,0.4241,"{""geodesic"":false,""type"":""Point"",""coordinates"":[36.74298158258508,34.75375221743081]}"
osm_185,OSM site 185,school,34.75806413079459,36.74172394118731,OpenStreetMap,unvalidated_public_osm,0.033982784,-0.10992219,-0.006151651,0.04224638,0.03254267,0.081201136,50.0,built_up,0.796602971102971,0.45,1.0,0.524805475,0.41230330200000004,0.5,0.7,0.6261914252,medium,62.6,Medium,000000000000000000b8_0,0.2986,0.366,0.006151651,0.4564,0.44456667,0.4402,0.4458,0.4264,0.46205,0.4269,"{""geodesic"":false,""type"":""Point"",""coordinates"":[36.74172394118731,34.75806413079459]}"
osm_186,OSM site 186,school,34.74405041236232,36.74262225647144,OpenStreetMap,unvalidated_public_osm,0.049019612,-0.122991174,-0.09304016,0.050623305,0.041637756,0.12795912,50.0,built_up,0.7888121693121691,0.45,1.0,0.557477935,0.58608032,0.5,0.7,0.650103619,medium,65.0,Medium,000000000000000000b9_0,0.2166,0.2674,0.09304016,0.3424,0.3607,0.35075,0.35885,0.3104,0.41265,0.3939,"{""geodesic"":false,""type"":""Point"",""coordinates"":[36.742622256471435,34.74405041236232]}"
osm_187,OSM site 187,school,34.75554884799905,36.74262225647144,OpenStreetMap,unvalidated_public_osm,0.02645196,-0.0930802,-0.050563507,0.029931327,0.023084624,0.09698886,50.0,built_up,0.9813015873015871,0.45,1.0,0.4827005,0.501127014,0.5,0.7,0.6266528014,medium,62.7,Medium,000000000000000000ba_0,0.2469,0.2962,0.050563507,0.357,0.34885,0.354,0.35455,0.3386,0.395025,0.366675,"{""geodesic"":false,""type"":""Point"",""coordinates"":[36.742622256471435,34.75554884799905]}"
osm_188,OSM site 188,school,34.664280015132505,36.73849000616448,OpenStreetMap,unvalidated_public_osm,0.032640934,-0.1133455,-0.034099936,0.03793849,0.03200331,0.11262799,50.0,built_up,0.6102148962148961,0.45,1.0,0.53336375,0.468199872,0.5,0.7,0.6334927372,medium,63.3,Medium,000000000000000000bb_0,0.2928,0.388,0.034099936,0.4872,0.51985,0.51935,0.51765,0.4564,0.5216,0.4318,"{""geodesic"":false,""type"":""Point"",""coordinates"":[36.73849000616448,34.664280015132505]}"
osm_189,OSM site 189,school,34.68368362526949,36.69267592667438,OpenStreetMap,unvalidated_public_osm,0.042307694,-0.11179488,-0.03957473,0.0433213,0.03523132,0.09506983,50.0,built_up,0.9867857142857143,0.45,1.0,0.5294872,0.47914946,0.5,0.7,0.633812386,medium,63.4,Medium,000000000000000000bc_0,0.2126,0.2598,0.03957473,0.3252,0.3234,0.3293,0.3287,0.2988,0.352,0.3412,"{""geodesic"":false,""type"":""Point"",""coordinates"":[36.69267592667438,34.68368362526949]}"
osm_190,OSM site 190,school,34.68494126666726,36.67075703374187,OpenStreetMap,unvalidated_public_osm,0.020757038,-0.07363017,0.10569826,0.025300149,0.02063665,0.04041292,50.0,built_up,0.7746071428571427,0.45,1.0,0.43407542499999996,0.18860348000000002,0.5,0.7,0.585675433,medium,58.6,Medium,000000000000000000bd_0,0.3164,0.4328,-0.10569826,0.5016,0.4019,0.4065,0.4094,0.4812,0.4057,0.3431,"{""geodesic"":false,""type"":""Point"",""coordinates"":[36.67075703374187,34.68494126666726]}"
osm_191,OSM site 191,school,34.66481900430298,36.6694993923441,OpenStreetMap,unvalidated_public_osm,0.082793005,-0.15509441,-0.042293925,0.088192314,0.07649769,0.11374707,50.0,built_up,0.8486593314093309,0.45,0.9180174874999999,0.6377360249999999,0.48458785000000004,0.5,0.7,0.635510361875,medium,63.6,Medium,000000000000000000be_0,0.2345,0.3176,0.042293925,0.4342,0.4255,0.43995,0.4378,0.3678,0.47255,0.4178,"{""geodesic"":false,""type"":""Point"",""coordinates"":[36.6694993923441,34.66481900430298]}"
osm_192,OSM site 192,school,34.66679529792804,36.62979385678602,OpenStreetMap,unvalidated_public_osm,0.033860028,-0.13173744,-0.08776296,0.03414327,0.029781587,0.13974406,50.0,built_up,0.7668057960557961,0.45,1.0,0.5793436,0.57552592,0.5,0.7,0.653421312,medium,65.3,Medium,000000000000000000bf_0,0.2218,0.2811,0.08776296,0.3664,0.42805,0.42135,0.41665,0.3424,0.4369,0.38915,"{""geodesic"":false,""type"":""Point"",""coordinates"":[36.62979385678602,34.66679529792804]}"
osm_193,OSM site 193,school,33.5052736355615,36.29885450611639,OpenStreetMap,unvalidated_public_osm,0.21243978,-0.2892408,-0.033856895,0.16557422,0.15210119,0.092244156,50.0,built_up,0.7077306397306399,0.45,0.59390055,0.9731020000000001,0.46771379,0.5,0.7,0.6198669164999999,medium,62.0,Medium,000000000000000000c0_0,0.1188,0.1526,0.033856895,0.2768,0.24643333,0.26116666,0.2698,0.1798,0.2962,0.2749,"{""geodesic"":false,""type"":""Point"",""coordinates"":[36.298854506116385,33.5052736355615]}"
osm_194,OSM site 194,school,33.50671094001609,36.30065113668463,OpenStreetMap,unvalidated_public_osm,0.030648634,-0.11775315,0.065769136,0.03370261,0.028841875,0.062015798,50.0,built_up,0.9733253968253968,0.45,1.0,0.5443828749999999,0.268461728,0.5,0.7,0.6157227477999999,medium,61.6,Medium,000000000000000000c1_0,0.2624,0.3424,-0.065769136,0.4338,0.347,0.354875,0.3626,0.408,0.38026,0.34203333,"{""geodesic"":false,""type"":""Point"",""coordinates"":[36.30065113668463,33.50671094001609]}"
osm_195,OSM site 195,school,33.516592408141406,36.35203477093626,OpenStreetMap,unvalidated_public_osm,0.069113135,-0.15075709,-0.07194057,0.06676513,0.058752153,0.12806629,50.0,built_up,0.8352853535353534,0.45,0.9522171625,0.626892725,0.54388114,0.5,0.7,0.647820949625,medium,64.8,Medium,000000000000000000c2_0,0.1978,0.258,0.07194057,0.3496,0.3305,0.3398,0.344,0.3044,0.4038,0.3656,"{""geodesic"":false,""type"":""Point"",""coordinates"":[36.352034770936264,33.516592408141406]}"
osm_196,OSM site 196,school,33.51066352726622,36.35023814036803,OpenStreetMap,unvalidated_public_osm,0.012475075,-0.07839492,-0.0378186,0.015519788,0.011524301,0.09054036,50.0,built_up,0.926383597883598,0.45,1.0,0.44598730000000003,0.47563720000000004,0.5,0.7,0.61676118,medium,61.7,Medium,000000000000000000c3_0,0.2893,0.3468,0.0378186,0.4058,0.425,0.41435,0.41205,0.3958,0.4377,0.4164,"{""geodesic"":false,""type"":""Point"",""coordinates"":[36.35023814036803,33.51066352726622]}"
osm_197,OSM site 197,school,33.51569409285729,36.35203477093626,OpenStreetMap,unvalidated_public_osm,0.07686118,-0.15195867,-0.111111134,0.06797154,0.057472426,0.13153407,50.0,built_up,0.950398148148148,0.45,0.9328470499999999,0.6298966749999999,0.622222268,0.5,0.7,0.6514133243,medium,65.1,Medium,000000000000000000c4_0,0.1652,0.197,0.111111134,0.2676,0.2604,0.2651,0.2691,0.2294,0.3345,0.3163,"{""geodesic"":false,""type"":""Point"",""coordinates"":[36.352034770936264,33.51569409285729]}"
osm_198,OSM site 198,school,33.51713139731188,36.34880083591344,OpenStreetMap,unvalidated_public_osm,0.019493643,-0.08384945,-0.0038314008,0.026595786,0.01874195,0.06863035,50.0,built_up,0.8631269841269839,0.45,1.0,0.45962362500000004,0.4076628016,0.5,0.7,0.6126910051600001,medium,61.3,Medium,000000000000000000c5_0,0.326,0.3846,0.0038314008,0.455,0.41475,0.41255,0.4173,0.4376,0.4585,0.4418,"{""geodesic"":false,""type"":""Point"",""coordinates"":[36.34880083591344,33.51713139731188]}"
osm_199,مدرسة فاطمة المخزومية ابتدائي,school,33.524856908755304,36.278372917638464,OpenStreetMap,unvalidated_public_osm,0.071945526,-0.17170776,-0.04276755,0.056190994,0.05227883,0.112668104,50.0,built_up,0.8590844155844155,0.45,0.9451361850000001,0.6792693999999999,0.4855351,0.5,0.7,0.6506914362499999,medium,65.1,Medium,000000000000000000c6_0,0.1408,0.178,0.04276755,0.2518,0.21933334,0.2396,0.24545,0.218,0.2743,0.244875,"{""geodesic"":false,""type"":""Point"",""coordinates"":[36.278372917638464,33.524856908755304]}"
osm_200,مدرسة عدنان الصباغ,school,33.52647387626672,36.28430179851365,OpenStreetMap,unvalidated_public_osm,0.12484882,-0.21922797,-0.10985853,0.08103347,0.07989795,0.15551917,50.0,built_up,0.3740636123136124,0.45,0.81287795,0.7980699250000001,0.61971706,0.5,0.7,0.6548051785,medium,65.5,Medium,000000000000000000c7_0,0.1004,0.134,0.10985853,0.20925,0.1958,0.2174,0.2275,0.1628,0.2609,0.2294,"{""geodesic"":false,""type"":""Point"",""coordinates"":[36.28430179851365,33.52647387626672]}"
osm_201,مدرسة إبن النفيس,school,33.5338400615965,36.295081581923085,OpenStreetMap,unvalidated_public_osm,0.30608425,-0.35250404,-0.020360399,0.18207127,0.17934187,0.08093908,10.0,tree_cover,0.5269666907166908,0.2,0.359789375,1.0,0.440720798,0.5,0.7,0.48901942355000005,low,48.9,Low,000000000000000000c8_0,0.0706,0.1002,0.020360399,0.2093,0.13555,0.1664,0.1794,0.1112,0.218,0.189725,"{""geodesic"":false,""type"":""Point"",""coordinates"":[36.295081581923085,33.5338400615965]}"
osm_202,OSM site 202,school,33.52647387626672,36.28807472270695,OpenStreetMap,unvalidated_public_osm,0.011189396,-0.072056234,-0.027177881,0.01311614,0.009927286,0.0843075,50.0,built_up,0.9816111111111112,0.45,1.0,0.43014058499999996,0.45435576200000005,0.5,0.7,0.6114636932,medium,61.1,Medium,000000000000000000c9_0,0.2626,0.3168,0.027177881,0.366,0.3507,0.35,0.3463,0.3579,0.38645,0.3727,"{""geodesic"":false,""type"":""Point"",""coordinates"":[36.28807472270695,33.52647387626672]}"
osm_203,ثانوية نبيل يونس,school,33.53294174631238,36.29759686471862,OpenStreetMap,unvalidated_public_osm,0.14472052,-0.23597957,-0.13265485,0.10440239,0.10028696,0.16669877,50.0,built_up,0.31073136123136125,0.45,0.7631987000000001,0.839948925,0.6653097,0.5,0.7,0.6553204300000001,medium,65.5,Medium,000000000000000000ca_0,0.1146,0.1519,0.13265485,0.24573334,0.271,0.28106666,0.2921,0.1836,0.3209,0.2744,"{""geodesic"":false,""type"":""Point"",""coordinates"":[36.29759686471862,33.53294174631238]}"
osm_204,OSM site 204,school,33.465568100003416,36.297237538604975,OpenStreetMap,unvalidated_public_osm,0.06178576,-0.18693091,-0.08278146,0.055650964,0.053923126,0.15693094,50.0,built_up,0.527428451178451,0.45,0.9705355999999999,0.717327275,0.5655629200000001,0.5,0.7,0.672655647,medium,67.3,Medium,000000000000000000cb_0,0.1862,0.253,0.08278146,0.36933333,0.3781,0.3831,0.38985,0.32635,0.436,0.38986668,"{""geodesic"":false,""type"":""Point"",""coordinates"":[36.297237538604975,33.465568100003416]}"
osm_205,OSM site 205,school,33.45424932742351,36.29849518000274,OpenStreetMap,unvalidated_public_osm,0.047510013,-0.1473354,-0.061357968,0.046309207,0.041541535,0.1295337,50.0,built_up,0.878978475228475,0.45,1.0,0.6183385,0.522715936,0.5,0.7,0.6559392936,medium,65.6,Medium,000000000000000000cc_0,0.2094,0.272,0.061357968,0.366,0.35286668,0.3551,0.35573334,0.3328,0.41385,0.3755,"{""geodesic"":false,""type"":""Point"",""coordinates"":[36.29849518000274,33.45424932742351]}"
osm_206,OSM site 206,school,33.45335101213939,36.3004714736278,OpenStreetMap,unvalidated_public_osm,0.027158089,-0.08992664,-0.0073813736,0.033667997,0.025362309,0.076763615,50.0,built_up,0.9430582010582013,0.45,1.0,0.4748166,0.4147627472,0.5,0.7,0.61643959472,medium,61.6,Medium,000000000000000000cd_0,0.289,0.3537,0.0073813736,0.4236,0.4008,0.4043,0.4012,0.4012,0.4299,0.4028,"{""geodesic"":false,""type"":""Point"",""coordinates"":[36.3004714736278,33.45335101213939]}"
osm_207,OSM site 207,school,33.457662925503165,36.29777652777545,OpenStreetMap,unvalidated_public_osm,0.067717575,-0.16424753,-0.070660874,0.06985095,0.061308227,0.13145685,50.0,built_up,0.8770446127946127,0.45,0.9557060624999999,0.660618825,0.541321748,0.5,0.7,0.655182455425,medium,65.5,Medium,000000000000000000ce_0,0.2254,0.29173332,0.070660874,0.4064,0.3977,0.4014,0.4041,0.35485,0.4682,0.42644,"{""geodesic"":false,""type"":""Point"",""coordinates"":[36.29777652777545,33.457662925503165]}"
osm_208,OSM site 208,school,33.45335101213939,36.29903416917321,OpenStreetMap,unvalidated_public_osm,0.03909457,-0.14410101,-0.094164014,0.037471835,0.033675835,0.14753342,50.0,built_up,0.607583333333333,0.45,1.0,0.6102525249999999,0.5883280280000001,0.5,0.7,0.6608833078,medium,66.1,Medium,000000000000000000cf_0,0.20473333,0.26213333,0.094164014,0.3504,0.3728,0.3719,0.372,0.32403332,0.42325,0.3923,"{""geodesic"":false,""type"":""Point"",""coordinates"":[36.29903416917321,33.45335101213939]}"
osm_209,OSM site 209,school,33.452632359912094,36.29903416917321,OpenStreetMap,unvalidated_public_osm,0.0691473,-0.2157969,-0.08634017,0.057033263,0.058427963,0.17018647,40.0,cropland,0.4449484126984127,0.35,0.95213175,0.7894922500000001,0.57268034,0.5,0.7,0.6531994215000001,medium,65.3,Medium,000000000000000000d0_0,0.1588,0.2224,0.08634017,0.3448,0.33375,0.33726665,0.34463334,0.3002,0.40996668,0.37863332,"{""geodesic"":false,""type"":""Point"",""coordinates"":[36.29903416917321,33.452632359912094]}"
osm_210,OSM site 210,school,33.45281202296892,36.3004714736278,OpenStreetMap,unvalidated_public_osm,0.054505017,-0.14683202,-0.045857705,0.05678856,0.048228357,0.110719144,50.0,built_up,0.9782460317460316,0.45,0.9887374575,0.61708005,0.49171541,0.5,0.7,0.649771915375,medium,65.0,Medium,000000000000000000d1_0,0.2258,0.2821,0.045857705,0.3792,0.35,0.3514,0.3575,0.34,0.41565,0.37635,"{""geodesic"":false,""type"":""Point"",""coordinates"":[36.3004714736278,33.45281202296892]}"
osm_211,OSM site 211,school,33.45694427327587,36.29759686471862,OpenStreetMap,unvalidated_public_osm,0.05909043,-0.1952284,-0.0054472843,0.05530727,0.053897277,0.118764624,50.0,built_up,0.8148100048100045,0.45,0.9772739250000001,0.7380709999999999,0.4108945686,0.5,0.7,0.66302213811,medium,66.3,Medium,000000000000000000d2_0,0.2038,0.2766,0.0054472843,0.4108,0.3756,0.3795,0.3879,0.36496,0.4153,0.3806,"{""geodesic"":false,""type"":""Point"",""coordinates"":[36.29759686471862,33.45694427327587]}"
osm_212,OSM site 212,school,33.46592742611706,36.29831551694592,OpenStreetMap,unvalidated_public_osm,0.03956638,-0.13424008,-0.054939654,0.041295413,0.03537963,0.11919916,50.0,built_up,0.9574630832130832,0.45,1.0,0.5856002,0.509879308,0.5,0.7,0.6481079707999999,medium,64.8,Medium,000000000000000000d3_0,0.2323,0.2928,0.054939654,0.3836,0.3703,0.3723,0.3774,0.3544,0.4282,0.3984,"{""geodesic"":false,""type"":""Point"",""coordinates"":[36.29831551694592,33.46592742611706]}"
osm_213,OSM site 213,school,33.472215633105904,36.283403483229534,OpenStreetMap,unvalidated_public_osm,0.20144403,-0.2827134,-0.015675837,0.1758311,0.15882352,0.08524749,50.0,built_up,0.7915582010582008,0.45,0.621389925,0.9567834999999999,0.431351674,0.5,0.7,0.61983934865,medium,62.0,Medium,000000000000000000d4_0,0.1431,0.1861,0.015675837,0.3328,0.2838,0.30655,0.31995,0.2212,0.3434,0.31905,"{""geodesic"":false,""type"":""Point"",""coordinates"":[36.283403483229534,33.472215633105904]}"
osm_214,OSM site 214,school,33.48856497127688,36.29166798384343,OpenStreetMap,unvalidated_public_osm,0.04293916,-0.13464902,-0.015640229,0.04527846,0.040919047,0.11260968,50.0,built_up,0.8251219336219335,0.45,1.0,0.58662255,0.43128045800000003,0.5,0.7,0.6404525557999999,medium,64.0,Medium,000000000000000000d5_0,0.252,0.3464,0.015640229,0.4542,0.4293,0.433575,0.4269,0.4168,0.46863332,0.4132,"{""geodesic"":false,""type"":""Point"",""coordinates"":[36.29166798384343,33.48856497127688]}"
osm_215,OSM site 215,school,33.48209710123122,36.29526124497991,OpenStreetMap,unvalidated_public_osm,0.04850964,-0.14176612,-0.05659632,0.047793157,0.0420466,0.12230493,50.0,built_up,0.9215489417989416,0.45,1.0,0.6044153,0.51319264,0.5,0.7,0.652202324,medium,65.2,Medium,000000000000000000d6_0,0.2101,0.2697,0.05659632,0.3588,0.35776666,0.36275,0.36666,0.3256,0.40185,0.36902,"{""geodesic"":false,""type"":""Point"",""coordinates"":[36.29526124497991,33.48209710123122]}"
osm_216,OSM site 216,school,33.472215633105904,36.28681708130919,OpenStreetMap,unvalidated_public_osm,0.03673467,-0.11771175,0.006812819,0.042440288,0.033644836,0.075053535,50.0,built_up,0.9627658730158729,0.45,1.0,0.544279375,0.386374362,0.5,0.7,0.6274933112,medium,62.7,Medium,000000000000000000d7_0,0.2634,0.3208,-0.006812819,0.4064,0.36795,0.36255,0.3585,0.3776,0.4009,0.37918,"{""geodesic"":false,""type"":""Point"",""coordinates"":[36.28681708130919,33.472215633105904]}"
osm_217,OSM site 217,school,33.47958181843568,36.283403483229534,OpenStreetMap,unvalidated_public_osm,0.06833211,-0.13816047,-0.07689865,0.064054005,0.05342781,0.11328106,50.0,built_up,0.9681190476190473,0.45,0.954169725,0.595401175,0.5537973,0.5,0.7,0.6430023962499999,medium,64.3,Medium,000000000000000000d8_0,0.1814,0.2202,0.07689865,0.2908,0.2838,0.2963,0.30035,0.2536,0.33925,0.3261,"{""geodesic"":false,""type"":""Point"",""coordinates"":[36.283403483229534,33.47958181843568]}"
osm_218,OSM site 218,school,33.47347327450367,36.281966178774944,OpenStreetMap,unvalidated_public_osm,0.017453391,-0.069418415,-0.11703957,0.016489282,0.013144792,0.1258239,50.0,built_up,0.9055357142857139,0.45,1.0,0.42354603749999997,0.63407914,0.5,0.7,0.6281171215,medium,62.8,Medium,000000000000000000d9_0,0.1878,0.2232,0.11703957,0.2565,0.2687,0.2806,0.286425,0.2477,0.3245,0.30193335,"{""geodesic"":false,""type"":""Point"",""coordinates"":[36.281966178774944,33.47347327450367]}"
osm_219,OSM site 219,school,33.47473091590144,36.28681708130919,OpenStreetMap,unvalidated_public_osm,0.032777686,-0.14090624,-0.066531226,0.032920428,0.028881075,0.12943031,50.0,built_up,0.896314454064454,0.45,1.0,0.6022656,0.533062452,0.5,0.7,0.6537593652,medium,65.4,Medium,000000000000000000da_0,0.2215,0.2768,0.066531226,0.3676,0.3803,0.37525,0.3771,0.34426665,0.42,0.37845,"{""geodesic"":false,""type"":""Point"",""coordinates"":[36.28681708130919,33.47473091590144]}"
osm_220,ثانوية علي خلوف,school,33.50329734193644,36.28951202716154,OpenStreetMap,unvalidated_public_osm,0.040974792,-0.13692999,-0.03837561,0.036690768,0.032417618,0.10701987,50.0,built_up,0.9131296296296292,0.45,1.0,0.592324975,0.47675122000000003,0.5,0.7,0.6461401170000001,medium,64.6,Medium,000000000000000000db_0,0.1784,0.2205,0.03837561,0.29046667,0.2844,0.29335,0.29695,0.2676,0.31365,0.2898,"{""geodesic"":false,""type"":""Point"",""coordinates"":[36.28951202716154,33.50329734193644]}"
osm_221,OSM site 221,school,33.501321048311375,36.281247526547645,OpenStreetMap,unvalidated_public_osm,0.01213527,-0.092530645,-0.010225985,0.013431612,0.011062271,0.092317365,50.0,built_up,0.9710992063492063,0.45,1.0,0.4813266125,0.42045197,0.5,0.7,0.6183105194999999,medium,61.8,Medium,000000000000000000dc_0,0.2584,0.3256,0.010225985,0.392,0.3655,0.36365,0.36165,0.3826,0.4001,0.4012,"{""geodesic"":false,""type"":""Point"",""coordinates"":[36.281247526547645,33.501321048311375]}"
osm_222,الثانوية الصناعية في الميدان,school,33.48910396044735,36.295081581923085,OpenStreetMap,unvalidated_public_osm,0.06866077,-0.124865815,-0.06525942,0.0716109,0.05567806,0.09669586,50.0,built_up,0.98090873015873,0.45,0.9533480750000001,0.5621645375000001,0.53051884,0.5,0.7,0.6338218102500001,medium,63.4,Medium,000000000000000000dd_0,0.2064,0.2446,0.06525942,0.3144,0.32075,0.3228,0.31815,0.274,0.3583,0.3358,"{""geodesic"":false,""type"":""Point"",""coordinates"":[36.295081581923085,33.48910396044735]}"
osm_223,OSM site 223,school,33.49736846106125,36.27819325458164,OpenStreetMap,unvalidated_public_osm,0.037612952,-0.09708956,-0.12501104,0.033595473,0.027513072,0.13230418,50.0,built_up,0.8776636604136602,0.45,1.0,0.4927239,0.6500220800000001,0.5,0.7,0.643546988,medium,64.4,Medium,000000000000000000de_0,0.17185,0.2032,0.12501104,0.2469,0.25735,0.257925,0.2615,0.229,0.31745,0.29445,"{""geodesic"":false,""type"":""Point"",""coordinates"":[36.27819325458164,33.49736846106125]}"
osm_224,مدرسة حسن الحكيم,school,33.49161924324288,36.29633922332086,OpenStreetMap,unvalidated_public_osm,0.029334316,-0.08761486,-0.025472527,0.033323828,0.024922824,0.07576089,50.0,built_up,0.9821666666666666,0.45,1.0,0.46903714999999996,0.450945054,0.5,0.7,0.6189019354,medium,61.9,Medium,000000000000000000df_0,0.2401,0.282,0.025472527,0.33616,0.32386667,0.32,0.3198,0.317,0.35373333,0.35125,"{""geodesic"":false,""type"":""Point"",""coordinates"":[36.29633922332086,33.49161924324288]}"
osm_225,OSM site 225,school,33.50060239608408,36.27963055903623,OpenStreetMap,unvalidated_public_osm,0.04390999,-0.12713337,0.13476132,0.050609123,0.04163804,0.021034198,50.0,built_up,0.917968253968254,0.45,1.0,0.567833425,0.13047736000000004,0.5,0.7,0.606614421,medium,60.7,Medium,000000000000000000e0_0,0.27325,0.34735,-0.13476132,0.44853333,0.31975,0.35,0.3659,0.4108,0.342,0.285,"{""geodesic"":false,""type"":""Point"",""coordinates"":[36.27963055903623,33.500602396084076]}"
osm_226,OSM site 226,school,33.4932362107543,36.277654265411165,OpenStreetMap,unvalidated_public_osm,0.21797004,-0.26142457,-0.07465412,0.19386345,0.16990104,0.11330449,50.0,built_up,0.5169019961519961,0.45,0.5800749,0.9035614250000001,0.54930824,0.5,0.7,0.6106618340000001,medium,61.1,Medium,000000000000000000e1_0,0.14373334,0.19286667,0.07465412,0.3294,0.31305,0.35445,0.36435,0.2115,0.38255,0.3448,"{""geodesic"":false,""type"":""Point"",""coordinates"":[36.277654265411165,33.4932362107543]}"
osm_227,OSM site 227,school,33.49090059101559,36.297237538604975,OpenStreetMap,unvalidated_public_osm,0.034357626,-0.13896865,0.020414999,0.03764629,0.032889493,0.088920414,50.0,built_up,0.8761574074074074,0.45,1.0,0.597421625,0.35917000200000004,0.5,0.7,0.6354013251999999,medium,63.5,Medium,000000000000000000e2_0,0.2665,0.3448,-0.020414999,0.4561,0.402825,0.408325,0.41095,0.4258,0.43785,0.388275,"{""geodesic"":false,""type"":""Point"",""coordinates"":[36.297237538604975,33.49090059101559]}"
osm_228,OSM site 228,school,33.49718879800442,36.27675595012705,OpenStreetMap,unvalidated_public_osm,0.025921669,-0.13838288,-0.0531632,0.025598735,0.022605501,0.12327929,50.0,built_up,0.9321084656084656,0.45,1.0,0.5959572,0.5063264000000001,0.5,0.7,0.64982408,medium,65.0,Medium,000000000000000000e3_0,0.217,0.2696,0.0531632,0.3562,0.3617,0.3651,0.3689,0.3382,0.3962,0.36473334,"{""geodesic"":false,""type"":""Point"",""coordinates"":[36.27675595012705,33.49718879800442]}"
osm_229,نائلة الوفية,school,33.49431418909524,36.29472225580944,OpenStreetMap,unvalidated_public_osm,0.06892794,-0.1425245,0.02308262,0.06903751,0.058151733,0.06730197,50.0,built_up,0.9337641432641436,0.45,0.9526801500000001,0.60631125,0.35383476,0.5,0.7,0.6248157635,medium,62.5,Medium,000000000000000000e4_0,0.2046,0.2578,-0.02308262,0.3435,0.2778,0.2948,0.2991,0.2992,0.328,0.2981,"{""geodesic"":false,""type"":""Point"",""coordinates"":[36.29472225580944,33.49431418909524]}"
osm_230,الزرقاء,school,33.4939548629816,36.29472225580944,OpenStreetMap,unvalidated_public_osm,0.018923922,-0.051502954,-0.15233831,0.01909396,0.014725689,0.14313883,50.0,built_up,0.8698690476190473,0.45,1.0,0.37875738499999995,0.7046766200000001,0.5,0.7,0.626219139,medium,62.6,Medium,000000000000000000e5_0,0.2034,0.2477,0.15233831,0.2746,0.31775,0.3185,0.3219,0.2644,0.3733,0.3472,"{""geodesic"":false,""type"":""Point"",""coordinates"":[36.29472225580944,33.493954862981596]}"
osm_231,OSM site 231,school,33.49862610245901,36.29562057109356,OpenStreetMap,unvalidated_public_osm,0.032722924,-0.12897936,-0.0556909,0.031923633,0.028039802,0.12176863,50.0,built_up,0.9449285714285716,0.45,1.0,0.5724484,0.5113818,0.5,0.7,0.6456278599999999,medium,64.6,Medium,000000000000000000e6_0,0.20933333,0.2654,0.0556909,0.344,0.361425,0.36773333,0.362675,0.3222,0.384575,0.3501,"{""geodesic"":false,""type"":""Point"",""coordinates"":[36.29562057109356,33.49862610245901]}"
osm_232,مدرسة محمود حماد,school,33.49557183049301,36.29526124497991,OpenStreetMap,unvalidated_public_osm,0.057769347,-0.13113478,0.061325952,0.061326433,0.05013275,0.045849215,50.0,built_up,0.9472247474747475,0.45,0.9805766325,0.57783695,0.277348096,0.5,0.7,0.618446357725,medium,61.8,Medium,000000000000000000e7_0,0.2249,0.27883333,-0.061325952,0.363,0.30525,0.30895,0.310375,0.32335,0.32105,0.305325,"{""geodesic"":false,""type"":""Point"",""coordinates"":[36.29526124497991,33.49557183049301]}"
osm_233,OSM site 233,school,33.53150444185779,36.32257002961715,OpenStreetMap,unvalidated_public_osm,0.01404189,-0.08356414,-0.08960436,0.01217147,0.010125648,0.11525509,50.0,built_up,0.8541904761904763,0.45,1.0,0.45891034999999997,0.57920872,0.5,0.7,0.629702942,medium,63.0,Medium,000000000000000000e8_0,0.169175,0.1985,0.08960436,0.2347,0.268,0.2645,0.2659,0.2282,0.2809,0.27133334,"{""geodesic"":false,""type"":""Point"",""coordinates"":[36.32257002961715,33.53150444185779]}"
osm_234,إعدادية أحمد ناصيف,school,33.53599601827839,36.301010462798274,OpenStreetMap,unvalidated_public_osm,0.055290915,-0.1425028,-0.026145004,0.050035458,0.043549147,0.09568877,50.0,built_up,0.950765873015873,0.45,0.9867727125,0.606257,0.452290008,0.5,0.7,0.643173578925,medium,64.3,Medium,000000000000000000e9_0,0.1775,0.21893333,0.026145004,0.2917,0.2531,0.2602,0.2642,0.26113334,0.3073625,0.28305,"{""geodesic"":false,""type"":""Point"",""coordinates"":[36.301010462798274,33.53599601827839]}"
osm_235,OSM site 235,school,33.524856908755304,36.29921383223004,OpenStreetMap,unvalidated_public_osm,0.054945067,-0.13750003,-0.037752956,0.049609672,0.043248218,0.10226331,50.0,built_up,0.9446494708994707,0.45,0.9876373325,0.593750075,0.47550591200000003,0.5,0.7,0.643209939325,medium,64.3,Medium,000000000000000000ea_0,0.17704,0.2208,0.037752956,0.2912,0.2784,0.28945,0.29326665,0.26086667,0.31405,0.2839,"{""geodesic"":false,""type"":""Point"",""coordinates"":[36.29921383223004,33.524856908755304]}"
osm_236,الثانوية الصناعة الخامسة,school,33.53797231190345,36.30352574559381,OpenStreetMap,unvalidated_public_osm,0.046253063,-0.14338712,-0.05570556,0.042035587,0.037529256,0.12017461,50.0,built_up,0.9384074074074071,0.45,1.0,0.6084678,0.51141112,0.5,0.7,0.652834672,medium,65.3,Medium,000000000000000000eb_0,0.1831,0.2309,0.05570556,0.3082,0.309075,0.313,0.31055,0.28095,0.3445625,0.33045,"{""geodesic"":false,""type"":""Point"",""coordinates"":[36.30352574559381,33.53797231190345]}"
osm_237,OSM site 237,school,33.52288061513024,36.30280709336651,OpenStreetMap,unvalidated_public_osm,0.06163699,-0.14376456,-0.021135,0.055662364,0.048598226,0.093215056,50.0,built_up,0.9741388888888888,0.45,0.970907525,0.6094114,0.44227000000000005,0.5,0.7,0.63883616125,medium,63.9,Medium,000000000000000000ec_0,0.176,0.22016667,0.021135,0.2941,0.2721,0.27745,0.2815,0.25995,0.3068,0.2779,"{""geodesic"":false,""type"":""Point"",""coordinates"":[36.30280709336651,33.52288061513024]}"
osm_238,ثانوية إبن العميد,school,33.54066725775581,36.305322376162046,OpenStreetMap,unvalidated_public_osm,0.034864508,-0.117096215,-0.051581502,0.034845505,0.032289326,0.13549519,50.0,built_up,0.8303783068783068,0.45,1.0,0.5427405375,0.503163004,0.5,0.7,0.6388644079,medium,63.9,Medium,000000000000000000ed_0,0.2314,0.33,0.051581502,0.41753334,0.40035,0.39926666,0.40305,0.3894,0.46295,0.41275,"{""geodesic"":false,""type"":""Point"",""coordinates"":[36.305322376162046,33.54066725775581]}"
osm_239,مدرسة محي الدين العربي,school,33.53815197496027,36.30029181057098,OpenStreetMap,unvalidated_public_osm,0.050970115,-0.1588361,-0.068715796,0.04325589,0.039495308,0.12863071,50.0,built_up,0.8892354497354495,0.45,0.9975747125000001,0.64709025,0.537431592,0.5,0.7,0.662554887325,medium,66.3,Medium,000000000000000000ee_0,0.16373333,0.2038,0.068715796,0.28076667,0.28565,0.2836,0.28366667,0.25353333,0.3222,0.2931,"{""geodesic"":false,""type"":""Point"",""coordinates"":[36.30029181057098,33.53815197496027]}"
osm_240,OSM site 240,school,33.50239902665232,36.2508844699444,OpenStreetMap,unvalidated_public_osm,0.116279036,-0.25314844,-0.14940213,0.08818972,0.089658834,0.19924171,30.0,grassland,0.44289423052580956,0.4,0.8343024099999999,0.8828711,0.69880426,0.5,0.7,0.6700302484999999,medium,67.0,Medium,000000000000000000ef_0,0.1272,0.17593333,0.14940213,0.2952,0.3431,0.3521,0.3518,0.2337,0.3989,0.3552,"{""geodesic"":false,""type"":""Point"",""coordinates"":[36.2508844699444,33.50239902665232]}"
osm_242,OSM site 242,school,33.49575149354983,36.25016581771711,OpenStreetMap,unvalidated_public_osm,0.07783597,-0.20366402,-0.099117465,0.063623406,0.062348567,0.16330141,50.0,built_up,0.3175552503052504,0.45,0.930410075,0.7591600500000001,0.59823493,0.5,0.7,0.6742580217499999,medium,67.4,Medium,000000000000000000f1_0,0.1522,0.2043,0.099117465,0.3088,0.30303332,0.3102,0.31845,0.2642,0.37675,0.3363,"{""geodesic"":false,""type"":""Point"",""coordinates"":[36.25016581771711,33.49575149354983]}"
osm_243,ثانوية ابن رشد,school,33.512460157834454,36.25968795972878,OpenStreetMap,unvalidated_public_osm,0.038854815,-0.121567525,-0.038390998,0.037197478,0.03555834,0.13398044,50.0,built_up,0.7369021164021162,0.45,1.0,0.5539188125,0.47678199600000004,0.5,0.7,0.6384619621,medium,63.8,Medium,000000000000000000f2_0,0.2159,0.3183,0.038390998,0.4064,0.41585,0.4349,0.432375,0.376,0.43885,0.387475,"{""geodesic"":false,""type"":""Point"",""coordinates"":[36.25968795972878,33.512460157834454]}"
osm_244,قتيبة بن مسلم الباهلي,school,33.511561842550336,36.25807099221736,OpenStreetMap,unvalidated_public_osm,0.019309515,-0.08603493,-0.022172326,0.021852832,0.016728606,0.080655135,50.0,built_up,0.994111111111111,0.45,1.0,0.46508732499999994,0.444344652,0.5,0.7,0.6174519302,medium,61.7,Medium,000000000000000000f3_0,0.2466,0.2932,0.022172326,0.3484,0.3466,0.3383,0.3452,0.3352,0.3642,0.3294,"{""geodesic"":false,""type"":""Point"",""coordinates"":[36.25807099221736,33.511561842550336]}"
osm_245,OSM site 245,school,33.52952814823273,36.33388880219705,OpenStreetMap,unvalidated_public_osm,0.042512078,-0.123958334,0.005533244,0.04746494,0.039759036,0.08633259,50.0,built_up,0.9662539682539681,0.45,1.0,0.559895835,0.38893351200000004,0.5,0.7,0.6308725182,medium,63.1,Medium,000000000000000000f4_0,0.2608,0.3364,-0.005533244,0.4316,0.3812,0.3804,0.38353333,0.3964,0.42685,0.3929,"{""geodesic"":false,""type"":""Point"",""coordinates"":[36.33388880219705,33.52952814823273]}"
osm_246,OSM site 246,school,33.5293484851759,36.33640408499259,OpenStreetMap,unvalidated_public_osm,0.10863351,-0.22779801,-0.06610475,0.09607606,0.095031686,0.14918894,30.0,grassland,0.4464339826839826,0.4,0.853416225,0.8194950249999999,0.5322095,0.5,0.7,0.64547401125,medium,64.5,Medium,000000000000000000f5_0,0.1708,0.2439,0.06610475,0.3878,0.36805,0.3826,0.39275,0.3118,0.4427,0.4005,"{""geodesic"":false,""type"":""Point"",""coordinates"":[36.33640408499259,33.5293484851759]}"
osm_247,OSM site 247,school,33.53940961635804,36.36029927155016,OpenStreetMap,unvalidated_public_osm,0.02312645,-0.073961936,-0.019932885,0.036421154,0.022896482,0.06499368,50.0,built_up,0.7407203907203909,0.45,1.0,0.43490484,0.43986577000000004,0.5,0.7,0.610967545,medium,61.1,Medium,000000000000000000f6_0,0.3734,0.4282,0.019932885,0.4966,0.48025,0.47565,0.4824,0.47415,0.5168,0.4957,"{""geodesic"":false,""type"":""Point"",""coordinates"":[36.36029927155016,33.53940961635804]}"
osm_248,OSM site 248,school,33.53617568133521,36.36425185880029,OpenStreetMap,unvalidated_public_osm,0.058408838,-0.13132398,-0.0021362458,0.067308776,0.053770065,0.07930054,50.0,built_up,0.9749523809523809,0.45,0.9789779049999999,0.57830995,0.4042724916,0.5,0.7,0.6308337154099999,medium,63.1,Medium,000000000000000000f7_0,0.2588,0.3228,0.0021362458,0.4204,0.3682,0.3719,0.38,0.374,0.4222,0.389,"{""geodesic"":false,""type"":""Point"",""coordinates"":[36.36425185880029,33.53617568133521]}"
osm_249,OSM site 249,school,33.552525019506184,36.36407219574347,OpenStreetMap,unvalidated_public_osm,0.061255142,-0.15171286,-0.04184574,0.06792418,0.056496933,0.10745775,50.0,built_up,0.9383690476190475,0.45,0.971862145,0.6292821500000001,0.48369148,0.5,0.7,0.6471911142500001,medium,64.7,Medium,000000000000000000f8_0,0.2496,0.312,0.04184574,0.4236,0.4013,0.4058,0.41,0.3747,0.4606,0.4262,"{""geodesic"":false,""type"":""Point"",""coordinates"":[36.36407219574347,33.552525019506184]}"
osm_250,OSM site 250,school,33.5548606392449,36.36173657600475,OpenStreetMap,unvalidated_public_osm,0.10953058,-0.18947773,-0.012501977,0.09556907,0.08697289,0.09389086,50.0,built_up,0.9466468253968255,0.45,0.8511735500000001,0.723694325,0.425003954,0.5,0.7,0.6300326479,medium,63.0,Medium,000000000000000000f9_0,0.1604,0.2126,0.012501977,0.312,0.2274,0.2465,0.2629,0.2504,0.3199,0.2661,"{""geodesic"":false,""type"":""Point"",""coordinates"":[36.36173657600475,33.5548606392449]}"
osm_251,OSM site 251,school,33.54300287749452,36.35796365181145,OpenStreetMap,unvalidated_public_osm,0.03854677,-0.1826438,0.020239409,0.04226792,0.037211318,0.09052786,50.0,built_up,0.7915079365079364,0.45,1.0,0.7066095,0.35952118200000005,0.5,0.7,0.6572740182,medium,65.7,Medium,000000000000000000fa_0,0.2686,0.324,-0.020239409,0.4688,0.3866,0.3873,0.3917,0.434,0.4502,0.4208,"{""geodesic"":false,""type"":""Point"",""coordinates"":[36.35796365181145,33.54300287749452]}"
osm_252,ثانوية صالح سلامة شاهين,school,33.550908051994774,36.32257002961715,OpenStreetMap,unvalidated_public_osm,0.046226263,-0.13909222,-0.023890436,0.04205151,0.03767468,0.10418049,50.0,built_up,0.945652116402116,0.45,1.0,0.59773055,0.44778087200000005,0.5,0.7,0.6443241972,medium,64.4,Medium,000000000000000000fb_0,0.1838,0.2352,0.023890436,0.3112,0.2926,0.29655,0.2988,0.2837,0.32643333,0.2978,"{""geodesic"":false,""type"":""Point"",""coordinates"":[36.32257002961715,33.550908051994774]}"
osm_253,OSM site 253,school,33.5421045622104,36.33137351940152,OpenStreetMap,unvalidated_public_osm,0.038585987,-0.13448796,0.010785686,0.041031197,0.038442936,0.10904474,50.0,built_up,0.652441956191956,0.45,1.0,0.5862198999999999,0.37842862800000004,0.5,0.7,0.6350868428,medium,63.5,Medium,000000000000000000fc_0,0.27212,0.3918,-0.010785686,0.51356,0.45935,0.4726,0.472475,0.4754,0.5026,0.4281,"{""geodesic"":false,""type"":""Point"",""coordinates"":[36.33137351940152,33.5421045622104]}"
osm_254,مدرسة رشاد القصيباتي,school,33.54767411697194,36.32257002961715,OpenStreetMap,unvalidated_public_osm,0.027730608,-0.076467074,-0.08267387,0.027681522,0.021405682,0.10281798,50.0,built_up,0.9534894179894182,0.45,1.0,0.441167685,0.56534774,0.5,0.7,0.624768311,medium,62.5,Medium,000000000000000000fd_0,0.1988,0.2337,0.08267387,0.2724,0.2798,0.2688,0.27998,0.2577,0.3215,0.31035,"{""geodesic"":false,""type"":""Point"",""coordinates"":[36.32257002961715,33.54767411697194]}"
osm_255,OSM site 255,school,33.545877486403704,36.33460745442434,OpenStreetMap,unvalidated_public_osm,0.051947188,-0.14302193,0.009421959,0.055629756,0.046843216,0.08148256,50.0,built_up,0.9683809523809525,0.45,0.9951320300000001,0.6075548249999999,0.381156082,0.5,0.7,0.6384095807000001,medium,63.8,Medium,000000000000000000fe_0,0.2374,0.2972,-0.009421959,0.3964,0.3373,0.3421,0.34625,0.35725,0.389,0.3548,"{""geodesic"":false,""type"":""Point"",""coordinates"":[36.334607454424344,33.545877486403704]}"
osm_256,مدرسة موسى بن نصير,school,33.54426051889229,36.322749692673966,OpenStreetMap,unvalidated_public_osm,0.03842361,-0.11672259,-0.04247105,0.037439965,0.031650107,0.10345128,50.0,built_up,0.987005291005291,0.45,1.0,0.5418064749999999,0.48494210000000004,0.5,0.7,0.636855505,medium,63.7,Medium,000000000000000000ff_0,0.2014,0.2501,0.04247105,0.3162,0.30485,0.3051,0.3118,0.2928,0.34425,0.31285,"{""geodesic"":false,""type"":""Point"",""coordinates"":[36.322749692673966,33.54426051889229]}"
osm_257,مدرسة هاشم الفصيح,school,33.55917255260867,36.329936214946926,OpenStreetMap,unvalidated_public_osm,0.05573668,-0.17748919,-0.1446541,0.04999721,0.04706756,0.18452056,50.0,built_up,0.5375992063492062,0.45,0.9856583,0.6937229749999999,0.6893082,0.5,0.7,0.6840899899999999,medium,68.4,Medium,00000000000000000100_0,0.1826,0.2375,0.1446541,0.34,0.3829,0.3893,0.39405,0.3041,0.455,0.40185,"{""geodesic"":false,""type"":""Point"",""coordinates"":[36.329936214946926,33.55917255260867]}"
osm_258,OSM site 258,school,33.55504030230172,36.328498910492335,OpenStreetMap,unvalidated_public_osm,0.012186885,-0.07046632,-0.02426355,0.015627915,0.011337289,0.080697246,50.0,built_up,0.9257460317460321,0.45,1.0,0.4261658,0.4485271,0.5,0.7,0.61008587,medium,61.0,Medium,00000000000000000101_0,0.2988,0.3588,0.02426355,0.4132,0.42456666,0.4205,0.4176,0.40325,0.43375,0.41575,"{""geodesic"":false,""type"":""Point"",""coordinates"":[36.328498910492335,33.55504030230172]}"
osm_259,OSM site 259,school,33.54174523609675,36.32688194298092,OpenStreetMap,unvalidated_public_osm,0.040479526,-0.12820512,-0.08346594,0.038814023,0.03334236,0.1289107,50.0,built_up,0.8777205387205387,0.45,1.0,0.5705128,0.56693188,0.5,0.7,0.650795748,medium,65.1,Medium,00000000000000000102_0,0.1976,0.2448,0.08346594,0.3168,0.3536,0.3484,0.3491,0.29215,0.3745,0.3473,"{""geodesic"":false,""type"":""Point"",""coordinates"":[36.32688194298092,33.54174523609675]}"
osm_260,OSM site 260,school,33.54551816029006,36.33083453023104,OpenStreetMap,unvalidated_public_osm,0.034613546,-0.112697616,0.027911905,0.041124426,0.032598972,0.06695296,50.0,built_up,0.928347883597884,0.45,1.0,0.53174404,0.34417619,0.5,0.7,0.620766427,medium,62.1,Medium,00000000000000000103_0,0.2806,0.348,-0.027911905,0.4364,0.404,0.4002,0.40273333,0.4072,0.4127,0.3949,"{""geodesic"":false,""type"":""Point"",""coordinates"":[36.330834530231044,33.54551816029006]}"
osm_261,مدرسة 8 آذار,school,33.56168783540421,36.32239036656032,OpenStreetMap,unvalidated_public_osm,0.03205124,-0.13647056,-0.115991786,0.028380387,0.025433276,0.15364785,50.0,built_up,0.7971388888888887,0.45,1.0,0.5911763999999999,0.631983572,0.5,0.7,0.6614336371999999,medium,66.1,Medium,00000000000000000104_0,0.178,0.2202,0.115991786,0.2898,0.33553332,0.3307,0.3312,0.2718,0.36585,0.33065,"{""geodesic"":false,""type"":""Point"",""coordinates"":[36.32239036656032,33.56168783540421]}"
osm_262,OSM site 262,school,33.471496980878605,36.33011587800375,OpenStreetMap,unvalidated_public_osm,0.028902562,-0.11948259,-0.0734645,0.029009037,0.024873156,0.12718265,50.0,built_up,0.9273690476190475,0.45,1.0,0.548706475,0.546929,0.5,0.7,0.644434195,medium,64.4,Medium,00000000000000000105_0,0.2174,0.2723,0.0734645,0.3462,0.3561,0.350175,0.3516,0.32675,0.4011,0.3752,"{""geodesic"":false,""type"":""Point"",""coordinates"":[36.330115878003745,33.471496980878605]}"
osm_263,OSM site 263,school,33.47616822035603,36.32957688883327,OpenStreetMap,unvalidated_public_osm,0.037229422,-0.13211112,-0.11225066,0.034786817,0.029930383,0.14363746,50.0,built_up,0.8216256613756613,0.45,1.0,0.5802778,0.62450132,0.5,0.7,0.658505692,medium,65.9,Medium,00000000000000000106_0,0.18965,0.2296,0.11225066,0.2995,0.3461,0.3432,0.3437,0.278,0.37524,0.3531,"{""geodesic"":false,""type"":""Point"",""coordinates"":[36.32957688883327,33.47616822035603]}"
osm_264,OSM site 264,school,33.47580889424238,36.33388880219705,OpenStreetMap,unvalidated_public_osm,0.08059266,-0.18863049,-0.10579439,0.06926968,0.06350861,0.15024188,50.0,built_up,0.6377306674806672,0.45,0.92351835,0.721576225,0.61158878,0.5,0.7,0.6663537105,medium,66.6,Medium,00000000000000000107_0,0.1621,0.2041,0.10579439,0.299,0.2771,0.284,0.2913,0.2544,0.36975,0.3361,"{""geodesic"":false,""type"":""Point"",""coordinates"":[36.33388880219705,33.47580889424238]}"
osm_265,OSM site 265,school,33.47239529616272,36.33586509582212,OpenStreetMap,unvalidated_public_osm,0.03946696,-0.105478324,0.010148821,0.0491338,0.03608249,0.06067369,50.0,built_up,0.9625714285714285,0.45,1.0,0.51369581,0.379702358,0.5,0.7,0.6207093978,medium,62.1,Medium,00000000000000000108_0,0.2783,0.3282,-0.010148821,0.4056,0.3653,0.3652,0.37185,0.3748,0.39745,0.39245,"{""geodesic"":false,""type"":""Point"",""coordinates"":[36.335865095822115,33.47239529616272]}"
osm_266,OSM site 266,school,33.48065979677663,36.33101419328786,OpenStreetMap,unvalidated_public_osm,0.048680954,-0.11993617,0.004846332,0.05984342,0.046370298,0.07454998,50.0,built_up,0.8836812169312168,0.45,1.0,0.549840425,0.390307336,0.5,0.7,0.6289988186,medium,62.9,Medium,00000000000000000109_0,0.2893,0.35845,-0.004846332,0.45615,0.41395,0.4265,0.4308,0.4138,0.45175,0.422175,"{""geodesic"":false,""type"":""Point"",""coordinates"":[36.331014193287864,33.48065979677663]}"
osm_267,OSM site 267,school,33.47544956812873,36.33945835695859,OpenStreetMap,unvalidated_public_osm,0.039809875,-0.0975227,-0.03958293,0.04575098,0.034265265,0.08395414,50.0,built_up,0.976638888888889,0.45,1.0,0.49380674999999996,0.47916586000000005,0.5,0.7,0.626677936,medium,62.7,Medium,0000000000000000010a_0,0.2433,0.2878,0.03958293,0.35,0.32715,0.3302,0.33635,0.3232,0.37885,0.3563,"{""geodesic"":false,""type"":""Point"",""coordinates"":[36.33945835695859,33.47544956812873]}"
osm_268,OSM site 268,school,33.4729342853332,36.33586509582212,OpenStreetMap,unvalidated_public_osm,0.062116936,-0.16075307,-0.12176414,0.056367233,0.05096493,0.160134,50.0,built_up,0.8330632515632516,0.45,0.96970766,0.6518826750000001,0.6435282800000001,0.5,0.7,0.667156278,medium,66.7,Medium,0000000000000000010b_0,0.1808,0.2318,0.12176414,0.3206,0.3522,0.35815,0.352,0.2831,0.4095,0.38435,"{""geodesic"":false,""type"":""Point"",""coordinates"":[36.335865095822115,33.472934285333196]}"
osm_269,OSM site 269,school,33.46035787135553,36.30550203921887,OpenStreetMap,unvalidated_public_osm,0.051478658,-0.148898,-0.051500563,0.05143922,0.045838766,0.12379012,50.0,built_up,0.9061124338624338,0.45,0.996303355,0.6222449999999999,0.503001126,0.5,0.7,0.65382495135,medium,65.4,Medium,0000000000000000010c_0,0.218,0.28446665,0.051500563,0.384,0.3605,0.3618,0.3653,0.3464,0.4257,0.3813,"{""geodesic"":false,""type"":""Point"",""coordinates"":[36.30550203921887,33.46035787135553]}"
osm_270,OSM site 270,school,33.45748326244634,36.30622069144617,OpenStreetMap,unvalidated_public_osm,0.05807813,-0.15704387,-0.12819026,0.051188175,0.046339627,0.16232961,50.0,built_up,0.777210826210826,0.45,0.979804675,0.642609675,0.65638052,0.5,0.7,0.66911115575,medium,66.9,Medium,0000000000000000010d_0,0.1726,0.219,0.12819026,0.3006,0.3258,0.3251,0.3268,0.2676,0.389,0.3585,"{""geodesic"":false,""type"":""Point"",""coordinates"":[36.30622069144617,33.45748326244634]}"
osm_271,OSM site 271,school,33.46826304585578,36.31214957232136,OpenStreetMap,unvalidated_public_osm,0.040949587,-0.13637835,-0.095293336,0.040624112,0.035264082,0.14104812,50.0,built_up,0.7519512987012986,0.45,1.0,0.590945875,0.590586672,0.5,0.7,0.6572478422,medium,65.7,Medium,0000000000000000010e_0,0.2122,0.2666,0.095293336,0.3508,0.3843,0.38305,0.3815,0.3232,0.4247,0.3879,"{""geodesic"":false,""type"":""Point"",""coordinates"":[36.31214957232136,33.46826304585578]}"
osm_272,OSM site 272,school,33.463412143321534,36.30298675642334,OpenStreetMap,unvalidated_public_osm,0.039190903,-0.13379312,-0.07380281,0.037376422,0.032838985,0.12957467,50.0,built_up,0.8839573112073111,0.45,1.0,0.5844828,0.54760562,0.5,0.7,0.651657122,medium,65.2,Medium,0000000000000000010f_0,0.1992,0.2512,0.07380281,0.3288,0.3163,0.3246,0.3263,0.304,0.3812,0.3544,"{""geodesic"":false,""type"":""Point"",""coordinates"":[36.30298675642334,33.463412143321534]}"
osm_273,OSM site 273,school,33.4646697847193,36.30837664812805,OpenStreetMap,unvalidated_public_osm,0.03892708,-0.11975558,-0.057356942,0.037294745,0.03212167,0.11534335,50.0,built_up,0.9681137566137564,0.45,1.0,0.54938895,0.5147138840000001,0.5,0.7,0.6413491783999999,medium,64.1,Medium,00000000000000000110_0,0.198,0.24966666,0.057356942,0.3176,0.3023,0.3041,0.3024,0.2938,0.35625,0.3318,"{""geodesic"":false,""type"":""Point"",""coordinates"":[36.30837664812805,33.4646697847193]}"
osm_274,OSM site 274,school,33.45496797965081,36.303885071707455,OpenStreetMap,unvalidated_public_osm,0.054586384,-0.12501875,-0.0784362,0.059027568,0.048067395,0.12065973,50.0,built_up,0.8950583213083212,0.45,0.98853404,0.562546875,0.5568724,0.5,0.7,0.645330125,medium,64.5,Medium,00000000000000000111_0,0.233,0.2915,0.0784362,0.3748,0.35375,0.35875,0.36085,0.336,0.4386,0.4057,"{""geodesic"":false,""type"":""Point"",""coordinates"":[36.303885071707455,33.45496797965081]}"
osm_275,OSM site 275,school,33.459998545241874,36.30442406087793,OpenStreetMap,unvalidated_public_osm,0.036827184,-0.13453194,-0.052427202,0.036702417,0.0323383,0.12213455,50.0,built_up,0.9529537037037037,0.45,1.0,0.5863298499999999,0.504854404,0.5,0.7,0.6477514104000001,medium,64.8,Medium,00000000000000000112_0,0.218,0.2792,0.052427202,0.366,0.34116668,0.3428,0.34785,0.34,0.4065,0.37035,"{""geodesic"":false,""type"":""Point"",""coordinates"":[36.30442406087793,33.459998545241874]}"
osm_276,OSM site 276,school,33.46574776306024,36.319156431537486,OpenStreetMap,unvalidated_public_osm,0.0211082,-0.115589514,-0.009936245,0.021253804,0.018551255,0.09938085,50.0,built_up,0.982611111111111,0.45,1.0,0.538973785,0.41987249000000004,0.5,0.7,0.629782006,medium,63.0,Medium,00000000000000000113_0,0.2243,0.28635,0.009936245,0.3612,0.3393,0.3392,0.32756665,0.34626666,0.36845,0.3424,"{""geodesic"":false,""type"":""Point"",""coordinates"":[36.319156431537486,33.46574776306024]}"
osm_277,OSM site 277,school,33.45281202296892,36.30406473476428,OpenStreetMap,unvalidated_public_osm,0.037247647,-0.11321331,-0.07521485,0.04110706,0.032657467,0.115165874,50.0,built_up,0.9457605820105819,0.45,1.0,0.533033275,0.5504297,0.5,0.7,0.641649625,medium,64.2,Medium,00000000000000000114_0,0.2404,0.2906,0.07521485,0.3648,0.3862,0.3792,0.38065,0.3386,0.42414,0.4091,"{""geodesic"":false,""type"":""Point"",""coordinates"":[36.30406473476428,33.45281202296892]}"
osm_278,OSM site 278,school,33.46107652358282,36.3049630500484,OpenStreetMap,unvalidated_public_osm,0.10067197,-0.23870254,-0.06396859,0.084417395,0.085456066,0.15261588,50.0,built_up,0.35538648388648386,0.45,0.873320075,0.8467563499999999,0.52793718,0.5,0.7,0.67047500675,medium,67.0,Medium,00000000000000000115_0,0.15653333,0.22046667,0.06396859,0.35872,0.3343,0.34553334,0.3583,0.2931,0.40775,0.3625,"{""geodesic"":false,""type"":""Point"",""coordinates"":[36.3049630500484,33.46107652358282]}"
osm_279,OSM site 279,school,33.46233416498059,36.30316641948016,OpenStreetMap,unvalidated_public_osm,0.04009052,-0.13284701,-0.11671877,0.03456855,0.03094507,0.15139654,50.0,built_up,0.8013875661375658,0.45,1.0,0.5821175249999999,0.6334375400000001,0.5,0.7,0.659767259,medium,66.0,Medium,00000000000000000116_0,0.1687,0.211,0.11671877,0.27565,0.28546667,0.2856,0.2922,0.2544,0.3485,0.32415,"{""geodesic"":false,""type"":""Point"",""coordinates"":[36.30316641948016,33.46233416498059]}"
osm_280,OSM site 280,school,33.45299168602575,36.3056817022757,OpenStreetMap,unvalidated_public_osm,0.048560627,-0.14403552,-0.09849999,0.048836123,0.042178817,0.14213347,50.0,built_up,0.7349087301587299,0.45,1.0,0.6100888,0.59699998,0.5,0.7,0.661717758,medium,66.2,Medium,00000000000000000117_0,0.2152,0.2698,0.09849999,0.3606,0.3677,0.36745,0.3688,0.3272,0.4394,0.40065,"{""geodesic"":false,""type"":""Point"",""coordinates"":[36.3056817022757,33.45299168602575]}"
osm_281,OSM site 281,school,33.463412143321534,36.30622069144617,OpenStreetMap,unvalidated_public_osm,0.044366412,-0.14927994,-0.11282233,0.040066864,0.037014015,0.16152574,50.0,built_up,0.726001082251082,0.45,1.0,0.62319985,0.6256446600000001,0.5,0.7,0.667204436,medium,66.7,Medium,00000000000000000118_0,0.1852,0.2422,0.11282233,0.3272,0.3567,0.35915,0.36675,0.2994,0.41042,0.375675,"{""geodesic"":false,""type"":""Point"",""coordinates"":[36.30622069144617,33.463412143321534]}"
osm_282,OSM site 282,school,33.45604595799175,36.30280709336651,OpenStreetMap,unvalidated_public_osm,0.043763686,-0.14260046,-0.042889405,0.04444569,0.038986363,0.116638705,50.0,built_up,0.9505992063492061,0.45,1.0,0.60650115,0.48577881,0.5,0.7,0.649878111,medium,65.0,Medium,00000000000000000119_0,0.2239,0.28635,0.042889405,0.3816,0.36393332,0.3623,0.3699,0.3496,0.4158,0.3876,"{""geodesic"":false,""type"":""Point"",""coordinates"":[36.30280709336651,33.45604595799175]}"
osm_283,OSM site 283,school,33.463951132492,36.30622069144617,OpenStreetMap,unvalidated_public_osm,0.036266543,-0.13450295,-0.07746213,0.035726182,0.031946532,0.13896456,50.0,built_up,0.824548581048581,0.45,1.0,0.586257375,0.5549242600000001,0.5,0.7,0.652743901,medium,65.3,Medium,0000000000000000011a_0,0.216,0.2812,0.07746213,0.3686,0.3745,0.3746,0.376,0.3428,0.4305,0.4014,"{""geodesic"":false,""type"":""Point"",""coordinates"":[36.30622069144617,33.463951132492]}"
osm_284,OSM site 284,school,33.463412143321534,36.30514271310523,OpenStreetMap,unvalidated_public_osm,0.05370568,-0.17239317,-0.07550948,0.050548438,0.048200503,0.15137714,50.0,built_up,0.5522644300144298,0.45,0.9907358,0.680982925,0.5510189600000001,0.5,0.7,0.668982431,medium,66.9,Medium,0000000000000000011b_0,0.2038,0.277,0.07550948,0.3924,0.3918,0.39976665,0.40015,0.3524,0.4565,0.4142,"{""geodesic"":false,""type"":""Point"",""coordinates"":[36.30514271310523,33.463412143321534]}"
osm_285,OSM site 285,school,33.48694800376546,36.3011901258551,OpenStreetMap,unvalidated_public_osm,0.10230414,-0.16144693,-0.0006962729,0.11026489,0.086794086,0.064629465,50.0,built_up,0.9634722222222221,0.45,0.86923965,0.6536173249999999,0.4013925458,0.5,0.7,0.61817263208,medium,61.8,Medium,0000000000000000011c_0,0.2136,0.25905,0.0006962729,0.3588,0.33043334,0.36203334,0.3645,0.2922,0.3593,0.323,"{""geodesic"":false,""type"":""Point"",""coordinates"":[36.3011901258551,33.48694800376546]}"
osm_286,OSM site 286,school,33.49018193878829,36.30370540865064,OpenStreetMap,unvalidated_public_osm,0.021119464,-0.09151184,-0.017409232,0.023709236,0.018222736,0.078330934,50.0,built_up,0.9881111111111109,0.45,1.0,0.47877959999999997,0.434818464,0.5,0.7,0.6192377664,medium,61.9,Medium,0000000000000000011d_0,0.2435,0.28773335,0.017409232,0.3457,0.34525,0.3398,0.3391,0.3314,0.35795,0.34236667,"{""geodesic"":false,""type"":""Point"",""coordinates"":[36.303705408650636,33.49018193878829]}"
osm_287,OSM site 287,school,33.49539216743619,36.30783765895758,OpenStreetMap,unvalidated_public_osm,0.032018654,-0.09819115,0.02542763,0.038847186,0.028886618,0.054341055,50.0,built_up,0.9732420634920637,0.45,1.0,0.495477875,0.34914474,0.5,0.7,0.614010049,medium,61.4,Medium,0000000000000000011e_0,0.2701,0.31973332,-0.02542763,0.38936,0.34845,0.35085,0.3469,0.3652,0.37005,0.3577,"{""geodesic"":false,""type"":""Point"",""coordinates"":[36.30783765895758,33.49539216743619]}"
osm_288,OSM site 288,school,33.48838530822005,36.3004714736278,OpenStreetMap,unvalidated_public_osm,0.036327485,-0.11839285,-0.063734815,0.029201528,0.028624319,0.1452325,50.0,built_up,0.6748161375661373,0.45,1.0,0.545982125,0.52746963,0.5,0.7,0.641943388,medium,64.2,Medium,0000000000000000011f_0,0.1554,0.226,0.063734815,0.2867,0.2845,0.2905,0.3001,0.2666,0.32573333,0.2777,"{""geodesic"":false,""type"":""Point"",""coordinates"":[36.3004714736278,33.48838530822005]}"
osm_289,OSM site 289,school,33.49449385215207,36.30801732201441,OpenStreetMap,unvalidated_public_osm,0.0255849,-0.07639289,0.007865529,0.032124523,0.022788208,0.055385727,50.0,built_up,0.9800476190476192,0.45,1.0,0.44098222500000006,0.384268942,0.5,0.7,0.6066233392,medium,60.7,Medium,00000000000000000120_0,0.27415,0.3216,-0.007865529,0.3748,0.3504,0.34145,0.3425,0.3561,0.36895,0.3475,"{""geodesic"":false,""type"":""Point"",""coordinates"":[36.30801732201441,33.49449385215207]}"
osm_290,OSM site 290,school,33.50257868970914,36.3049630500484,OpenStreetMap,unvalidated_public_osm,0.041717764,-0.09867355,-0.0032286579,0.04557638,0.035416644,0.06947852,50.0,built_up,0.974452380952381,0.45,1.0,0.496683875,0.4064573158,0.5,0.7,0.61998250658,medium,62.0,Medium,00000000000000000121_0,0.2296,0.2786,0.0032286579,0.3396,0.2914,0.2975,0.297575,0.3124,0.3418,0.3322,"{""geodesic"":false,""type"":""Point"",""coordinates"":[36.3049630500484,33.50257868970914]}"
osm_291,OSM site 291,school,33.49593115660666,36.30783765895758,OpenStreetMap,unvalidated_public_osm,0.043692935,-0.13092823,-0.055837553,0.04124758,0.037490353,0.1282398,50.0,built_up,0.9143210678210676,0.45,1.0,0.577320575,0.511675106,0.5,0.7,0.6466316256,medium,64.7,Medium,00000000000000000122_0,0.1995,0.268,0.055837553,0.34875,0.34713334,0.3561,0.3551,0.31955,0.39,0.342,"{""geodesic"":false,""type"":""Point"",""coordinates"":[36.30783765895758,33.49593115660666]}"
osm_292,OSM site 292,school,33.49377519992477,36.30801732201441,OpenStreetMap,unvalidated_public_osm,0.09066491,-0.1664572,-0.047507305,0.09014426,0.07393212,0.09560361,50.0,built_up,0.9906547619047619,0.45,0.898337725,0.6661429999999999,0.49501461,0.5,0.7,0.6373144922499999,medium,63.7,Medium,00000000000000000123_0,0.1936,0.2321,0.047507305,0.3248,0.3222,0.3339,0.3315,0.2708,0.3572,0.3388,"{""geodesic"":false,""type"":""Point"",""coordinates"":[36.30801732201441,33.49377519992477]}"
osm_293,OSM site 293,school,33.50221936359549,36.30550203921887,OpenStreetMap,unvalidated_public_osm,0.2757602,-0.33717006,0.041461658,0.24512978,0.21825354,0.039900597,50.0,built_up,0.5023246753246754,0.45,0.4355995,1.0,0.317076684,0.5,0.7,0.5706075434,medium,57.1,Medium,00000000000000000124_0,0.1332,0.1766,-0.041461658,0.35626668,0.2793,0.32185,0.33225,0.20225,0.3279,0.28553334,"{""geodesic"":false,""type"":""Point"",""coordinates"":[36.30550203921887,33.50221936359549]}"
osm_294,OSM site 294,school,33.49521250437936,36.31358687677595,OpenStreetMap,unvalidated_public_osm,0.040725686,-0.11348782,0.035073187,0.05053061,0.041761607,0.07614474,50.0,built_up,0.6462785917785916,0.45,1.0,0.5337195499999999,0.329853626,0.5,0.7,0.6197292726,medium,62.0,Medium,00000000000000000125_0,0.3326,0.4476,-0.035073187,0.5622,0.5158,0.5162333,0.52596664,0.5182,0.5241,0.4615,"{""geodesic"":false,""type"":""Point"",""coordinates"":[36.31358687677595,33.49521250437936]}"
osm_295,OSM site 295,school,33.494853178265714,36.30244776725287,OpenStreetMap,unvalidated_public_osm,0.11670482,-0.20246409,-0.03842361,0.10041677,0.089613445,0.10099486,50.0,built_up,0.9661402116402117,0.45,0.83323795,0.756160225,0.47684722,0.5,0.7,0.6372262544999999,medium,63.7,Medium,00000000000000000126_0,0.1545,0.1942,0.03842361,0.2928,0.2613,0.2874,0.292,0.2316,0.3162,0.29936665,"{""geodesic"":false,""type"":""Point"",""coordinates"":[36.302447767252865,33.494853178265714]}"
osm_296,OSM site 296,school,33.49754812411808,36.30729866978711,OpenStreetMap,unvalidated_public_osm,0.021535058,-0.09727166,-0.04503808,0.0234389,0.019111397,0.10553522,50.0,built_up,0.9499166666666664,0.45,1.0,0.49317915,0.49007616000000004,0.5,0.7,0.627643446,medium,62.8,Medium,00000000000000000127_0,0.24433333,0.3044,0.04503808,0.37,0.3815,0.3782,0.37373334,0.3544,0.4049,0.3855,"{""geodesic"":false,""type"":""Point"",""coordinates"":[36.30729866978711,33.497548124118076]}"
osm_297,OSM site 297,school,33.49467351520889,36.304603723934754,OpenStreetMap,unvalidated_public_osm,0.024523184,-0.10205651,-0.062459107,0.022065228,0.019428143,0.120481625,50.0,built_up,0.9181600529100525,0.45,1.0,0.5051412750000001,0.524918214,0.5,0.7,0.6335200764,medium,63.4,Medium,00000000000000000128_0,0.1826,0.2336,0.062459107,0.2867,0.2946,0.2945,0.2926,0.272975,0.3249,0.3111,"{""geodesic"":false,""type"":""Point"",""coordinates"":[36.304603723934754,33.49467351520889]}"
osm_298,OSM site 298,school,33.49359553686794,36.30442406087793,OpenStreetMap,unvalidated_public_osm,0.031944416,-0.10524356,-0.060385697,0.031070555,0.025650535,0.10666668,50.0,built_up,0.9565013227513225,0.45,1.0,0.5131089,0.520771394,0.5,0.7,0.6346989194,medium,63.5,Medium,00000000000000000129_0,0.1986,0.2406,0.060385697,0.2972,0.30816665,0.29643333,0.299125,0.2788,0.3354,0.32775,"{""geodesic"":false,""type"":""Point"",""coordinates"":[36.30442406087793,33.49359553686794]}"
osm_299,OSM site 299,school,33.491080254072415,36.29975282140051,OpenStreetMap,unvalidated_public_osm,0.044240333,-0.14199825,-0.055433672,0.044257082,0.036693957,0.10682215,50.0,built_up,0.9748253968253967,0.45,1.0,0.6049956249999999,0.510867344,0.5,0.7,0.6520858594,medium,65.2,Medium,0000000000000000012a_0,0.20675,0.2426,0.055433672,0.3229,0.32263333,0.3259,0.3335,0.29554,0.3608,0.3399,"{""geodesic"":false,""type"":""Point"",""coordinates"":[36.29975282140051,33.491080254072415]}"
osm_300,OSM site 300,school,33.48640901459499,36.32023440987843,OpenStreetMap,unvalidated_public_osm,0.044518232,-0.124262445,-0.078411296,0.043548875,0.036479097,0.12041708,50.0,built_up,0.9735873015873017,0.45,1.0,0.5606561125,0.5568225920000001,0.5,0.7,0.6478134817,medium,64.8,Medium,0000000000000000012b_0,0.2002,0.2449,0.078411296,0.3144,0.32893333,0.3279,0.3325,0.2876,0.3679,0.3379,"{""geodesic"":false,""type"":""Point"",""coordinates"":[36.32023440987843,33.48640901459499]}"
osm_301,OSM site 301,school,33.503656668050084,36.322749692673966,OpenStreetMap,unvalidated_public_osm,0.024960198,-0.098463304,-0.07533837,0.030018557,0.022502419,0.10890684,50.0,built_up,0.9532037037037041,0.45,1.0,0.49615826,0.55067674,0.5,0.7,0.6342993259999999,medium,63.4,Medium,0000000000000000012c_0,0.2698,0.3168,0.07533837,0.386,0.4108,0.407,0.40006667,0.3672,0.4489,0.4307,"{""geodesic"":false,""type"":""Point"",""coordinates"":[36.322749692673966,33.503656668050084]}"
osm_302,OSM site 302,school,33.493415873811124,36.33317014996975,OpenStreetMap,unvalidated_public_osm,0.036421902,-0.095634036,0.0032097995,0.040071603,0.029982377,0.05710176,50.0,built_up,0.9699007936507937,0.45,1.0,0.48908509,0.393580401,0.5,0.7,0.6171750581,medium,61.7,Medium,0000000000000000012d_0,0.2255,0.26013333,-0.0032097995,0.31515,0.26595,0.2716,0.2729,0.293,0.31313333,0.2936,"{""geodesic"":false,""type"":""Point"",""coordinates"":[36.33317014996975,33.493415873811124]}"
osm_303,OSM site 303,school,33.491259917129234,36.3417939766973,OpenStreetMap,unvalidated_public_osm,0.02876483,-0.12315273,-0.035877112,0.030825982,0.025306009,0.10063151,50.0,built_up,0.9614682539682539,0.45,1.0,0.557881825,0.471754224,0.5,0.7,0.6387517873999999,medium,63.9,Medium,0000000000000000012e_0,0.2369,0.2848,0.035877112,0.3648,0.36295,0.3579,0.35525,0.3444,0.39195,0.3869,"{""geodesic"":false,""type"":""Point"",""coordinates"":[36.3417939766973,33.491259917129234]}"
osm_304,OSM site 304,school,33.49036160184512,36.33838037861765,OpenStreetMap,unvalidated_public_osm,0.029017188,-0.08290922,-0.0345433,0.032230146,0.024452256,0.08214604,50.0,built_up,0.9812857142857143,0.45,1.0,0.45727305,0.4690866,0.5,0.7,0.61836327,medium,61.8,Medium,0000000000000000012f_0,0.2339,0.2793,0.0345433,0.3298,0.2979,0.30015,0.299,0.3112,0.3534,0.34345,"{""geodesic"":false,""type"":""Point"",""coordinates"":[36.33838037861765,33.490361601845116]}"
osm_305,OSM site 305,school,33.492517558527005,36.33694307416306,OpenStreetMap,unvalidated_public_osm,0.070744514,-0.16700336,-0.04326826,0.06521802,0.0598745,0.120558016,50.0,built_up,0.8833888888888887,0.45,0.948138715,0.6675084,0.48653652000000003,0.5,0.7,0.64919001075,medium,64.9,Medium,00000000000000000130_0,0.1861,0.2474,0.04326826,0.3466,0.3084,0.33625,0.35075,0.3008,0.37795,0.32395,"{""geodesic"":false,""type"":""Point"",""coordinates"":[36.33694307416306,33.492517558527005]}"
osm_306,OSM site 306,school,33.49000227573147,36.33622442193576,OpenStreetMap,unvalidated_public_osm,0.048605286,-0.13512419,-0.05562092,0.043037936,0.037719004,0.11245786,50.0,built_up,0.9211715969215964,0.45,1.0,0.5878104749999999,0.5112418400000001,0.5,0.7,0.648686279,medium,64.9,Medium,00000000000000000131_0,0.173,0.2141,0.05562092,0.281,0.2494,0.26035,0.2615,0.25495,0.3141,0.2994,"{""geodesic"":false,""type"":""Point"",""coordinates"":[36.33622442193576,33.49000227573147]}"
osm_307,OSM site 307,school,34.59331310768707,36.70219806868605,OpenStreetMap,unvalidated_public_osm,0.061594214,-0.13492574,-0.046443854,0.062198926,0.0526497,0.107155636,50.0,built_up,0.9798055555555557,0.45,0.971014465,0.58731435,0.49288770800000004,0.5,0.7,0.63950525705,medium,64.0,Medium,00000000000000000132_0,0.2102,0.268,0.046443854,0.3516,0.3234,0.3337,0.34,0.3108,0.38585,0.3561,"{""geodesic"":false,""type"":""Point"",""coordinates"":[36.70219806868605,34.59331310768707]}"
osm_308,OSM site 308,school,34.603014912755555,36.726632244414105,OpenStreetMap,unvalidated_public_osm,0.026415104,-0.10839448,-0.049966063,0.030530661,0.025997259,0.12340094,50.0,built_up,0.6010110352610348,0.45,1.0,0.5209862,0.49993212600000003,0.5,0.7,0.6341904526,medium,63.4,Medium,00000000000000000133_0,0.295,0.39384,0.049966063,0.4896,0.5288,0.52205,0.5195,0.4644,0.5411,0.4744,"{""geodesic"":false,""type"":""Point"",""coordinates"":[36.726632244414105,34.603014912755555]}"
osm_309,OSM site 309,school,34.60606918472156,36.723038983277625,OpenStreetMap,unvalidated_public_osm,0.07610401,-0.1864641,-0.13884711,0.06918743,0.06402602,0.17645212,50.0,built_up,0.5242591390091391,0.45,0.934739975,0.7161602499999999,0.67769422,0.5,0.7,0.67468646575,medium,67.5,Medium,00000000000000000134_0,0.181,0.2356,0.13884711,0.3436,0.406,0.4049,0.4111,0.295,0.4544,0.42555,"{""geodesic"":false,""type"":""Point"",""coordinates"":[36.723038983277625,34.60606918472156]}"
osm_310,OSM site 310,school,34.60265558664191,36.77657857421115,OpenStreetMap,unvalidated_public_osm,0.059735514,-0.1274256,-0.09519176,0.06326871,0.050911125,0.12495674,50.0,built_up,0.7899947089947086,0.45,0.975661215,0.568564,0.59038352,0.5,0.7,0.64666645575,medium,64.7,Medium,00000000000000000135_0,0.2202,0.2698,0.09519176,0.3486,0.3309,0.3346,0.3396,0.3093,0.42195,0.39045,"{""geodesic"":false,""type"":""Point"",""coordinates"":[36.77657857421115,34.60265558664191]}"
osm_311,OSM site 311,school,34.613974359221814,37.05308001866314,OpenStreetMap,unvalidated_public_osm,0.05299208,-0.14694299,-0.023899838,0.060560565,0.053864975,0.11713207,60.0,bare_sparse_vegetation,0.6052075517075517,0.85,0.9925198,0.6173574749999999,0.44779967600000004,0.5,0.7,0.7663814125999999,high,76.6,High,00000000000000000136_0,0.2987,0.4116,0.023899838,0.5534,0.5,0.50516665,0.51345,0.4977,0.5805,0.5024,"{""geodesic"":false,""type"":""Point"",""coordinates"":[37.05308001866314,34.613974359221814]}"
osm_312,OSM site 312,school,34.60696750000568,37.08523970583462,OpenStreetMap,unvalidated_public_osm,0.012345694,-0.059243467,-0.033048872,0.019412208,0.012013503,0.06895298,50.0,built_up,0.8045013227513227,0.45,1.0,0.39810866749999996,0.46609774400000004,0.5,0.7,0.6062315079,medium,60.6,Medium,00000000000000000137_0,0.3647,0.41511667,0.033048872,0.4674,0.47435,0.46435,0.466325,0.456,0.49935,0.483225,"{""geodesic"":false,""type"":""Point"",""coordinates"":[37.08523970583462,34.60696750000568]}"
osm_313,OSM site 313,school,34.60714716306251,37.08416172749367,OpenStreetMap,unvalidated_public_osm,0.009009009,-0.069444455,-0.030875146,0.013104598,0.008938245,0.08210799,50.0,built_up,0.7695682743182745,0.45,1.0,0.42361113749999996,0.461750292,0.5,0.7,0.6108972567000001,medium,61.1,Medium,00000000000000000138_0,0.3624,0.4288,0.030875146,0.4928,0.505575,0.4942,0.489525,0.484,0.5242,0.49936667,"{""geodesic"":false,""type"":""Point"",""coordinates"":[37.08416172749367,34.60714716306251]}"
osm_317,مدرسة محمد ضامن,school,33.557555585097255,36.322031040446674,OpenStreetMap,unvalidated_public_osm,0.058113676,-0.16789347,-0.038453188,0.052804697,0.04859266,0.11864695,50.0,built_up,0.9147950937950937,0.45,0.97971581,0.6697336749999999,0.476906376,0.5,0.7,0.6565663251,medium,65.7,Medium,0000000000000000013c_0,0.184,0.2374,0.038453188,0.3332,0.2913,0.31606665,0.3274,0.2966,0.35985,0.3239,"{""geodesic"":false,""type"":""Point"",""coordinates"":[36.322031040446674,33.557555585097255]}"
osm_318,مدرسة مسلم عابدين,school,33.55737592204044,36.32185137738985,OpenStreetMap,unvalidated_public_osm,0.05036588,-0.14512177,-0.021869842,0.051681463,0.043988615,0.097558476,50.0,built_up,0.9576031746031745,0.45,0.9990853,0.612804425,0.443739684,0.5,0.7,0.6467061783999999,medium,64.7,Medium,0000000000000000013d_0,0.22046667,0.27323332,0.021869842,0.366,0.3492,0.34933335,0.3531,0.3309,0.38236666,0.355975,"{""geodesic"":false,""type"":""Point"",""coordinates"":[36.32185137738985,33.557375922040436]}"
osm_319,مدرسة عدنان كولكي,school,33.55719625898361,36.32167171433302,OpenStreetMap,unvalidated_public_osm,0.07494141,-0.15471698,0.018091066,0.083580874,0.06490869,0.05681058,50.0,built_up,0.9486587301587299,0.45,0.937646475,0.63679245,0.36381786800000004,0.5,0.7,0.62815189555,medium,62.8,Medium,0000000000000000013e_0,0.2309,0.2688,-0.018091066,0.3672,0.301,0.3028,0.316,0.316,0.35415,0.3169,"{""geodesic"":false,""type"":""Point"",""coordinates"":[36.32167171433302,33.55719625898361]}"
osm_320,ليلى الاخيلية,school,33.55683693286996,36.32580396463997,OpenStreetMap,unvalidated_public_osm,0.04528785,-0.13742842,-0.15637062,0.033335693,0.030934585,0.17376816,50.0,built_up,0.8375355570355566,0.45,1.0,0.59357105,0.7127412399999999,0.5,0.7,0.669988334,medium,67.0,Medium,0000000000000000013f_0,0.1328,0.1657,0.15637062,0.2185,0.24666667,0.25465,0.2599,0.19956666,0.2995,0.274,"{""geodesic"":false,""type"":""Point"",""coordinates"":[36.325803964639974,33.55683693286996]}"
osm_322,مجمع مدارس,school,33.63732598232707,36.29472225580944,OpenStreetMap,unvalidated_public_osm,0.024895815,-0.081032306,-0.05357674,0.026645007,0.02073076,0.09577825,50.0,built_up,0.9847738095238094,0.45,1.0,0.452580765,0.50715348,0.5,0.7,0.621231501,medium,62.1,Medium,00000000000000000141_0,0.225,0.2718,0.05357674,0.31973332,0.30825,0.3318,0.3338,0.3042,0.35593334,0.3291,"{""geodesic"":false,""type"":""Point"",""coordinates"":[36.29472225580944,33.63732598232707]}"
osm_324,OSM site 324,school,33.47311394839002,36.51678579404378,OpenStreetMap,unvalidated_public_osm,0.012642022,-0.077412024,-0.012407348,0.016807558,0.012366507,0.08137895,50.0,built_up,0.819738095238095,0.45,1.0,0.44353006,0.42481469600000005,0.5,0.7,0.6111874816,medium,61.1,Medium,00000000000000000143_0,0.3318,0.4064,0.012407348,0.4746,0.461525,0.46215,0.45945,0.46275,0.486525,0.4469,"{""geodesic"":false,""type"":""Point"",""coordinates"":[36.516785794043784,33.47311394839002]}"
osm_325,OSM site 325,school,33.7472797731033,36.68926232859473,OpenStreetMap,unvalidated_public_osm,0.025738392,-0.10000001,-0.055096705,0.032888524,0.025276238,0.109430216,50.0,built_up,0.6686578606578606,0.45,1.0,0.500000025,0.5101934100000001,0.5,0.7,0.631019346,medium,63.1,Medium,00000000000000000144_0,0.3203,0.3978,0.055096705,0.4862,0.4776,0.48035,0.4844,0.4618,0.5429,0.489025,"{""geodesic"":false,""type"":""Point"",""coordinates"":[36.68926232859473,33.7472797731033]}"
osm_326,OSM site 326,school,33.73506268523927,36.69752682920864,OpenStreetMap,unvalidated_public_osm,0.038558774,-0.13386565,-0.0149954045,0.045785464,0.03761149,0.097230144,50.0,built_up,0.8398523328523327,0.45,1.0,0.584664125,0.42999080900000003,0.5,0.7,0.6399319059,medium,64.0,Medium,00000000000000000145_0,0.29426667,0.3688,0.0149954045,0.4828,0.4398,0.44485,0.4458,0.44695,0.4975,0.45276666,"{""geodesic"":false,""type"":""Point"",""coordinates"":[36.697526829208634,33.73506268523927]}"
osm_327,OSM site 327,school,33.63319373202012,36.51552815264602,OpenStreetMap,unvalidated_public_osm,0.037701976,-0.13980886,-0.08287563,0.037310883,0.033453148,0.14289837,50.0,built_up,0.7765260942760944,0.45,1.0,0.59952215,0.5657512600000001,0.5,0.7,0.6564795560000001,medium,65.6,Medium,00000000000000000146_0,0.21825,0.28353333,0.08287563,0.3757,0.4112,0.4093,0.405625,0.3484,0.4436,0.41618332,"{""geodesic"":false,""type"":""Point"",""coordinates"":[36.51552815264602,33.63319373202012]}"
osm_328,OSM site 328,school,33.63391238424742,36.51229421762319,OpenStreetMap,unvalidated_public_osm,0.012927067,-0.07496324,-0.043070547,0.016975887,0.012295093,0.09230119,50.0,built_up,0.8679812779812782,0.45,1.0,0.4374081,0.48614109400000005,0.5,0.7,0.6160957294,medium,61.6,Medium,00000000000000000147_0,0.314,0.3776,0.043070547,0.4388,0.44113332,0.4394,0.4402,0.4276,0.4783,0.44325,"{""geodesic"":false,""type"":""Point"",""coordinates"":[36.512294217623186,33.63391238424742]}"
osm_329,OSM site 329,school,33.63588867787248,36.51786377238473,OpenStreetMap,unvalidated_public_osm,0.02268146,-0.12316637,-0.06222196,0.0246934,0.020871993,0.12397625,50.0,built_up,0.9084298941798943,0.45,1.0,0.557915925,0.5244439200000001,0.5,0.7,0.6440275769999999,medium,64.4,Medium,00000000000000000148_0,0.2547,0.3168,0.06222196,0.4058,0.409625,0.405,0.40715,0.3878,0.45965,0.42154166,"{""geodesic"":false,""type"":""Point"",""coordinates"":[36.51786377238473,33.63588867787248]}"
osm_330,OSM site 330,school,33.6375056453839,36.51588747875967,OpenStreetMap,unvalidated_public_osm,0.0379502,-0.11157132,-0.06254776,0.044541527,0.035482895,0.11416159,50.0,built_up,0.8965515873015877,0.45,1.0,0.5289283,0.52509552,0.5,0.7,0.638295212,medium,63.8,Medium,00000000000000000149_0,0.274,0.3432,0.06254776,0.4294,0.44605,0.4415,0.4419,0.398,0.4867,0.4565,"{""geodesic"":false,""type"":""Point"",""coordinates"":[36.515887478759666,33.6375056453839]}"
osm_331,OSM site 331,school,33.63876328678166,36.51427051124825,OpenStreetMap,unvalidated_public_osm,0.021255553,-0.09254362,-0.045176223,0.02532092,0.019706683,0.10147374,50.0,built_up,0.9310238095238096,0.45,1.0,0.48135904999999996,0.49035244600000005,0.5,0.7,0.6253070546,medium,62.5,Medium,0000000000000000014a_0,0.2788,0.3432,0.045176223,0.4132,0.4053,0.3995,0.3975,0.396,0.4523,0.4485,"{""geodesic"":false,""type"":""Point"",""coordinates"":[36.51427051124825,33.63876328678166]}"
osm_332,OSM site 332,school,33.638583623724834,36.51409084819142,OpenStreetMap,unvalidated_public_osm,0.023302956,-0.106243156,-0.07008859,0.027686264,0.021402001,0.112746514,50.0,built_up,0.9304206349206351,0.45,1.0,0.51560789,0.54017718,0.5,0.7,0.637139296,medium,63.7,Medium,0000000000000000014b_0,0.27415,0.3264,0.07008859,0.404,0.4162,0.41455,0.4089,0.3856,0.4649,0.4496,"{""geodesic"":false,""type"":""Point"",""coordinates"":[36.51409084819142,33.638583623724834]}"
osm_333,OSM site 333,school,33.61055618686031,36.48624307438372,OpenStreetMap,unvalidated_public_osm,0.028750265,-0.10900276,-0.0246616,0.03874337,0.028963635,0.091211654,50.0,built_up,0.6228674566174565,0.45,1.0,0.5225069,0.44932320000000003,0.5,0.7,0.6294337,medium,62.9,Medium,0000000000000000014c_0,0.3478,0.4226,0.0246616,0.526,0.5212,0.51341665,0.5117,0.4966,0.5526,0.5125,"{""geodesic"":false,""type"":""Point"",""coordinates"":[36.48624307438372,33.61055618686031]}"
osm_334,OSM site 334,school,33.585223695848136,36.37395366386878,OpenStreetMap,unvalidated_public_osm,0.041825116,-0.122950844,0.011266528,0.047233798,0.04181675,0.09804356,50.0,built_up,0.7783529711029709,0.45,1.0,0.55737711,0.377466944,0.5,0.7,0.6292221164,medium,62.9,Medium,0000000000000000014d_0,0.2908,0.4066,-0.011266528,0.5206,0.4413,0.44595,0.4503,0.4788,0.509,0.4438,"{""geodesic"":false,""type"":""Point"",""coordinates"":[36.37395366386878,33.585223695848136]}"
osm_335,OSM site 335,school,33.58127110859801,36.36047893460699,OpenStreetMap,unvalidated_public_osm,0.06215022,-0.15391998,-0.041084964,0.06358294,0.053689566,0.10455889,50.0,built_up,0.9733928571428574,0.45,0.9696244500000001,0.6347999500000001,0.482169928,0.5,0.7,0.6475830953,medium,64.8,Medium,0000000000000000014e_0,0.2149,0.2644,0.041084964,0.3606,0.3261,0.32965,0.34215,0.3184,0.3915,0.3616,"{""geodesic"":false,""type"":""Point"",""coordinates"":[36.36047893460699,33.58127110859801]}"
osm_336,OSM site 336,school,33.58127110859801,36.35976028237969,OpenStreetMap,unvalidated_public_osm,0.050537966,-0.19156803,-0.095642425,0.04480026,0.04176395,0.15287353,50.0,built_up,0.45688675213675217,0.45,0.998655085,0.7289200749999999,0.5912848500000001,0.5,0.7,0.68457627125,medium,68.5,Medium,0000000000000000014f_0,0.1786,0.2186,0.095642425,0.3222,0.34845,0.3475,0.34645,0.2912,0.39035,0.3736,"{""geodesic"":false,""type"":""Point"",""coordinates"":[36.35976028237969,33.58127110859801]}"
osm_337,OSM site 337,school,33.5827084130526,36.363533206573,OpenStreetMap,unvalidated_public_osm,0.0070060864,-0.050682247,-0.00034773408,0.010091517,0.0066352244,0.057197493,50.0,built_up,0.8795846560846559,0.45,1.0,0.3767056175,0.40069546816,0.5,0.7,0.595410670316,medium,59.5,Medium,00000000000000000150_0,0.3328,0.3896,0.00034773408,0.4312,0.4118,0.4012,0.3961,0.4252,0.4315,0.4164,"{""geodesic"":false,""type"":""Point"",""coordinates"":[36.363533206572995,33.5827084130526]}"
osm_338,OSM site 338,school,33.5834270652799,36.36604848936853,OpenStreetMap,unvalidated_public_osm,0.05349795,-0.14089817,-0.03297982,0.052450273,0.044795908,0.10055491,50.0,built_up,0.9623412698412699,0.45,0.9912551249999999,0.602245425,0.46595964,0.5,0.7,0.64485883025,medium,64.5,Medium,00000000000000000151_0,0.2021,0.2506,0.03297982,0.3328,0.30085,0.30485,0.3106,0.299,0.3555,0.3297,"{""geodesic"":false,""type"":""Point"",""coordinates"":[36.36604848936853,33.5834270652799]}"
osm_339,OSM site 339,school,34.49485775254757,36.77514126975656,OpenStreetMap,unvalidated_public_osm,0.03174605,-0.11306976,-0.058071375,0.03755767,0.03007077,0.114058666,50.0,built_up,0.873784391534392,0.45,1.0,0.5326744,0.51614275,0.5,0.7,0.638149155,medium,63.8,Medium,00000000000000000152_0,0.2827,0.3522,0.058071375,0.442,0.44635,0.4417,0.44213334,0.4148,0.4965,0.4605,"{""geodesic"":false,""type"":""Point"",""coordinates"":[36.77514126975656,34.49485775254757]}"
osm_340,OSM site 340,school,34.49126449141109,36.78304644425681,OpenStreetMap,unvalidated_public_osm,0.020678766,-0.09648974,-0.05653185,0.02511864,0.01948438,0.10842715,50.0,built_up,0.9167010582010583,0.45,1.0,0.49122435000000003,0.5130637,0.5,0.7,0.6295512400000001,medium,63.0,Medium,00000000000000000153_0,0.2899,0.3552,0.05653185,0.43106666,0.42055,0.41975,0.42155,0.4136,0.482725,0.46585,"{""geodesic"":false,""type"":""Point"",""coordinates"":[36.78304644425681,34.49126449141109]}"
osm_341,OSM site 341,school,34.54408543011731,36.83137580654244,OpenStreetMap,unvalidated_public_osm,0.018304659,-0.07682118,-0.08333979,0.021754071,0.016333954,0.11294032,50.0,built_up,0.9047420634920634,0.45,1.0,0.44205295000000006,0.56667958,0.5,0.7,0.625078548,medium,62.5,Medium,00000000000000000154_0,0.26556,0.3205,0.08333979,0.37384,0.38406667,0.38565,0.39025,0.3604,0.44181666,0.41925,"{""geodesic"":false,""type"":""Point"",""coordinates"":[36.83137580654244,34.54408543011731]}"
osm_342,OSM site 342,school,34.572292530038666,36.83676569824716,OpenStreetMap,unvalidated_public_osm,0.045814965,-0.10818066,-0.041808214,0.064292766,0.04431817,0.08398061,50.0,built_up,0.7639731842231843,0.45,1.0,0.52045165,0.48361642800000004,0.5,0.7,0.6324519728,medium,63.2,Medium,00000000000000000155_0,0.32752,0.3821,0.041808214,0.4748,0.43134,0.4338,0.44126666,0.4332,0.5162333,0.48204,"{""geodesic"":false,""type"":""Point"",""coordinates"":[36.836765698247156,34.572292530038666]}"
osm_343,OSM site 343,school,34.63409662158609,36.80191106522332,OpenStreetMap,unvalidated_public_osm,0.058169525,-0.18016088,0.001597279,0.064229004,0.058312304,0.10607646,50.0,built_up,0.5229581529581527,0.45,0.9795761875,0.7004022,0.396805442,0.5,0.7,0.654655031075,medium,65.5,Medium,00000000000000000156_0,0.2798,0.37026668,-0.001597279,0.533,0.47943333,0.4812,0.48705,0.4744,0.5313,0.47906667,"{""geodesic"":false,""type"":""Point"",""coordinates"":[36.80191106522332,34.63409662158609]}"
osm_344,OSM site 344,school,34.637150893552096,36.80137207605285,OpenStreetMap,unvalidated_public_osm,0.024039458,-0.09250329,0.013832375,0.029391088,0.02382246,0.08292904,50.0,built_up,0.8151602934102933,0.45,1.0,0.481258225,0.37233525,0.5,0.7,0.61348517,medium,61.3,Medium,00000000000000000157_0,0.3144,0.414,-0.013832375,0.4984,0.4342,0.4354,0.44063333,0.475,0.4848,0.44675,"{""geodesic"":false,""type"":""Point"",""coordinates"":[36.80137207605285,34.637150893552096]}"
osm_345,OSM site 345,school,34.67038855906452,36.71351684126596,OpenStreetMap,unvalidated_public_osm,0.15380013,-0.27279398,-0.040398154,0.11243658,0.11549986,0.13304952,50.0,built_up,0.5919884559884562,0.45,0.740499675,0.9319849499999999,0.480796308,0.5,0.7,0.64960153955,medium,65.0,Medium,00000000000000000158_0,0.113,0.16523333,0.040398154,0.2892,0.24205,0.2709,0.28485,0.2121,0.31355,0.27555,"{""geodesic"":false,""type"":""Point"",""coordinates"":[36.71351684126596,34.67038855906452]}"
osm_346,OSM site 346,school,34.55091262627662,36.61254620333092,OpenStreetMap,unvalidated_public_osm,0.009538335,-0.057131454,0.043786988,0.01611446,0.00968741,0.032072373,50.0,built_up,0.7330672568172566,0.45,1.0,0.392828635,0.312426024,0.5,0.7,0.5898083293999999,medium,59.0,Medium,00000000000000000159_0,0.4124,0.472,-0.043786988,0.5292,0.4675,0.4557,0.4597,0.5192,0.4848,0.4395,"{""geodesic"":false,""type"":""Point"",""coordinates"":[36.61254620333092,34.55091262627662]}"
osm_347,OSM site 347,school,34.55019397404933,36.610749572762685,OpenStreetMap,unvalidated_public_osm,0.041309435,-0.12331839,-0.06344201,0.0448633,0.037564974,0.120767035,50.0,built_up,0.938862433862434,0.45,1.0,0.5582959749999999,0.52688402,0.5,0.7,0.644347597,medium,64.4,Medium,0000000000000000015a_0,0.2457,0.3128,0.06344201,0.4008,0.37805,0.37465,0.37645,0.369,0.4551,0.42265,"{""geodesic"":false,""type"":""Point"",""coordinates"":[36.610749572762685,34.55019397404933]}"
osm_348,OSM site 348,school,34.79902730775044,36.70812694956124,OpenStreetMap,unvalidated_public_osm,0.069767416,-0.25400257,-0.022102242,0.048994172,0.054425012,0.15471855,40.0,cropland,0.4996701539201536,0.35,0.9505814600000001,0.885006425,0.444204484,0.5,0.7,0.6590670984000001,medium,65.9,Medium,0000000000000000015b_0,0.1164,0.1724,0.022102242,0.2898,0.2538,0.2603,0.2656,0.252,0.3029,0.2583,"{""geodesic"":false,""type"":""Point"",""coordinates"":[36.70812694956124,34.799027307750436]}"
osm_349,OSM site 349,school,34.02108627170293,36.6664451203781,OpenStreetMap,unvalidated_public_osm,0.0390195,-0.12391775,-0.045742992,0.0453396,0.03601107,0.10339955,50.0,built_up,0.9506732804232805,0.45,1.0,0.559794375,0.49148598400000004,0.5,0.7,0.6411074734,medium,64.1,Medium,0000000000000000015c_0,0.2667,0.3238,0.045742992,0.4154,0.38015,0.391,0.39485,0.3842,0.455225,0.4098,"{""geodesic"":false,""type"":""Point"",""coordinates"":[36.6664451203781,34.02108627170293]}"
osm_350,OSM site 350,school,34.03168639205554,36.63985498796816,OpenStreetMap,unvalidated_public_osm,0.023622056,-0.091417894,-0.03832322,0.03213522,0.022907248,0.08859021,50.0,built_up,0.8327542087542087,0.45,1.0,0.478544735,0.47664644,0.5,0.7,0.623373591,medium,62.3,Medium,0000000000000000015d_0,0.3288,0.3896,0.03832322,0.468,0.4322,0.4249,0.4371,0.4464,0.5053,0.4643,"{""geodesic"":false,""type"":""Point"",""coordinates"":[36.63985498796816,34.03168639205554]}"
osm_351,OSM site 351,school,34.03186605511237,36.63949566185451,OpenStreetMap,unvalidated_public_osm,0.043103464,-0.120947,-0.086121894,0.052702483,0.040443394,0.121188045,50.0,built_up,0.742503727753728,0.45,1.0,0.5523675,0.572243788,0.5,0.7,0.6476978788,medium,64.8,Medium,0000000000000000015e_0,0.2834,0.3416,0.086121894,0.4356,0.4265,0.42828333,0.43543333,0.3996,0.5177,0.4629,"{""geodesic"":false,""type"":""Point"",""coordinates"":[36.63949566185451,34.03186605511237]}"
osm_352,OSM site 352,school,33.86693536894802,36.413838862483686,OpenStreetMap,unvalidated_public_osm,0.0351882,-0.09145813,0.00776736,0.051172182,0.034921482,0.060006566,50.0,built_up,0.7381307488807488,0.45,1.0,0.478645325,0.38446528,0.5,0.7,0.614175593,medium,61.4,Medium,0000000000000000015f_0,0.354,0.4212,-0.00776736,0.506,0.4574,0.4678,0.4702,0.4716,0.4982,0.4438,"{""geodesic"":false,""type"":""Point"",""coordinates"":[36.413838862483686,33.86693536894802]}"
osm_353,OSM site 353,school,33.86639637977755,36.41365919942686,OpenStreetMap,unvalidated_public_osm,0.039204225,-0.1592689,-0.08677208,0.038437277,0.033964187,0.14036286,50.0,built_up,0.6613282828282826,0.45,1.0,0.64817225,0.57354416,0.5,0.7,0.666988866,medium,66.7,Medium,00000000000000000160_0,0.211,0.2576,0.08677208,0.3552,0.3498,0.3555,0.3595,0.3284,0.4227,0.3882,"{""geodesic"":false,""type"":""Point"",""coordinates"":[36.41365919942686,33.86639637977755]}"
osm_354,OSM site 354,school,33.86100648807283,36.41294054719957,OpenStreetMap,unvalidated_public_osm,0.045620892,-0.14476497,-0.060499758,0.051168397,0.04250645,0.119355254,50.0,built_up,0.9097011784511784,0.45,1.0,0.611912425,0.520999516,0.5,0.7,0.6544824366,medium,65.4,Medium,00000000000000000161_0,0.2598,0.3202,0.060499758,0.4286,0.4193,0.42425,0.4301,0.3912,0.4838,0.43435,"{""geodesic"":false,""type"":""Point"",""coordinates"":[36.41294054719957,33.86100648807283]}"
osm_355,OSM site 355,school,33.68978759491965,36.42803224397277,OpenStreetMap,unvalidated_public_osm,0.04200846,-0.105193794,-0.054151632,0.053587858,0.038862493,0.09370792,50.0,built_up,0.92189417989418,0.45,1.0,0.5129844849999999,0.508303264,0.5,0.7,0.6334272233999999,medium,63.3,Medium,00000000000000000162_0,0.2873,0.3394,0.054151632,0.4192,0.4037,0.4031,0.40825,0.3854,0.4672,0.42475,"{""geodesic"":false,""type"":""Point"",""coordinates"":[36.42803224397277,33.68978759491965]}"
osm_356,OSM site 356,school,33.69122489937424,36.42156437392711,OpenStreetMap,unvalidated_public_osm,0.011330892,-0.056157235,0.06373095,0.017977925,0.011483058,0.02897712,50.0,built_up,0.781391534391534,0.45,1.0,0.3903930875,0.2725381,0.5,0.7,0.5853324274999999,medium,58.5,Medium,00000000000000000163_0,0.3966,0.4706,-0.06373095,0.5266,0.452,0.4481,0.4489,0.5148,0.4635,0.4503,"{""geodesic"":false,""type"":""Point"",""coordinates"":[36.42156437392711,33.69122489937424]}"
osm_357,OSM site 357,school,33.68547568155588,36.41976774335888,OpenStreetMap,unvalidated_public_osm,0.033441212,-0.13138469,-0.0142765585,0.03471251,0.029961344,0.09971511,50.0,built_up,0.9658809523809524,0.45,1.0,0.5784617249999999,0.42855311700000004,0.5,0.7,0.6385476567,medium,63.9,Medium,00000000000000000164_0,0.233,0.2942,0.0142765585,0.3832,0.3323,0.3431,0.3523,0.3584,0.3943,0.3577,"{""geodesic"":false,""type"":""Point"",""coordinates"":[36.419767743358875,33.68547568155588]}"
osm_358,OSM site 358,school,33.71889301012512,36.47456497569016,OpenStreetMap,unvalidated_public_osm,0.021159476,-0.09200257,-0.052199014,0.026321527,0.019858247,0.10138809,50.0,built_up,0.9194920634920635,0.45,1.0,0.480006425,0.504398028,0.5,0.7,0.6264410878,medium,62.6,Medium,00000000000000000165_0,0.2935,0.3548,0.052199014,0.4267,0.42035,0.4165,0.41665,0.40901667,0.4737,0.45915,"{""geodesic"":false,""type"":""Point"",""coordinates"":[36.474564975690164,33.71889301012512]}"
osm_359,OSM site 359,school,33.7472797731033,36.59727484350089,OpenStreetMap,unvalidated_public_osm,0.02714176,-0.1011053,-0.025069498,0.03336127,0.025954554,0.0930661,50.0,built_up,0.8799391534391537,0.45,1.0,0.5027632499999999,0.450138996,0.5,0.7,0.6255665495999999,medium,62.6,Medium,00000000000000000166_0,0.29726666,0.36866668,0.025069498,0.4516,0.42596668,0.4338,0.4396,0.42773333,0.474825,0.4443,"{""geodesic"":false,""type"":""Point"",""coordinates"":[36.59727484350089,33.7472797731033]}"
osm_360,OSM site 360,school,33.74548314253506,36.59242394096665,OpenStreetMap,unvalidated_public_osm,0.018105691,-0.09603446,-0.04316987,0.022438304,0.017511657,0.10473337,50.0,built_up,0.8339531024531023,0.45,1.0,0.49008615000000005,0.48633974,0.5,0.7,0.626651204,medium,62.7,Medium,00000000000000000167_0,0.30729166,0.38106668,0.04316987,0.46203333,0.4511,0.447775,0.45085,0.4456,0.503725,0.458,"{""geodesic"":false,""type"":""Point"",""coordinates"":[36.59242394096665,33.74548314253506]}"
osm_361,OSM site 361,school,33.74530347947824,36.593322256250765,OpenStreetMap,unvalidated_public_osm,0.00714749,-0.09386028,-0.014308431,0.008984961,0.0069551696,0.089988954,50.0,built_up,0.8343450345950345,0.45,1.0,0.4846507,0.42861686200000004,0.5,0.7,0.6197918262,medium,62.0,Medium,00000000000000000168_0,0.3172,0.3852,0.014308431,0.465,0.45053333,0.4422,0.44475,0.4584,0.4785,0.44385,"{""geodesic"":false,""type"":""Point"",""coordinates"":[36.593322256250765,33.74530347947824]}"
osm_362,OSM site 362,school,33.741171229171286,36.59529854987583,OpenStreetMap,unvalidated_public_osm,0.023855295,-0.10673872,-0.09003213,0.02640802,0.021320319,0.1285408,50.0,built_up,0.8655555555555554,0.45,1.0,0.5168467999999999,0.58006426,0.5,0.7,0.641375786,medium,64.1,Medium,00000000000000000169_0,0.2495,0.30455,0.09003213,0.37733334,0.409875,0.40795,0.4105,0.35975,0.452,0.42913333,"{""geodesic"":false,""type"":""Point"",""coordinates"":[36.59529854987583,33.741171229171286]}"
osm_363,OSM site 363,school,33.740632240000814,36.59080697345523,OpenStreetMap,unvalidated_public_osm,0.009147316,-0.10258275,-0.015228144,0.011248177,0.008995556,0.09629081,50.0,built_up,0.8267208994708994,0.45,1.0,0.506456875,0.430456288,0.5,0.7,0.6243370038,medium,62.4,Medium,0000000000000000016a_0,0.3166,0.3909,0.015228144,0.48026666,0.466975,0.4618375,0.46085,0.47156,0.49512,0.46186668,"{""geodesic"":false,""type"":""Point"",""coordinates"":[36.59080697345523,33.740632240000814]}"
osm_364,OSM site 364,school,33.740452576943994,36.58972899511429,OpenStreetMap,unvalidated_public_osm,0.021254754,-0.101577625,-0.06819755,0.024146486,0.019422658,0.11800918,50.0,built_up,0.9223413900913905,0.45,1.0,0.5039440625,0.5363951,0.5,0.7,0.6344283225,medium,63.4,Medium,0000000000000000016b_0,0.26285,0.3246,0.06819755,0.398,0.43123335,0.41895834,0.419775,0.38143334,0.45625833,0.419275,"{""geodesic"":false,""type"":""Point"",""coordinates"":[36.58972899511429,33.740452576943994]}"
osm_365,OSM site 365,school,33.75033404506931,36.70525234065206,OpenStreetMap,unvalidated_public_osm,0.005268699,-0.073115855,0.006475085,0.0071002487,0.0051759784,0.07164016,50.0,built_up,0.8206113516113511,0.45,1.0,0.43278963749999994,0.38704983000000004,0.5,0.7,0.6052629105,medium,60.5,Medium,0000000000000000016c_0,0.3398,0.412,-0.006475085,0.477,0.44275,0.43535,0.43238333,0.472,0.4708625,0.45495,"{""geodesic"":false,""type"":""Point"",""coordinates"":[36.70525234065206,33.75033404506931]}"
osm_366,OSM site 366,school,33.749974718955656,36.70489301453841,OpenStreetMap,unvalidated_public_osm,0.015720908,-0.09810818,-0.11099723,0.01811923,0.014287237,0.13799086,50.0,built_up,0.8218875661375662,0.45,1.0,0.49527045000000003,0.62199446,0.5,0.7,0.641253536,medium,64.1,Medium,0000000000000000016d_0,0.2657,0.3206,0.11099723,0.39035,0.447,0.443,0.44015,0.37826666,0.487825,0.4803,"{""geodesic"":false,""type"":""Point"",""coordinates"":[36.70489301453841,33.749974718955656]}"
osm_367,OSM site 367,school,33.51102285337986,36.49001599857702,OpenStreetMap,unvalidated_public_osm,0.01744884,-0.08471602,-0.017527578,0.024153678,0.017285101,0.08081404,50.0,built_up,0.7537156084656083,0.45,1.0,0.46179005,0.435055156,0.5,0.7,0.6158635256,medium,61.6,Medium,0000000000000000016e_0,0.3473,0.4174,0.017527578,0.49466667,0.5,0.4843,0.48335,0.4777,0.51231664,0.47215,"{""geodesic"":false,""type"":""Point"",""coordinates"":[36.49001599857702,33.51102285337986]}"
osm_368,OSM site 368,school,33.51030420115257,36.48786004189513,OpenStreetMap,unvalidated_public_osm,0.05776447,-0.13480885,-0.20350231,0.053279847,0.044715468,0.18981114,50.0,built_up,0.7225176767676766,0.45,0.980588825,0.587022125,0.8070046200000001,0.5,0.7,0.6732520932499999,medium,67.3,Medium,0000000000000000016f_0,0.1792,0.215,0.20350231,0.282,0.33085,0.3286,0.33256668,0.2512,0.4261,0.3886,"{""geodesic"":false,""type"":""Point"",""coordinates"":[36.48786004189513,33.51030420115257]}"
osm_369,OSM site 369,school,33.51497544062999,36.49037532469067,OpenStreetMap,unvalidated_public_osm,0.022066655,-0.08497576,-0.02298516,0.029433256,0.021073539,0.079836324,50.0,built_up,0.825119288119288,0.45,1.0,0.46243939999999994,0.44597032000000003,0.5,0.7,0.6170849119999999,medium,61.7,Medium,00000000000000000170_0,0.3168,0.3776,0.02298516,0.44773334,0.4312,0.431,0.4265,0.4284,0.4688,0.4346,"{""geodesic"":false,""type"":""Point"",""coordinates"":[36.49037532469067,33.51497544062999]}"
osm_370,OSM site 370,school,33.51838903870964,36.48480576992913,OpenStreetMap,unvalidated_public_osm,0.039788987,-0.0949046,-0.04361125,0.05509332,0.037934527,0.08379558,50.0,built_up,0.8040695045695049,0.45,1.0,0.4872615,0.4872225,0.5,0.7,0.62617455,medium,62.6,Medium,00000000000000000171_0,0.3188,0.3748,0.04361125,0.4534,0.4681,0.4658,0.4665,0.4187,0.49475,0.4568,"{""geodesic"":false,""type"":""Point"",""coordinates"":[36.48480576992913,33.51838903870964]}"
osm_371,OSM site 371,school,33.512280494777634,36.48660240049737,OpenStreetMap,unvalidated_public_osm,0.042794194,-0.12682758,-0.035611656,0.05234895,0.040372044,0.094810605,50.0,built_up,0.8968981481481484,0.45,1.0,0.56706895,0.471223312,0.5,0.7,0.6405361212,medium,64.1,Medium,00000000000000000172_0,0.2858,0.3424,0.035611656,0.44186667,0.4207,0.4222,0.4333,0.4056,0.4745,0.4366,"{""geodesic"":false,""type"":""Point"",""coordinates"":[36.48660240049737,33.512280494777634]}"
osm_372,OSM site 372,school,33.51263982089128,36.502233086441045,OpenStreetMap,unvalidated_public_osm,0.0600622,-0.15434723,-0.07093797,0.065972745,0.056370698,0.12970084,50.0,built_up,0.7155330687830684,0.45,0.9748445,0.6358680750000001,0.5418759400000001,0.5,0.7,0.655072334,medium,65.5,Medium,00000000000000000173_0,0.253,0.32453334,0.07093797,0.443,0.464675,0.46385,0.46998334,0.3928,0.51065,0.45595,"{""geodesic"":false,""type"":""Point"",""coordinates"":[36.502233086441045,33.51263982089128]}"
osm_373,OSM site 373,school,33.51210083172081,36.48193116101994,OpenStreetMap,unvalidated_public_osm,0.018867938,-0.08424268,-0.018763572,0.026358029,0.018709341,0.0802999,50.0,built_up,0.7458923483923484,0.45,1.0,0.4606067,0.43752714400000003,0.5,0.7,0.6158740544,medium,61.6,Medium,00000000000000000174_0,0.3496,0.4196,0.018763572,0.4968,0.5082333,0.4982,0.49433333,0.4784,0.5158,0.4869,"{""geodesic"":false,""type"":""Point"",""coordinates"":[36.48193116101994,33.51210083172081]}"
osm_374,OSM site 374,school,33.5579149112109,36.44060865795045,OpenStreetMap,unvalidated_public_osm,0.029177729,-0.13202044,-0.10924047,0.029561514,0.025199398,0.14614578,50.0,built_up,0.767765873015873,0.45,1.0,0.5800510999999999,0.61848094,0.5,0.7,0.6578583139999999,medium,65.8,Medium,00000000000000000175_0,0.22015,0.26775,0.10924047,0.3492,0.37665,0.3687,0.3712,0.3294,0.43485,0.4014,"{""geodesic"":false,""type"":""Point"",""coordinates"":[36.44060865795045,33.5579149112109]}"
osm_375,OSM site 375,school,33.5631251398588,36.40557436186979,OpenStreetMap,unvalidated_public_osm,0.07541319,-0.15763134,-0.01198245,0.084544525,0.0687382,0.08513729,50.0,built_up,0.9310740740740736,0.45,0.9364670249999999,0.6440783499999999,0.42396490000000003,0.5,0.7,0.63532891625,medium,63.5,Medium,00000000000000000176_0,0.245,0.303,0.01198245,0.4164,0.3465,0.3995,0.4181,0.358,0.4265,0.3698,"{""geodesic"":false,""type"":""Point"",""coordinates"":[36.40557436186979,33.5631251398588]}"
osm_376,OSM site 376,school,34.7717185231132,37.05451732311773,OpenStreetMap,unvalidated_public_osm,0.027147302,-0.11068336,-0.07253365,0.032244418,0.02616528,0.12579711,50.0,built_up,0.6484325119325121,0.45,1.0,0.5267084,0.5450673,0.5,0.7,0.6398484099999999,medium,64.0,Medium,00000000000000000177_0,0.2924,0.3696,0.07253365,0.4616,0.4938,0.49235,0.4913,0.4372,0.5338,0.4926,"{""geodesic"":false,""type"":""Point"",""coordinates"":[37.05451732311773,34.7717185231132]}"
osm_377,OSM site 377,school,34.7717185231132,37.054876649231375,OpenStreetMap,unvalidated_public_osm,0.030599786,-0.116217434,0.009390649,0.03719504,0.030397221,0.08600825,50.0,built_up,0.8561031746031744,0.45,1.0,0.5405435849999999,0.381218702,0.5,0.7,0.6262305871999999,medium,62.6,Medium,00000000000000000178_0,0.312,0.4,-0.009390649,0.5052,0.40775,0.4104,0.4198,0.4752,0.4958,0.4546,"{""geodesic"":false,""type"":""Point"",""coordinates"":[37.054876649231375,34.7717185231132]}"
osm_378,OSM site 378,school,34.751596260748926,37.080927792470845,OpenStreetMap,unvalidated_public_osm,0.016414136,-0.08636979,-0.019289304,0.02091825,0.016133476,0.09199459,50.0,built_up,0.6509945054945052,0.45,1.0,0.465924475,0.43857860800000004,0.5,0.7,0.6170427558,medium,61.7,Medium,00000000000000000179_0,0.32306665,0.4062,0.019289304,0.483,0.5040375,0.5005,0.5041,0.4674,0.502,0.4267,"{""geodesic"":false,""type"":""Point"",""coordinates"":[37.080927792470845,34.751596260748926]}"
osm_379,OSM site 379,school,34.73345029200971,37.11704006689245,OpenStreetMap,unvalidated_public_osm,0.012188763,-0.080382854,-0.076348595,0.014332675,0.011060792,0.1154475,50.0,built_up,0.9454285714285713,0.45,1.0,0.450957135,0.5526971900000001,0.5,0.7,0.625461146,medium,62.5,Medium,0000000000000000017a_0,0.2705,0.32986668,0.076348595,0.38753334,0.377975,0.3782,0.378975,0.3782,0.4516,0.4312,"{""geodesic"":false,""type"":""Point"",""coordinates"":[37.11704006689245,34.73345029200971]}"
osm_380,OSM site 380,school,34.73362995506653,37.11704006689245,OpenStreetMap,unvalidated_public_osm,0.04834604,-0.16912597,-0.065052934,0.04795556,0.04432347,0.14066727,50.0,built_up,0.7898805916305914,0.45,1.0,0.672814925,0.530105868,0.5,0.7,0.6675735718,medium,66.8,Medium,0000000000000000017b_0,0.22333333,0.2928,0.065052934,0.412,0.4178,0.41425,0.41533333,0.374,0.46933332,0.4402,"{""geodesic"":false,""type"":""Point"",""coordinates"":[37.11704006689245,34.73362995506653]}"
osm_381,OSM site 381,school,34.75375221743081,37.00331335192292,OpenStreetMap,unvalidated_public_osm,0.02157942,-0.09229258,-0.0623683,0.027031679,0.020565918,0.10946815,50.0,built_up,0.8553197450697451,0.45,1.0,0.48073144999999995,0.5247366,0.5,0.7,0.6286199499999999,medium,62.9,Medium,0000000000000000017c_0,0.3018,0.3698,0.0623683,0.445,0.43231666,0.4347,0.43763334,0.4262,0.5042,0.4697,"{""geodesic"":false,""type"":""Point"",""coordinates"":[37.00331335192292,34.75375221743081]}"
osm_382,OSM site 382,school,34.75465053271493,37.00349301497974,OpenStreetMap,unvalidated_public_osm,0.07587254,-0.16611841,-0.07667265,0.08157495,0.06972421,0.13047472,50.0,built_up,0.862200577200577,0.45,0.93531865,0.6652960250000001,0.5533453,0.5,0.7,0.6522233975,medium,65.2,Medium,0000000000000000017d_0,0.2372,0.3042,0.07667265,0.4254,0.39125,0.4086,0.4197,0.3654,0.49605,0.4324,"{""geodesic"":false,""type"":""Point"",""coordinates"":[37.00349301497974,34.75465053271493]}"
osm_383,OSM site 383,school,34.77315582756779,37.08128711858449,OpenStreetMap,unvalidated_public_osm,0.046102263,-0.123818085,0.022950811,0.05328425,0.045379538,0.08372093,50.0,built_up,0.6359720187220184,0.45,1.0,0.5595452125,0.354098378,0.5,0.7,0.6273188802999999,medium,62.7,Medium,0000000000000000017e_0,0.2888,0.3892,-0.022950811,0.4992,0.45815,0.4705,0.4768,0.4552,0.4768,0.3941,"{""geodesic"":false,""type"":""Point"",""coordinates"":[37.08128711858449,34.77315582756779]}"
osm_387,OSM site 387,school,33.55575895452902,36.36137724989111,OpenStreetMap,unvalidated_public_osm,0.059621908,-0.13147001,-0.21690848,0.044740286,0.040433925,0.20378935,50.0,built_up,0.7816559644059642,0.45,0.97594523,0.578675025,0.83381696,0.5,0.7,0.6731030085,medium,67.3,Medium,00000000000000000182_0,0.1344,0.1678,0.21690848,0.2186,0.2655,0.2662,0.2695,0.194,0.3397,0.2935,"{""geodesic"":false,""type"":""Point"",""coordinates"":[36.361377249891106,33.55575895452902]}"
osm_390,ايتدائيه الشفونيه,school,33.556118280642664,36.438093375154914,OpenStreetMap,unvalidated_public_osm,0.047597382,-0.14087303,-0.05157895,0.055816717,0.045494147,0.113100804,50.0,built_up,0.8046226551226553,0.45,1.0,0.602182575,0.5031579,0.5,0.7,0.6507523049999999,medium,65.1,Medium,00000000000000000185_0,0.2796,0.3464,0.05157895,0.46,0.4344,0.42745,0.43403333,0.4182,0.5100333,0.4672,"{""geodesic"":false,""type"":""Point"",""coordinates"":[36.438093375154914,33.556118280642664]}"
osm_391,ثانويه الشفونيه,school,33.555219965358546,36.438093375154914,OpenStreetMap,unvalidated_public_osm,0.0053401305,-0.088213116,-0.0283855,0.006619069,0.0050682994,0.09345392,50.0,built_up,0.8337870740370739,0.45,1.0,0.47053279000000003,0.45677100000000004,0.5,0.7,0.619783658,medium,62.0,Medium,00000000000000000186_0,0.30213332,0.3628,0.0283855,0.433,0.436,0.4342,0.43405,0.4284,0.4583,0.4232,"{""geodesic"":false,""type"":""Point"",""coordinates"":[36.438093375154914,33.555219965358546]}"
osm_392,جودت الهاشمي,school,33.51497544062999,36.29256629912755,OpenStreetMap,unvalidated_public_osm,0.05166052,-0.13898759,0.017251663,0.052717462,0.043810852,0.070016734,50.0,built_up,0.9513134920634922,0.45,0.9958487,0.597468975,0.365496674,0.5,0.7,0.6350056373999999,medium,63.5,Medium,00000000000000000187_0,0.2132,0.25853333,-0.017251663,0.342,0.2993,0.3028,0.3034,0.3084,0.3304,0.3032,"{""geodesic"":false,""type"":""Point"",""coordinates"":[36.29256629912755,33.51497544062999]}"
osm_394,OSM site 394,school,33.554680976188074,36.43989000572315,OpenStreetMap,unvalidated_public_osm,0.049189243,-0.15598258,0.0047300677,0.054510288,0.048832156,0.10232269,50.0,built_up,0.7520679413179414,0.45,1.0,0.63995645,0.3905398646,0.5,0.7,0.64704527646,medium,64.7,Medium,00000000000000000189_0,0.2796,0.3748,-0.0047300677,0.5133333,0.4641,0.4618,0.463,0.4652,0.5085,0.45395,"{""geodesic"":false,""type"":""Point"",""coordinates"":[36.43989000572315,33.554680976188074]}"
osm_395,مدرسة بني صخر الرسمية,school,34.66068675399603,36.31089193092359,OpenStreetMap,unvalidated_public_osm,0.08898143,-0.14278147,-0.07035878,0.06750803,0.05900239,0.10387436,50.0,built_up,0.8165553150553152,0.45,0.902546425,0.606953675,0.54071756,0.5,0.7,0.63109909725,medium,63.1,Medium,0000000000000000018a_0,0.1324,0.1618,0.07035878,0.2157,0.1822,0.22176667,0.2372,0.18045,0.24835,0.1967,"{""geodesic"":false,""type"":""Point"",""coordinates"":[36.31089193092359,34.66068675399603]}"
osm_396,مدرسة الإيمان,school,34.63409662158609,36.326342953810446,OpenStreetMap,unvalidated_public_osm,0.118412316,-0.25079972,-0.047327977,0.0996146,0.1013399,0.14334244,50.0,built_up,0.360035307285307,0.45,0.8289692099999999,0.8769993,0.494655954,0.5,0.7,0.6621077579000001,medium,66.2,Medium,0000000000000000018b_0,0.1539,0.2225,0.047327977,0.37146667,0.33906665,0.36730832,0.37805,0.29280832,0.408375,0.38325,"{""geodesic"":false,""type"":""Point"",""coordinates"":[36.326342953810446,34.63409662158609]}"
osm_397,OSM site 397,school,33.596901794541694,36.30981395258264,OpenStreetMap,unvalidated_public_osm,0.021911884,-0.08625545,-0.023469843,0.028162928,0.020517072,0.0807264,50.0,built_up,0.9165978835978836,0.45,1.0,0.465638625,0.446939686,0.5,0.7,0.6178216935999999,medium,61.8,Medium,0000000000000000018c_0,0.29946667,0.357,0.023469843,0.4244,0.4153,0.41275,0.41275,0.4062,0.4448,0.428,"{""geodesic"":false,""type"":""Point"",""coordinates"":[36.309813952582644,33.596901794541694]}"
osm_398,OSM site 398,school,33.59654246842804,36.30963428952583,OpenStreetMap,unvalidated_public_osm,0.04909304,-0.12576455,-0.056463987,0.049235612,0.040194396,0.10295546,50.0,built_up,0.9698478835978835,0.45,1.0,0.5644113749999999,0.512927974,0.5,0.7,0.6441750723999999,medium,64.4,Medium,0000000000000000018d_0,0.2042,0.244775,0.056463987,0.3152,0.29855,0.3002375,0.30435,0.2857,0.352925,0.3323,"{""geodesic"":false,""type"":""Point"",""coordinates"":[36.309634289525825,33.59654246842804]}"
osm_399,OSM site 399,school,33.57606087995012,36.29562057109356,OpenStreetMap,unvalidated_public_osm,0.02137768,-0.076894514,-0.008031463,0.028470015,0.019319454,0.05902192,50.0,built_up,0.9755476190476189,0.45,1.0,0.442236285,0.416062926,0.5,0.7,0.6100535496,medium,61.0,Medium,0000000000000000018e_0,0.2919,0.33173335,0.008031463,0.387,0.3527,0.35595,0.35704,0.3708,0.39326668,0.3608,"{""geodesic"":false,""type"":""Point"",""coordinates"":[36.29562057109356,33.57606087995012]}"
osm_400,OSM site 400,school,33.48227676428804,36.60122743075102,OpenStreetMap,unvalidated_public_osm,0.060954086,-0.1586886,-0.058411546,0.07051204,0.0598174,0.12461896,60.0,bare_sparse_vegetation,0.6433968253968255,0.85,0.972614785,0.6467215000000001,0.516823092,0.5,0.7,0.77418030545,high,77.4,High,0000000000000000018f_0,0.283,0.3644,0.058411546,0.50186664,0.49,0.4964,0.500075,0.4442,0.56413335,0.5167,"{""geodesic"":false,""type"":""Point"",""coordinates"":[36.60122743075102,33.48227676428804]}"
osm_401,OSM site 401,school,33.48640901459499,36.61524114918328,OpenStreetMap,unvalidated_public_osm,0.08187424,-0.18343674,-0.23694393,0.07159802,0.06380526,0.22468702,50.0,built_up,0.45303571428571426,0.45,0.9203144,0.7085918499999999,0.87388786,0.5,0.7,0.689185756,medium,68.9,Medium,00000000000000000190_0,0.1648,0.2018,0.23694393,0.29246667,0.3741,0.38465,0.38825,0.2482,0.4741,0.44173333,"{""geodesic"":false,""type"":""Point"",""coordinates"":[36.615241149183284,33.48640901459499]}"
osm_402,OSM site 402,school,33.48640901459499,36.61470216001281,OpenStreetMap,unvalidated_public_osm,0.03129132,-0.072902344,-0.016961612,0.048743654,0.030264284,0.058769595,50.0,built_up,0.8024087671587671,0.45,1.0,0.43225585999999994,0.43392322400000005,0.5,0.7,0.6098434944,medium,61.0,Medium,00000000000000000191_0,0.3532,0.4044,0.016961612,0.468,0.4325,0.4319,0.43036667,0.4396,0.48415,0.44284,"{""geodesic"":false,""type"":""Point"",""coordinates"":[36.61470216001281,33.48640901459499]}"
osm_403,OSM site 403,school,33.48676834070864,36.606437659398914,OpenStreetMap,unvalidated_public_osm,0.025898907,-0.08395324,-0.034319542,0.03341117,0.023853626,0.0815113,50.0,built_up,0.937473544973545,0.45,1.0,0.45988310000000004,0.46863908400000004,0.5,0.7,0.6188405284,medium,61.9,Medium,00000000000000000192_0,0.29213333,0.3448,0.034319542,0.408,0.396,0.3896,0.395,0.3874,0.437,0.4195,"{""geodesic"":false,""type"":""Point"",""coordinates"":[36.606437659398914,33.486768340708636]}"
osm_404,مدرسة مشتى حمود الرسمية,school,34.62978470822232,36.326342953810446,OpenStreetMap,unvalidated_public_osm,0.009535189,-0.05775835,-0.005722658,0.010995085,0.008196745,0.067942716,50.0,built_up,0.9647936507936508,0.45,1.0,0.39439587499999995,0.411445316,0.5,0.7,0.6000237065999999,medium,60.0,Medium,00000000000000000193_0,0.2504,0.3018,0.005722658,0.3388,0.30213332,0.29616,0.30923334,0.3324,0.3427,0.30545,"{""geodesic"":false,""type"":""Point"",""coordinates"":[36.326342953810446,34.62978470822232]}"
osm_407,المركز الثقافي البريطاني,school,33.51677207119823,36.288613711877424,OpenStreetMap,unvalidated_public_osm,0.06922175,-0.14777501,0.023299353,0.061207555,0.05250149,0.061878152,50.0,built_up,0.8460563973063973,0.45,0.9519456249999999,0.619437525,0.35340129400000003,0.5,0.7,0.62721404065,medium,62.7,Medium,00000000000000000196_0,0.1674,0.203,-0.023299353,0.2734,0.2194,0.2486,0.25515,0.238,0.26095,0.2274,"{""geodesic"":false,""type"":""Point"",""coordinates"":[36.288613711877424,33.51677207119823]}"
osm_408,مدرسة دار السلام,school,33.51677207119823,36.29023067938884,OpenStreetMap,unvalidated_public_osm,0.08689557,-0.29452267,0.026048124,0.07082475,0.07866355,0.13085112,40.0,cropland,0.5916709586709588,0.35,0.907761075,0.9863066749999999,0.347903752,0.5,0.7,0.6589919789500001,medium,65.9,Medium,00000000000000000197_0,0.1552,0.2254,-0.026048124,0.4136,0.3064,0.32193333,0.3344,0.34746668,0.3926,0.36203334,"{""geodesic"":false,""type"":""Point"",""coordinates"":[36.29023067938884,33.51677207119823]}"
osm_410,Hosh Al Arab Public School,school,34.34753404595197,36.47097171455369,OpenStreetMap,unvalidated_public_osm,0.06614017,-0.28545925,-0.10024993,0.048874184,0.054432202,0.19992942,40.0,cropland,0.4607576682576682,0.35,0.959649575,0.9636481250000001,0.60049986,0.5,0.7,0.6926920047499999,medium,69.3,Medium,00000000000000000199_0,0.1294,0.1801,0.10024993,0.324,0.294,0.31245,0.31565,0.2838,0.3962,0.37295,"{""geodesic"":false,""type"":""Point"",""coordinates"":[36.47097171455369,34.34753404595197]}"
osm_413,OSM site 413,school,34.34034752367901,36.48211082407677,OpenStreetMap,unvalidated_public_osm,0.07716596,-0.18781282,-0.13986291,0.061605837,0.058259647,0.17497905,50.0,built_up,0.6740778388278389,0.45,0.9320850999999999,0.7195320499999999,0.67972582,0.5,0.7,0.6749002669999999,medium,67.5,Medium,0000000000000000019c_0,0.1452,0.1866,0.13986291,0.2729,0.2644,0.28155,0.29045,0.2338,0.36165,0.30665,"{""geodesic"":false,""type"":""Point"",""coordinates"":[36.48211082407677,34.34034752367901]}"
osm_414,OSM site 414,school,34.34771370900879,36.47151070372416,OpenStreetMap,unvalidated_public_osm,0.099889204,-0.24182308,-0.09689998,0.0822922,0.08363525,0.17205326,30.0,grassland,0.35550420875420885,0.4,0.8752769899999999,0.8545577,0.59379996,0.5,0.7,0.6641107835,medium,66.4,Medium,0000000000000000019d_0,0.1515,0.2121,0.09689998,0.3474,0.353,0.3574,0.36295,0.2843,0.42195,0.3639,"{""geodesic"":false,""type"":""Point"",""coordinates"":[36.471510703724164,34.34771370900879]}"
osm_415,مدسة أحمد الططري,school,33.53096545268732,36.28448146157048,OpenStreetMap,unvalidated_public_osm,0.112448834,-0.20336005,-0.13628715,0.07945284,0.07653228,0.16955142,50.0,built_up,0.4409884559884562,0.45,0.843877915,0.758400125,0.6725743,0.5,0.7,0.65990693375,medium,66.0,Medium,0000000000000000019e_0,0.11565,0.152925,0.13628715,0.231,0.24591666,0.26385,0.273675,0.1843,0.3039,0.27575,"{""geodesic"":false,""type"":""Point"",""coordinates"":[36.28448146157048,33.53096545268732]}"
osm_416,OSM site 416,school,33.529707811289555,36.283583146286354,OpenStreetMap,unvalidated_public_osm,0.07459972,-0.18084575,-0.1133796,0.06048626,0.05859376,0.16777582,50.0,built_up,0.630261701261701,0.45,0.9385007000000001,0.702114375,0.6267592,0.5,0.7,0.66772397,medium,66.8,Medium,0000000000000000019f_0,0.1502,0.20485,0.1133796,0.2953,0.2743,0.28936666,0.296,0.2543,0.370825,0.31495,"{""geodesic"":false,""type"":""Point"",""coordinates"":[36.283583146286354,33.529707811289555]}"
osm_417,مدرسة برهان شمدين,school,33.536355344392035,36.304603723934754,OpenStreetMap,unvalidated_public_osm,0.00036292846,-0.059592444,-0.08600489,0.00036605084,0.00028540473,0.10946848,50.0,built_up,0.9252142857142858,0.45,1.0,0.39898110999999997,0.57200978,0.5,0.7,0.6169972,medium,61.7,Medium,000000000000000001a0_0,0.2083,0.2446,0.08600489,0.2756,0.2655,0.2832,0.2874,0.2754,0.32746667,0.3174,"{""geodesic"":false,""type"":""Point"",""coordinates"":[36.304603723934754,33.536355344392035]}"
osm_418,مدرسة دوريش الزوني,school,33.53599601827839,36.30424439782111,OpenStreetMap,unvalidated_public_osm,0.029889878,-0.14197114,-0.062194105,0.03052127,0.027082672,0.13149126,50.0,built_up,0.8743462000961997,0.45,1.0,0.6049278499999999,0.52438821,0.5,0.7,0.6534243909999999,medium,65.3,Medium,000000000000000001a1_0,0.2327,0.29513332,0.062194105,0.3928,0.38595,0.38405,0.3846,0.37,0.4449,0.4261,"{""geodesic"":false,""type"":""Point"",""coordinates"":[36.30424439782111,33.53599601827839]}"
osm_419,OSM site 419,school,33.53581635522156,36.30406473476428,OpenStreetMap,unvalidated_public_osm,0.054090064,-0.16455694,-0.044631954,0.0512374,0.04869663,0.13390744,50.0,built_up,0.7730582010582012,0.45,0.98977484,0.66139235,0.489263908,0.5,0.7,0.6586485708,medium,65.9,Medium,000000000000000001a2_0,0.20595,0.2838,0.044631954,0.3956,0.39665,0.3995,0.4012,0.355,0.4325625,0.38925,"{""geodesic"":false,""type"":""Point"",""coordinates"":[36.30406473476428,33.53581635522156]}"
osm_420,مدرسة إبن المعتز,school,33.537612985789806,36.29813585388909,OpenStreetMap,unvalidated_public_osm,0.04736562,-0.12609237,0.06195734,0.04887278,0.041170206,0.052614443,50.0,built_up,0.9235223665223664,0.45,1.0,0.565230925,0.27608532,0.5,0.7,0.620654717,medium,62.1,Medium,000000000000000001a3_0,0.2214,0.28,-0.06195734,0.3608,0.2722,0.27145,0.2774,0.32816666,0.3187,0.28505,"{""geodesic"":false,""type"":""Point"",""coordinates"":[36.29813585388909,33.537612985789806]}"
osm_421,OSM site 421,school,33.55683693286996,36.44060865795045,OpenStreetMap,unvalidated_public_osm,0.010909072,-0.08657416,-0.041482612,0.014492729,0.010434765,0.09130875,50.0,built_up,0.8528223905723906,0.45,1.0,0.46643539999999994,0.482965224,0.5,0.7,0.6215836024,medium,62.2,Medium,000000000000000001a4_0,0.32,0.37392,0.041482612,0.4448,0.44963333,0.4363,0.4413,0.4352,0.4833,0.4579,"{""geodesic"":false,""type"":""Point"",""coordinates"":[36.44060865795045,33.55683693286996]}"
osm_422,OSM site 422,school,34.606608173892035,36.38527243644869,OpenStreetMap,unvalidated_public_osm,0.10069496,-0.271392,-0.14031641,0.085582875,0.0868401,0.1987979,30.0,grassland,0.7114300415832674,0.4,0.8732626,0.9284800000000001,0.68063282,0.5,0.7,0.687074932,medium,68.7,Medium,000000000000000001a5_0,0.161,0.2133,0.14031641,0.3722,0.35855,0.36735,0.38745,0.3041,0.4937,0.4179,"{""geodesic"":false,""type"":""Point"",""coordinates"":[36.38527243644869,34.606608173892035]}"
osm_423,OSM site 423,school,34.632838980188325,36.37988254474397,OpenStreetMap,unvalidated_public_osm,0.2984479,-0.34497017,0.026108285,0.23772521,0.21230286,0.039447017,50.0,built_up,0.45566366041366035,0.45,0.37888025000000003,1.0,0.34778343,0.5,0.7,0.5594984055000001,medium,55.9,Medium,000000000000000001a6_0,0.1102,0.1426,-0.026108285,0.2928,0.2143,0.2682,0.2856,0.1582,0.2779,0.2354,"{""geodesic"":false,""type"":""Point"",""coordinates"":[36.37988254474397,34.632838980188325]}"
osm_424,OSM site 424,school,33.52000600622106,36.35401106456133,OpenStreetMap,unvalidated_public_osm,0.02772793,-0.0746767,0.033137847,0.043232188,0.02775192,0.041211344,50.0,built_up,0.7982079124579123,0.45,1.0,0.43669175000000005,0.333724306,0.5,0.7,0.6007107806,medium,60.1,Medium,000000000000000001a7_0,0.3776,0.4436,-0.033137847,0.5152,0.4418,0.43375,0.43935,0.4874,0.48215,0.46175,"{""geodesic"":false,""type"":""Point"",""coordinates"":[36.35401106456133,33.52000600622106]}"
osm_425,OSM site 425,school,33.52862983294861,36.39066232815341,OpenStreetMap,unvalidated_public_osm,0.0059589515,-0.06271857,-0.022465272,0.008347766,0.005760207,0.07698561,50.0,built_up,0.8062460317460317,0.45,1.0,0.406796425,0.44493054400000004,0.5,0.7,0.6058523393999999,medium,60.6,Medium,000000000000000001a8_0,0.3388,0.402,0.022465272,0.4558,0.46895,0.461,0.4605,0.4504,0.47675,0.44755,"{""geodesic"":false,""type"":""Point"",""coordinates"":[36.390662328153404,33.52862983294861]}"
osm_426,OSM site 426,school,33.52827050683496,36.39048266509658,OpenStreetMap,unvalidated_public_osm,0.008672429,-0.06428907,-0.0031316918,0.012413238,0.008360708,0.06344109,50.0,built_up,0.7725738705738703,0.45,1.0,0.410722675,0.4062633836,0.5,0.7,0.60277087336,medium,60.3,Medium,000000000000000001a9_0,0.341,0.3988,0.0031316918,0.4536,0.4428,0.4379,0.43625,0.4458,0.45645,0.4275,"{""geodesic"":false,""type"":""Point"",""coordinates"":[36.39048266509658,33.52827050683496]}"
osm_427,OSM site 427,school,33.515155103686816,36.34430925949284,OpenStreetMap,unvalidated_public_osm,0.05668933,-0.15346532,-0.0285342,0.058001265,0.04976774,0.1025233,50.0,built_up,0.9759444444444444,0.45,0.983276675,0.6336632999999999,0.45706840000000004,0.5,0.7,0.64825866875,medium,64.8,Medium,000000000000000001aa_0,0.2194,0.2736,0.0285342,0.3728,0.3315,0.3439,0.3513,0.3328,0.3947,0.3602,"{""geodesic"":false,""type"":""Point"",""coordinates"":[36.34430925949284,33.515155103686816]}"
osm_428,OSM site 428,school,33.52862983294861,36.39066232815341,OpenStreetMap,unvalidated_public_osm,0.0059589515,-0.06271857,-0.022465272,0.008347766,0.005760207,0.07698561,50.0,built_up,0.8062460317460317,0.45,1.0,0.406796425,0.44493054400000004,0.5,0.7,0.6058523393999999,medium,60.6,Medium,000000000000000001ab_0,0.3388,0.402,0.022465272,0.4558,0.46895,0.461,0.4605,0.4504,0.47675,0.44755,"{""geodesic"":false,""type"":""Point"",""coordinates"":[36.390662328153404,33.52862983294861]}"
osm_430,ثانويةتشرين,school,33.574982901609175,36.40485570964249,OpenStreetMap,unvalidated_public_osm,0.045758914,-0.111506514,-0.00046669575,0.052714456,0.04043391,0.06921615,50.0,built_up,0.9673849206349208,0.45,1.0,0.528766285,0.4009333915,0.5,0.7,0.6258465961499999,medium,62.6,Medium,000000000000000001ad_0,0.2495,0.2996,0.00046669575,0.3748,0.3317,0.3286,0.3381,0.342,0.37515,0.35025,"{""geodesic"":false,""type"":""Point"",""coordinates"":[36.40485570964249,33.574982901609175]}"
osm_431,OSM site 431,school,33.57534222772282,36.4034184051879,OpenStreetMap,unvalidated_public_osm,0.14343107,-0.22461273,-0.088842645,0.12091036,0.10733612,0.12585208,50.0,built_up,0.8938769841269846,0.45,0.766422325,0.811531825,0.57768529,0.5,0.7,0.6416804752499999,medium,64.2,Medium,000000000000000001ae_0,0.145,0.1802,0.088842645,0.2846,0.2681,0.3065,0.3191,0.2132,0.3401,0.3038,"{""geodesic"":false,""type"":""Point"",""coordinates"":[36.4034184051879,33.57534222772282]}"
osm_432,OSM site 432,school,33.57318627104094,36.39407592623306,OpenStreetMap,unvalidated_public_osm,0.037845682,-0.08507829,0.08064443,0.061162375,0.039121557,0.01964301,50.0,built_up,0.6928595848595847,0.45,1.0,0.462695725,0.23871114000000002,0.5,0.7,0.596410259,medium,59.6,Medium,000000000000000001af_0,0.408,0.485,-0.08064443,0.5752,0.4779,0.4829,0.4868,0.53325,0.48935,0.44405,"{""geodesic"":false,""type"":""Point"",""coordinates"":[36.39407592623306,33.57318627104094]}"
osm_433,OSM site 433,school,33.574982901609175,36.40521503575614,OpenStreetMap,unvalidated_public_osm,0.052899312,-0.13549095,0.04321532,0.060857892,0.048507486,0.055801213,50.0,built_up,0.9602619047619048,0.45,0.99275172,0.5887273749999999,0.31356936,0.5,0.7,0.627290341,medium,62.7,Medium,000000000000000001b0_0,0.2586,0.3152,-0.04321532,0.414,0.3313,0.3446,0.3565,0.3724,0.3797,0.353,"{""geodesic"":false,""type"":""Point"",""coordinates"":[36.40521503575614,33.574982901609175]}"
osm_434,OSM site 434,school,33.574982901609175,36.40485570964249,OpenStreetMap,unvalidated_public_osm,0.045758914,-0.111506514,-0.00046669575,0.052714456,0.04043391,0.06921615,50.0,built_up,0.9673849206349208,0.45,1.0,0.528766285,0.4009333915,0.5,0.7,0.6258465961499999,medium,62.6,Medium,000000000000000001b1_0,0.2495,0.2996,0.00046669575,0.3748,0.3317,0.3286,0.3381,0.342,0.37515,0.35025,"{""geodesic"":false,""type"":""Point"",""coordinates"":[36.40485570964249,33.574982901609175]}"
osm_435,OSM site 435,school,33.59205089200744,36.431445842052426,OpenStreetMap,unvalidated_public_osm,0.053343106,-0.10302147,-0.039416697,0.07521539,0.050661534,0.077217616,50.0,built_up,0.7965185185185185,0.45,0.991642235,0.507553675,0.478833394,0.5,0.7,0.6273046331500001,medium,62.7,Medium,000000000000000001b2_0,0.3167,0.3696,0.039416697,0.4545,0.444825,0.444075,0.44645,0.40846667,0.4918,0.452625,"{""geodesic"":false,""type"":""Point"",""coordinates"":[36.431445842052426,33.59205089200744]}"
osm_436,OSM site 436,school,33.592410218121096,36.431445842052426,OpenStreetMap,unvalidated_public_osm,0.03441152,-0.113239825,-0.061571717,0.04074069,0.0323408,0.11371734,50.0,built_up,0.848980158730159,0.45,1.0,0.5330995624999999,0.5231434340000001,0.5,0.7,0.6389342559,medium,63.9,Medium,000000000000000001b3_0,0.279,0.3456,0.061571717,0.43386668,0.46755,0.46616668,0.4632,0.405,0.4908,0.4589,"{""geodesic"":false,""type"":""Point"",""coordinates"":[36.431445842052426,33.592410218121096]}"
osm_437,OSM site 437,school,33.529707811289555,36.38670974090328,OpenStreetMap,unvalidated_public_osm,0.05092161,-0.11243384,-0.078482404,0.0592426,0.042887233,0.09695682,50.0,built_up,0.9329298941798938,0.45,0.997695975,0.5310845999999999,0.556964808,0.5,0.7,0.64133739455,medium,64.1,Medium,000000000000000001b4_0,0.2378,0.2684,0.078482404,0.3364,0.3282,0.3252,0.3334,0.3038,0.3937,0.3605,"{""geodesic"":false,""type"":""Point"",""coordinates"":[36.38670974090328,33.529707811289555]}"
osm_438,OSM site 438,school,33.529887474346374,36.38724873007375,OpenStreetMap,unvalidated_public_osm,0.026437722,-0.10116961,-0.061257545,0.029621938,0.023585672,0.11013435,50.0,built_up,0.957845238095238,0.45,1.0,0.502924025,0.52251509,0.5,0.7,0.632836314,medium,63.3,Medium,000000000000000001b5_0,0.251,0.3074,0.061257545,0.3766,0.376,0.37065,0.37265,0.3572,0.42575,0.41005,"{""geodesic"":false,""type"":""Point"",""coordinates"":[36.38724873007375,33.529887474346374]}"
osm_439,OSM site 439,school,33.53222309408508,36.36964175050501,OpenStreetMap,unvalidated_public_osm,0.028727768,-0.093023226,-0.018468998,0.03226302,0.02558895,0.08650167,50.0,built_up,0.9806111111111111,0.45,1.0,0.482558065,0.43693799600000005,0.5,0.7,0.6202054126,medium,62.0,Medium,000000000000000001b6_0,0.2505,0.312,0.018468998,0.376,0.33845,0.34425,0.3402,0.355,0.39015,0.35765,"{""geodesic"":false,""type"":""Point"",""coordinates"":[36.369641750505004,33.53222309408508]}"
osm_440,OSM site 440,school,33.532043431028264,36.36928242439136,OpenStreetMap,unvalidated_public_osm,0.048816137,-0.13526341,-0.006162999,0.0515448,0.04230704,0.08197493,50.0,built_up,0.9840952380952381,0.45,1.0,0.588158525,0.412325998,0.5,0.7,0.6388643048,medium,63.9,Medium,000000000000000001b7_0,0.2255,0.2733,0.006162999,0.3588,0.318,0.33125,0.3396,0.3254,0.36325,0.33655,"{""geodesic"":false,""type"":""Point"",""coordinates"":[36.36928242439136,33.532043431028264]}"
osm_442,OSM site 442,school,33.55306400867666,36.36425185880029,OpenStreetMap,unvalidated_public_osm,0.027270757,-0.11593187,0.017980639,0.033595193,0.02661728,0.075629264,50.0,built_up,0.7862140822140817,0.45,1.0,0.539829675,0.36403872200000004,0.5,0.7,0.6243698072,medium,62.4,Medium,000000000000000001b9_0,0.3075,0.379,-0.017980639,0.4784,0.44275,0.44595,0.4527,0.453,0.4615,0.4335,"{""geodesic"":false,""type"":""Point"",""coordinates"":[36.36425185880029,33.55306400867666]}"
osm_443,OSM site 443,school,33.55216569339254,36.363712869629815,OpenStreetMap,unvalidated_public_osm,0.052164774,-0.1424227,0.000665938,0.058772482,0.049414102,0.0895095,50.0,built_up,0.9152288359788361,0.45,0.994588065,0.60605675,0.398668124,0.5,0.7,0.63972517865,medium,64.0,Medium,000000000000000001ba_0,0.2648,0.3384,-0.000665938,0.4508,0.3874,0.3884,0.3923,0.4061,0.4502,0.4043,"{""geodesic"":false,""type"":""Point"",""coordinates"":[36.363712869629815,33.55216569339254]}"
osm_444,سامي الدروبي,school,33.519646680107414,36.271725384535976,OpenStreetMap,unvalidated_public_osm,0.013381311,-0.0671611,0.024768544,0.014731708,0.011260356,0.05443011,50.0,built_up,0.9542499999999999,0.45,1.0,0.41790275,0.350462912,0.5,0.7,0.5986268412,medium,59.9,Medium,000000000000000001bb_0,0.2352,0.283,-0.024768544,0.32375,0.2779,0.27396667,0.2738,0.3152,0.3081,0.3041,"{""geodesic"":false,""type"":""Point"",""coordinates"":[36.271725384535976,33.519646680107414]}"
osm_445,مدرسة الثقافة,school,33.518029712596,36.2756779717861,OpenStreetMap,unvalidated_public_osm,0.07008706,-0.14397652,-0.0076465616,0.07599844,0.06685118,0.10077518,50.0,built_up,0.6883767806267804,0.45,0.9497823499999999,0.6099413,0.4152931232,0.5,0.7,0.63096315982,medium,63.1,Medium,000000000000000001bc_0,0.252,0.3496,0.0076465616,0.4672,0.45345,0.4673,0.469,0.406,0.4744,0.3968,"{""geodesic"":false,""type"":""Point"",""coordinates"":[36.2756779717861,33.518029712596]}"
osm_446,OSM site 446,school,33.568515031563514,36.3710790549596,OpenStreetMap,unvalidated_public_osm,0.052658007,-0.11323258,-0.07715981,0.06537579,0.0485512,0.109009586,50.0,built_up,0.838781746031746,0.45,0.9933549825,0.53308145,0.55431962,0.5,0.7,0.6403869976250001,medium,64.0,Medium,000000000000000001bd_0,0.2774,0.3344,0.07715981,0.4198,0.4592,0.45605,0.4567,0.3778,0.49,0.45735,"{""geodesic"":false,""type"":""Point"",""coordinates"":[36.3710790549596,33.568515031563514]}"
osm_447,OSM site 447,school,33.56564042265433,36.37179770718689,OpenStreetMap,unvalidated_public_osm,0.045570184,-0.12158808,0.022740126,0.05509408,0.043309376,0.06777091,50.0,built_up,0.8926097883597884,0.45,1.0,0.5539702,0.354519748,0.5,0.7,0.6262460148,medium,62.6,Medium,000000000000000001be_0,0.2853,0.354,-0.022740126,0.452,0.3866,0.39835,0.4056,0.4126,0.4319,0.3989,"{""geodesic"":false,""type"":""Point"",""coordinates"":[36.37179770718689,33.56564042265433]}"
osm_448,OSM site 448,school,33.56222682457468,36.36946208744818,OpenStreetMap,unvalidated_public_osm,0.04566211,-0.13541988,-0.06613992,0.04672079,0.039973356,0.1230138,50.0,built_up,0.9227050264550263,0.45,1.0,0.5885497,0.5322798400000001,0.5,0.7,0.650937924,medium,65.1,Medium,000000000000000001bf_0,0.2214,0.279,0.06613992,0.3664,0.3393,0.3449,0.3461,0.3344,0.4183,0.3814,"{""geodesic"":false,""type"":""Point"",""coordinates"":[36.369462087448184,33.56222682457468]}"
osm_449,OSM site 449,school,33.561867498461034,36.36946208744818,OpenStreetMap,unvalidated_public_osm,0.054502364,-0.14543116,-0.09090907,0.054869678,0.046970725,0.13520913,50.0,built_up,0.7247502405002405,0.45,0.98874409,0.6135779,0.58181814,0.5,0.7,0.6580834165,medium,65.8,Medium,000000000000000001c0_0,0.2126,0.2656,0.09090907,0.356,0.3552,0.3597,0.3621,0.3192,0.4272,0.392,"{""geodesic"":false,""type"":""Point"",""coordinates"":[36.369462087448184,33.561867498461034]}"
osm_450,OSM site 450,school,33.57588121689329,36.441686636291394,OpenStreetMap,unvalidated_public_osm,0.03268592,-0.08673976,-0.026387285,0.044418678,0.030794395,0.07489733,50.0,built_up,0.8823280423280424,0.45,1.0,0.46684939999999997,0.45277457000000004,0.5,0.7,0.618647337,medium,61.9,Medium,000000000000000001c1_0,0.31106666,0.3664,0.026387285,0.436,0.4,0.40575,0.4179,0.4084,0.45963332,0.4057,"{""geodesic"":false,""type"":""Point"",""coordinates"":[36.441686636291394,33.57588121689329]}"
osm_451,OSM site 451,school,33.57588121689329,36.440967984064095,OpenStreetMap,unvalidated_public_osm,0.04086085,-0.123352185,-0.018813608,0.050126668,0.039663132,0.092541024,50.0,built_up,0.8157671957671956,0.45,1.0,0.5583804625,0.43762721600000004,0.5,0.7,0.6354388141,medium,63.5,Medium,000000000000000001c2_0,0.2996,0.3724,0.018813608,0.4772,0.449,0.4468,0.4484,0.43973333,0.4955,0.4615,"{""geodesic"":false,""type"":""Point"",""coordinates"":[36.440967984064095,33.57588121689329]}"
osm_453,OSM site 453,school,33.52144331067565,36.38167917531221,OpenStreetMap,unvalidated_public_osm,0.07870966,-0.16272601,-0.110283345,0.076802,0.065357134,0.14116405,50.0,built_up,0.7361637344137346,0.45,0.9282258499999999,0.656815025,0.62056669,0.5,0.7,0.6554761364999999,medium,65.5,Medium,000000000000000001c4_0,0.1946,0.2408,0.110283345,0.3344,0.3659,0.379,0.3865,0.2856,0.4173,0.3877,"{""geodesic"":false,""type"":""Point"",""coordinates"":[36.38167917531221,33.52144331067565]}"
osm_454,OSM site 454,school,33.52144331067565,36.38203850142585,OpenStreetMap,unvalidated_public_osm,0.011387164,-0.07185956,-0.06462421,0.014140635,0.010370836,0.10151878,50.0,built_up,0.9379391534391535,0.45,1.0,0.42964890000000006,0.52924842,0.5,0.7,0.618854622,medium,61.9,Medium,000000000000000001c5_0,0.2836,0.3384,0.06462421,0.3908,0.4239,0.4213,0.423,0.382,0.4448,0.43,"{""geodesic"":false,""type"":""Point"",""coordinates"":[36.38203850142585,33.52144331067565]}"
osm_455,OSM site 455,school,33.52072465844836,36.38185883836904,OpenStreetMap,unvalidated_public_osm,0.02429351,-0.0771637,-0.035705965,0.02987259,0.02249771,0.09093279,50.0,built_up,0.9166534391534393,0.45,1.0,0.44290925,0.47141193000000003,0.5,0.7,0.615723043,medium,61.6,Medium,000000000000000001c6_0,0.2846,0.354,0.035705965,0.4132,0.426,0.4158,0.4028,0.3936,0.4438,0.4277,"{""geodesic"":false,""type"":""Point"",""coordinates"":[36.381858838369034,33.52072465844836]}"
osm_456,OSM site 456,school,33.594745837859804,36.42587628729089,OpenStreetMap,unvalidated_public_osm,0.02841337,-0.09946237,-0.048339225,0.034862544,0.026169516,0.096309386,50.0,built_up,0.9183677248677251,0.45,1.0,0.498655925,0.49667845,0.5,0.7,0.62939903,medium,62.9,Medium,000000000000000001c7_0,0.2809,0.335,0.048339225,0.409,0.427925,0.41685,0.4191,0.3864,0.45055,0.422625,"{""geodesic"":false,""type"":""Point"",""coordinates"":[36.42587628729089,33.594745837859804]}"
osm_460,مدرسة عبد الحميد الزهراوي,school,34.7266230958504,36.70058110117464,OpenStreetMap,unvalidated_public_osm,0.055335965,-0.13907847,-0.044295345,0.046916887,0.0417495,0.1069399,50.0,built_up,0.8773373015873012,0.45,0.9866600875,0.597696175,0.48859069,0.5,0.7,0.645063325875,medium,64.5,Medium,000000000000000001cb_0,0.1612,0.2018,0.044295345,0.267,0.2407,0.244,0.2484,0.239,0.29175,0.25915,"{""geodesic"":false,""type"":""Point"",""coordinates"":[36.70058110117464,34.7266230958504]}"
osm_461,هاشم اتاسي,school,34.72716208502087,36.70022177506099,OpenStreetMap,unvalidated_public_osm,0.11448377,-0.24748322,-0.12426384,0.093800835,0.08866207,0.1657865,30.0,grassland,0.6875572875792175,0.4,0.838790575,0.86870805,0.64852768,0.5,0.7,0.66329202175,medium,66.3,Medium,000000000000000001cc_0,0.1449,0.1794,0.12426384,0.2974,0.29855,0.3044,0.31145,0.2363,0.3818,0.3238,"{""geodesic"":false,""type"":""Point"",""coordinates"":[36.70022177506099,34.72716208502087]}"
osm_462,التوحيدي,school,33.48838530822005,36.30065113668463,OpenStreetMap,unvalidated_public_osm,0.04245282,-0.16545813,-0.08425418,0.03279086,0.032117356,0.1534961,50.0,built_up,0.47323280423280417,0.45,1.0,0.663645325,0.56850836,0.5,0.7,0.669579901,medium,67.0,Medium,000000000000000001cd_0,0.144,0.1899,0.08425418,0.2652,0.27025,0.281,0.28565,0.2436,0.314,0.2704,"{""geodesic"":false,""type"":""Point"",""coordinates"":[36.30065113668463,33.48838530822005]}"
osm_463,طاهر الجزائري,school,33.48676834070864,36.30154945196875,OpenStreetMap,unvalidated_public_osm,0.04763464,-0.09439121,0.016195608,0.049108952,0.039292466,0.061401185,50.0,built_up,0.9726944444444449,0.45,1.0,0.485978025,0.367608784,0.5,0.7,0.6139564834,medium,61.4,Medium,000000000000000001ce_0,0.2112,0.2648,-0.016195608,0.32,0.27975,0.28656667,0.2903,0.2909,0.3098,0.2803,"{""geodesic"":false,""type"":""Point"",""coordinates"":[36.30154945196875,33.486768340708636]}"
osm_464,محمد الأشمر,school,33.48676834070864,36.3011901258551,OpenStreetMap,unvalidated_public_osm,0.017878419,-0.06516993,0.034524526,0.0216497,0.015368845,0.03926911,50.0,built_up,0.9269866522366521,0.45,1.0,0.41292482500000005,0.330950948,0.5,0.7,0.5956800598,medium,59.6,Medium,000000000000000001cf_0,0.2578,0.2998,-0.034524526,0.3416,0.2875,0.2992,0.30325,0.3296,0.3188,0.30326667,"{""geodesic"":false,""type"":""Point"",""coordinates"":[36.3011901258551,33.486768340708636]}"
osm_465,أم عطية,school,33.49521250437936,36.30765799590076,OpenStreetMap,unvalidated_public_osm,0.051752407,-0.1360195,0.013430642,0.04962405,0.04299102,0.07850249,50.0,built_up,0.9756256613756613,0.45,0.9956189825,0.5900487499999999,0.37313871600000004,0.5,0.7,0.634228367225,medium,63.4,Medium,000000000000000001d0_0,0.1965,0.2482,-0.013430642,0.32635,0.27336666,0.28486666,0.2938,0.29423332,0.3177,0.299675,"{""geodesic"":false,""type"":""Point"",""coordinates"":[36.30765799590076,33.49521250437936]}"
osm_466,16 تشرين,school,33.49575149354983,36.30801732201441,OpenStreetMap,unvalidated_public_osm,0.08935003,-0.15701278,0.071826346,0.0846824,0.07215401,0.03835563,50.0,built_up,0.8274998797498798,0.45,0.9016249249999999,0.64253195,0.25634730800000005,0.5,0.7,0.60954735205,medium,61.0,Medium,000000000000000001d1_0,0.183,0.2314,-0.071826346,0.3176,0.2122,0.2324,0.2441,0.2655,0.27503332,0.24255,"{""geodesic"":false,""type"":""Point"",""coordinates"":[36.30801732201441,33.49575149354983]}"
osm_467,أديب اللحام,school,33.49575149354983,36.307478332843935,OpenStreetMap,unvalidated_public_osm,0.10366374,-0.19394733,-0.04273926,0.081248336,0.07529914,0.10920964,50.0,built_up,0.9407180134680135,0.45,0.86584065,0.734868325,0.48547852,0.5,0.7,0.6419816795,medium,64.2,Medium,000000000000000001d2_0,0.13653333,0.1749,0.04273926,0.25906667,0.2223,0.2556,0.2708,0.2104,0.2822,0.2437,"{""geodesic"":false,""type"":""Point"",""coordinates"":[36.307478332843935,33.49575149354983]}"
osm_468,أم سلمى,school,33.49431418909524,36.30783765895758,OpenStreetMap,unvalidated_public_osm,0.07011228,-0.1603124,-0.06935615,0.05603143,0.051075004,0.12273553,50.0,built_up,0.9287910052910052,0.45,0.9497193,0.6507809999999999,0.5387123,0.5,0.7,0.6514572550000001,medium,65.1,Medium,000000000000000001d3_0,0.1457,0.1828,0.06935615,0.2526,0.23563333,0.24823333,0.25505,0.2195,0.29025,0.2663,"{""geodesic"":false,""type"":""Point"",""coordinates"":[36.30783765895758,33.49431418909524]}"
osm_469,الزهراوي,school,33.4939548629816,36.30783765895758,OpenStreetMap,unvalidated_public_osm,0.07363619,-0.15690656,-0.11278713,0.06038032,0.054220557,0.14479733,50.0,built_up,0.8984298941798939,0.45,0.940909525,0.6422664,0.62557426,0.5,0.7,0.65623808725,medium,65.6,Medium,000000000000000001d4_0,0.1505,0.1886,0.11278713,0.2588,0.2891,0.2954,0.2975,0.2233,0.3246,0.3003,"{""geodesic"":false,""type"":""Point"",""coordinates"":[36.30783765895758,33.493954862981596]}"
osm_470,شيماء السعدية,school,33.49664980883395,36.304603723934754,OpenStreetMap,unvalidated_public_osm,0.051211067,-0.14039037,-0.057911467,0.04654087,0.041187376,0.11846231,50.0,built_up,0.9249035594035591,0.45,0.9969723325,0.600975925,0.515822934,0.5,0.7,0.651020561525,medium,65.1,Medium,000000000000000001d5_0,0.1812,0.229,0.057911467,0.3038,0.2901,0.2995,0.3014,0.2742,0.34115,0.3157,"{""geodesic"":false,""type"":""Point"",""coordinates"":[36.304603723934754,33.49664980883395]}"
osm_471,مدرسة الشهيد مصطفى محلاية,school,34.01857098890739,36.72824921192552,OpenStreetMap,unvalidated_public_osm,0.0313093,-0.10974987,-0.06550894,0.038625855,0.029481834,0.109970786,50.0,built_up,0.9065939153439156,0.45,1.0,0.524374675,0.53101788,0.5,0.7,0.637976723,medium,63.8,Medium,000000000000000001d6_0,0.2902,0.3488,0.06550894,0.4348,0.43906668,0.43905,0.44066668,0.4084,0.49576,0.4555,"{""geodesic"":false,""type"":""Point"",""coordinates"":[36.72824921192552,34.01857098890739]}"
osm_473,OSM site 473,school,34.02719481563494,36.72267965716398,OpenStreetMap,unvalidated_public_osm,0.08916522,-0.19501106,-0.12406255,0.076268636,0.070837274,0.16420583,50.0,built_up,0.4816047656047655,0.45,0.90208695,0.73752765,0.6481251,0.5,0.7,0.6678397775,medium,66.8,Medium,000000000000000001d8_0,0.15993333,0.20653333,0.12406255,0.3066,0.36006665,0.36173335,0.36566,0.2564,0.39345,0.3641,"{""geodesic"":false,""type"":""Point"",""coordinates"":[36.72267965716398,34.02719481563494]}"
osm_474,OSM site 474,school,34.02701515257812,36.72339830939127,OpenStreetMap,unvalidated_public_osm,0.041153856,-0.17255941,-0.0301836,0.038761105,0.03586593,0.11954537,50.0,built_up,0.7882645502645501,0.45,1.0,0.681398525,0.46036720000000003,0.5,0.7,0.662316425,medium,66.2,Medium,000000000000000001d9_0,0.202,0.2547,0.0301836,0.36093333,0.31195,0.31395,0.3289,0.3324,0.3834,0.3606,"{""geodesic"":false,""type"":""Point"",""coordinates"":[36.72339830939127,34.027015152578116]}"
osm_475,OSM site 475,school,34.02665582646447,36.72249999410715,OpenStreetMap,unvalidated_public_osm,0.031233463,-0.13268985,-0.05546934,0.029894615,0.026113905,0.11878037,50.0,built_up,0.9678638768638769,0.45,1.0,0.581724625,0.51093868,0.5,0.7,0.6474387930000001,medium,64.7,Medium,000000000000000001da_0,0.20133333,0.2486,0.05546934,0.32466668,0.30406666,0.3156,0.32365,0.305,0.3628,0.3492,"{""geodesic"":false,""type"":""Point"",""coordinates"":[36.72249999410715,34.02665582646447]}"
osm_476,OSM site 476,school,34.02665582646447,36.72321864633445,OpenStreetMap,unvalidated_public_osm,0.020099925,-0.07439449,0.0016465602,0.028882967,0.019199194,0.057282828,50.0,built_up,0.827933899433899,0.45,1.0,0.435986225,0.3967068796,0.5,0.7,0.60686793296,medium,60.7,Medium,000000000000000001db_0,0.3332,0.3852,-0.0016465602,0.44712,0.4326,0.42145,0.423,0.4295,0.44565,0.4376,"{""geodesic"":false,""type"":""Point"",""coordinates"":[36.72321864633445,34.02665582646447]}"
osm_477,ثانوية الشهيد عبد الوهاب الخطيب,school,34.02324222838482,36.730225505550585,OpenStreetMap,unvalidated_public_osm,0.022562597,-0.095586605,-0.07559883,0.027550275,0.022302533,0.12932803,50.0,built_up,0.46231959706959685,0.45,1.0,0.48896651250000006,0.55119766,0.5,0.7,0.6329130685,medium,63.3,Medium,000000000000000001dc_0,0.3132,0.4078,0.07559883,0.494,0.53365,0.533525,0.52895,0.4722,0.5748,0.5261,"{""geodesic"":false,""type"":""Point"",""coordinates"":[36.730225505550585,34.02324222838482]}"
osm_478,ثانوية الشهيد محسن ريا النسوية,school,34.02288290227117,36.730225505550585,OpenStreetMap,unvalidated_public_osm,0.033804573,-0.12358049,-0.06477618,0.03316652,0.028675724,0.122665785,50.0,built_up,0.9218214285714288,0.45,1.0,0.558951225,0.52955236,0.5,0.7,0.644745481,medium,64.5,Medium,000000000000000001dd_0,0.2086,0.2624,0.06477618,0.3364,0.3342,0.33104166,0.33325,0.3144,0.383,0.36735,"{""geodesic"":false,""type"":""Point"",""coordinates"":[36.730225505550585,34.02288290227117]}"
osm_479,OSM site 479,school,34.02288290227117,36.72950685332329,OpenStreetMap,unvalidated_public_osm,0.047352698,-0.1376502,-0.106860235,0.043453462,0.036958545,0.13527088,50.0,built_up,0.8817275132275129,0.45,1.0,0.5941255,0.6137204700000001,0.5,0.7,0.660197147,medium,66.0,Medium,000000000000000001de_0,0.18086667,0.2153,0.106860235,0.28403333,0.304625,0.2984,0.3031,0.25835,0.352,0.339825,"{""geodesic"":false,""type"":""Point"",""coordinates"":[36.72950685332329,34.02288290227117]}"
osm_480,OSM site 480,school,34.02252357615752,36.73076449472106,OpenStreetMap,unvalidated_public_osm,0.042774733,-0.16675915,-0.08253656,0.03625309,0.03468013,0.1507703,60.0,bare_sparse_vegetation,0.46813588263588257,0.85,1.0,0.666897875,0.56507312,0.5,0.7,0.789886887,high,79.0,High,000000000000000001df_0,0.1681,0.219,0.08253656,0.30665833,0.299825,0.30365,0.30268332,0.2815,0.36183333,0.34326667,"{""geodesic"":false,""type"":""Point"",""coordinates"":[36.73076449472106,34.02252357615752]}"
osm_481,المدرسة الخامسة المختلطة,school,34.03384234873743,36.72627291830046,OpenStreetMap,unvalidated_public_osm,0.05338297,-0.24825302,-0.11017893,0.043126125,0.04508911,0.18974318,60.0,bare_sparse_vegetation,0.4400105727605729,0.85,0.9915425750000001,0.8706325500000001,0.62035786,0.5,0.7,0.83404793975,high,83.4,High,000000000000000001e0_0,0.1567,0.2044,0.11017893,0.3394,0.3542,0.36175,0.36188,0.305,0.42345,0.3997,"{""geodesic"":false,""type"":""Point"",""coordinates"":[36.72627291830046,34.03384234873743]}"
osm_482,OSM site 482,school,34.03420167485108,36.72609325524363,OpenStreetMap,unvalidated_public_osm,0.031459887,-0.1681345,-0.15291388,0.02620268,0.025051609,0.19003502,50.0,built_up,0.5877023809523808,0.45,1.0,0.67033625,0.70582776,0.5,0.7,0.6846500259999999,medium,68.5,Medium,000000000000000001e1_0,0.165,0.2078,0.15291388,0.2918,0.34835,0.3503,0.345,0.274,0.39715,0.3821,"{""geodesic"":false,""type"":""Point"",""coordinates"":[36.72609325524363,34.034201674851076]}"
osm_483,مدرسة الشهيد محمود علوش,school,34.03168639205554,36.72501527690269,OpenStreetMap,unvalidated_public_osm,0.014016454,-0.09384775,-0.049334448,0.017275041,0.013106377,0.10090988,50.0,built_up,0.8987303992303997,0.45,1.0,0.48461937499999996,0.49866889600000003,0.5,0.7,0.6267907645999999,medium,62.7,Medium,000000000000000001e2_0,0.29185,0.3476,0.049334448,0.4196,0.43675,0.429725,0.4246,0.408,0.46315,0.4501,"{""geodesic"":false,""type"":""Point"",""coordinates"":[36.72501527690269,34.03168639205554]}"
osm_484,OSM site 484,school,34.62834740376773,36.31879710542384,OpenStreetMap,unvalidated_public_osm,0.14646108,-0.22704265,-0.05259217,0.10899603,0.1030635,0.1145939,50.0,built_up,0.8291144781144776,0.45,0.7588473000000001,0.8176066249999999,0.50518434,0.5,0.7,0.6337515840000001,medium,63.4,Medium,000000000000000001e3_0,0.12005,0.15955,0.05259217,0.25328,0.19825,0.22878334,0.2425,0.18856667,0.2814,0.24183333,"{""geodesic"":false,""type"":""Point"",""coordinates"":[36.31879710542384,34.62834740376773]}"
osm_485,مدرسة الفارابي الاعدادية,school,33.55126737810842,36.31286822454865,OpenStreetMap,unvalidated_public_osm,0.023837637,-0.07509295,0.02226936,0.03267765,0.022487769,0.049863763,50.0,built_up,0.9263611111111114,0.45,1.0,0.43773237500000006,0.35546128000000005,0.5,0.7,0.603092603,medium,60.3,Medium,000000000000000001e4_0,0.316,0.3732,-0.02226936,0.4338,0.38395,0.3818,0.38235,0.4136,0.4149,0.3919,"{""geodesic"":false,""type"":""Point"",""coordinates"":[36.31286822454865,33.55126737810842]}"
osm_486,ثانوية سعد الله ونوس المهنية,school,33.551087715051594,36.312508898435006,OpenStreetMap,unvalidated_public_osm,0.02192889,-0.09997134,0.010061179,0.025089517,0.01975198,0.07226821,50.0,built_up,0.9776031746031745,0.45,1.0,0.49992834999999997,0.379877642,0.5,0.7,0.6179734342000001,medium,61.8,Medium,000000000000000001e5_0,0.2596,0.3142,-0.010061179,0.384,0.3564,0.3528,0.3496,0.36752,0.37635,0.3384,"{""geodesic"":false,""type"":""Point"",""coordinates"":[36.312508898435006,33.551087715051594]}"
osm_487,مدرسة أحمد شفيق السادات,school,33.55198603033571,36.31520384428736,OpenStreetMap,unvalidated_public_osm,0.022332514,-0.09338201,-0.039067063,0.023594188,0.018867932,0.09452413,50.0,built_up,0.9928571428571428,0.45,1.0,0.483455025,0.47813412600000005,0.5,0.7,0.6245044176,medium,62.5,Medium,000000000000000001e6_0,0.226,0.2733,0.039067063,0.3296,0.3335,0.3342,0.3318,0.3152,0.3564,0.3343,"{""geodesic"":false,""type"":""Point"",""coordinates"":[36.31520384428736,33.55198603033571]}"
osm_488,ثانوية عمر بن الخطاب,school,33.55216569339254,36.31556317040101,OpenStreetMap,unvalidated_public_osm,0.05561415,-0.11346901,-0.08868985,0.052442856,0.042776126,0.114682674,50.0,built_up,0.9256825396825396,0.45,0.985964625,0.533672525,0.5773797,0.5,0.7,0.64096363125,medium,64.1,Medium,000000000000000001e7_0,0.18313333,0.22113334,0.08868985,0.27774,0.30543333,0.30486667,0.30625,0.248475,0.3318,0.31575,"{""geodesic"":false,""type"":""Point"",""coordinates"":[36.31556317040101,33.55216569339254]}"
osm_489,ثانوية الرايات الخاصة للبنات,school,33.55342333479031,36.31646148568513,OpenStreetMap,unvalidated_public_osm,0.051698662,-0.17298192,-0.0123456605,0.047853425,0.044604924,0.110139996,50.0,built_up,0.8214289321789323,0.45,0.995753345,0.6824547999999999,0.424691321,0.5,0.7,0.65789842835,medium,65.8,Medium,000000000000000001e8_0,0.1938,0.251,0.0123456605,0.356,0.31955,0.33366665,0.3342,0.321,0.3649,0.3273,"{""geodesic"":false,""type"":""Point"",""coordinates"":[36.31646148568513,33.55342333479031]}"
osm_490,ثانوية ابو بكر الرازي,school,33.553962323960775,36.31682081179878,OpenStreetMap,unvalidated_public_osm,0.031499773,-0.12110372,0.07680984,0.034486316,0.02976015,0.05841277,50.0,built_up,0.9548730158730159,0.45,1.0,0.5527593,0.24638032,0.5,0.7,0.615189892,medium,61.5,Medium,000000000000000001e9_0,0.2624,0.344,-0.07680984,0.4388,0.3527,0.36025,0.3591,0.412,0.3762,0.3497,"{""geodesic"":false,""type"":""Point"",""coordinates"":[36.31682081179878,33.553962323960775]}"
osm_491,ثانوية خليل مردم للفنون المهنية,school,33.54983007365383,36.31196990926453,OpenStreetMap,unvalidated_public_osm,0.042606536,-0.15736394,-0.049346585,0.039320014,0.035839792,0.124065645,50.0,built_up,0.9144960317460319,0.45,1.0,0.64340985,0.49869317,0.5,0.7,0.658551287,medium,65.9,Medium,000000000000000001ea_0,0.1916,0.2423,0.049346585,0.3328,0.3175,0.333,0.3385,0.3056,0.36735,0.341,"{""geodesic"":false,""type"":""Point"",""coordinates"":[36.31196990926453,33.54983007365383]}"
osm_492,مركز الشهيد باسل الأسد لتدريب القيادات التربوية,school,33.55054872588112,36.31520384428736,OpenStreetMap,unvalidated_public_osm,0.0398936,-0.11794136,0.020388171,0.038363766,0.032679725,0.07162674,50.0,built_up,0.9672301587301587,0.45,1.0,0.5448533999999999,0.359223658,0.5,0.7,0.6248930457999999,medium,62.5,Medium,000000000000000001eb_0,0.19755,0.2468,-0.020388171,0.3128,0.2692,0.27613333,0.285,0.2888,0.3003,0.2821,"{""geodesic"":false,""type"":""Point"",""coordinates"":[36.31520384428736,33.55054872588112]}"
osm_494,OSM site 494,school,34.76004042441965,36.32221070350349,OpenStreetMap,unvalidated_public_osm,0.02175824,-0.06574397,0.0015302477,0.026145807,0.018846149,0.058522318,50.0,built_up,0.9788518518518519,0.45,1.0,0.414359925,0.39693950460000005,0.5,0.7,0.60256593546,medium,60.3,Medium,000000000000000001ed_0,0.2577,0.306,-0.0015302477,0.34906667,0.3053,0.31815,0.31673333,0.3342,0.348,0.2985,"{""geodesic"":false,""type"":""Point"",""coordinates"":[36.322210703503494,34.76004042441965]}"
osm_495,ثانوية الشهيد عبد الرؤوف سعيد للبنين,school,33.548033443085586,36.31646148568513,OpenStreetMap,unvalidated_public_osm,0.032488134,-0.10929019,0.0060319393,0.034504905,0.027960915,0.074308045,50.0,built_up,0.9884444444444446,0.45,1.0,0.5232254749999999,0.3879361214,0.5,0.7,0.6234387071399999,medium,62.3,Medium,000000000000000001ee_0,0.2289,0.279,-0.0060319393,0.34746668,0.3054,0.3076,0.3105,0.3256,0.3433,0.32453334,"{""geodesic"":false,""type"":""Point"",""coordinates"":[36.31646148568513,33.548033443085586]}"
osm_496,مدرسة الشهيدة غالية فرحات,school,33.54785378002877,36.31592249651466,OpenStreetMap,unvalidated_public_osm,0.114406765,-0.19477572,0.028459696,0.10418674,0.09114778,0.06252018,50.0,built_up,0.877265873015873,0.45,0.8389830875000001,0.7369393,0.343080608,0.5,0.7,0.621441692675,medium,62.1,Medium,000000000000000001ef_0,0.16873333,0.2127,-0.028459696,0.3156,0.26345,0.29845,0.3122,0.2508,0.29813334,0.2526,"{""geodesic"":false,""type"":""Point"",""coordinates"":[36.31592249651466,33.54785378002877]}"
osm_497,OSM site 497,school,33.55018939976748,36.32023440987843,OpenStreetMap,unvalidated_public_osm,0.046014555,-0.13113736,-0.008444587,0.04764629,0.040165946,0.089002214,50.0,built_up,0.9757777777777779,0.45,1.0,0.5778434,0.41688917400000003,0.5,0.7,0.6372575974,medium,63.7,Medium,000000000000000001f0_0,0.2234,0.2796,0.008444587,0.364,0.3337,0.33116665,0.332,0.331975,0.3702,0.342525,"{""geodesic"":false,""type"":""Point"",""coordinates"":[36.32023440987843,33.550189399767476]}"
osm_500,ثانوية الباسل للمتفوقين المختلطة,school,33.503656668050084,36.2898713532752,OpenStreetMap,unvalidated_public_osm,0.036873635,-0.12371063,-0.07467303,0.036108896,0.030936025,0.12519428,50.0,built_up,0.9105714285714286,0.45,1.0,0.559276575,0.54934606,0.5,0.7,0.646789921,medium,64.7,Medium,000000000000000001f3_0,0.20566666,0.25656,0.07467303,0.329,0.34443334,0.348025,0.348225,0.3056,0.3821,0.347025,"{""geodesic"":false,""type"":""Point"",""coordinates"":[36.289871353275196,33.503656668050084]}"
osm_501,مدرسة نصر الدين حسين,school,33.55054872588112,36.32257002961715,OpenStreetMap,unvalidated_public_osm,0.033605207,-0.10293604,-0.024630547,0.035180584,0.027762791,0.08154581,50.0,built_up,0.9764999999999999,0.45,1.0,0.5073401,0.449261094,0.5,0.7,0.6263941293999999,medium,62.6,Medium,000000000000000001f4_0,0.21735,0.25766668,0.024630547,0.3168,0.3031,0.30256,0.30638,0.2962,0.3328,0.3092,"{""geodesic"":false,""type"":""Point"",""coordinates"":[36.32257002961715,33.55054872588112]}"
osm_502,مدرسة الشهيد مروان علي بارودي,school,33.54479950806276,36.31753946402608,OpenStreetMap,unvalidated_public_osm,0.03150912,-0.109558515,0.027485883,0.033775773,0.02795031,0.069974914,50.0,built_up,0.9708333333333333,0.45,1.0,0.5238962875,0.34502823400000004,0.5,0.7,0.6192820809,medium,61.9,Medium,000000000000000001f5_0,0.2384,0.2995,-0.027485883,0.3732,0.3269,0.3206,0.318,0.3504,0.35323334,0.3277,"{""geodesic"":false,""type"":""Point"",""coordinates"":[36.317539464026076,33.54479950806276]}"
osm_503,مدرسة آمنة الزهرية,school,33.54479950806276,36.31825811625337,OpenStreetMap,unvalidated_public_osm,0.027263865,-0.09838626,-0.0054207146,0.030641267,0.02542372,0.09155768,50.0,built_up,0.9613716931216935,0.45,1.0,0.49596565,0.4108414292,0.5,0.7,0.62027727292,medium,62.0,Medium,000000000000000001f6_0,0.2656,0.3464,0.0054207146,0.422,0.4078,0.4042,0.4075,0.3996,0.4266,0.36295,"{""geodesic"":false,""type"":""Point"",""coordinates"":[36.31825811625337,33.54479950806276]}"
osm_504,OSM site 504,school,33.54444018194911,36.31825811625337,OpenStreetMap,unvalidated_public_osm,0.028243193,-0.09815949,-0.01653982,0.035085656,0.026504956,0.082280286,50.0,built_up,0.9072883597883599,0.45,1.0,0.495398725,0.43307964000000004,0.5,0.7,0.622387709,medium,62.2,Medium,000000000000000001f7_0,0.2912,0.3528,0.01653982,0.4296,0.4135,0.4084,0.4124,0.406,0.44405,0.4021,"{""geodesic"":false,""type"":""Point"",""coordinates"":[36.31825811625337,33.54444018194911]}"
osm_505,OSM site 505,school,33.54444018194911,36.31753946402608,OpenStreetMap,unvalidated_public_osm,0.044749632,-0.14078373,-0.035656795,0.040146243,0.036665026,0.11516793,50.0,built_up,0.932907407407407,0.45,1.0,0.6019593249999999,0.47131359,0.5,0.7,0.647523224,medium,64.8,Medium,000000000000000001f8_0,0.1816,0.2368,0.035656795,0.3144,0.296125,0.306,0.3095,0.28746668,0.33765,0.3168,"{""geodesic"":false,""type"":""Point"",""coordinates"":[36.317539464026076,33.54444018194911]}"
osm_506,ثانوية الشهيد ممدوح قره جولي,school,33.54426051889229,36.32346834490127,OpenStreetMap,unvalidated_public_osm,0.050687604,-0.12874629,-0.09070816,0.043751042,0.03835479,0.12984078,50.0,built_up,0.9090856180856178,0.45,0.99828099,0.571865725,0.58141632,0.5,0.7,0.6520850245,medium,65.2,Medium,000000000000000001f9_0,0.1657,0.2064,0.09070816,0.2674,0.2592,0.267,0.26475,0.2416,0.32075,0.28305,"{""geodesic"":false,""type"":""Point"",""coordinates"":[36.323468344901265,33.54426051889229]}"
osm_507,OSM site 507,school,33.54479950806276,36.32346834490127,OpenStreetMap,unvalidated_public_osm,0.034679327,-0.13995607,-0.09735173,0.03338821,0.030374473,0.15319978,50.0,built_up,0.5758057960557958,0.45,1.0,0.599890175,0.5947034600000001,0.5,0.7,0.659448381,medium,65.9,Medium,000000000000000001fa_0,0.20973334,0.27386665,0.09735173,0.363,0.4332,0.4229,0.42585,0.33866668,0.4413,0.3896,"{""geodesic"":false,""type"":""Point"",""coordinates"":[36.323468344901265,33.54479950806276]}"
osm_508,مدرسة ربيعة الأيوبية,school,33.54461984500593,36.322749692673966,OpenStreetMap,unvalidated_public_osm,0.023686187,-0.087584816,-0.06467157,0.028033325,0.020974463,0.101173185,50.0,built_up,0.9593425925925925,0.45,1.0,0.46896203999999997,0.52934314,0.5,0.7,0.626726722,medium,62.7,Medium,000000000000000001fb_0,0.26096,0.3094,0.06467157,0.3688,0.3907,0.3847,0.3817,0.35173333,0.4198,0.4089,"{""geodesic"":false,""type"":""Point"",""coordinates"":[36.322749692673966,33.54461984500593]}"
osm_509,المدرسة الهاشمية,school,33.57156930352952,36.41042526440403,OpenStreetMap,unvalidated_public_osm,0.023192964,-0.079334915,0.03454949,0.03242663,0.02225903,0.045234405,50.0,built_up,0.8254312169312166,0.45,1.0,0.4483372875,0.33090102,0.5,0.7,0.6027575595,medium,60.3,Medium,000000000000000001fc_0,0.3292,0.3876,-0.03454949,0.4544,0.4031,0.42175,0.42945,0.4338,0.42405,0.38835,"{""geodesic"":false,""type"":""Point"",""coordinates"":[36.41042526440403,33.57156930352952]}"
osm_510,مدرسة الشهيد حوري رجوب,school,34.73614523786207,36.705611666765705,OpenStreetMap,unvalidated_public_osm,0.0918324,-0.18675251,-0.09648052,0.0731329,0.066933975,0.13814302,50.0,built_up,0.8621613756613756,0.45,0.8954190000000001,0.716881275,0.59296104,0.5,0.7,0.656527109,medium,65.7,Medium,000000000000000001fd_0,0.1416,0.1768,0.09648052,0.258,0.2573,0.2704,0.2782,0.2146,0.3131,0.2801,"{""geodesic"":false,""type"":""Point"",""coordinates"":[36.705611666765705,34.73614523786207]}"
osm_511,مدرسة الأديب شاكر الفحام,school,34.736324900918895,36.70507267759523,OpenStreetMap,unvalidated_public_osm,0.019200265,-0.07406718,-0.085939966,0.019531233,0.015313277,0.11089286,50.0,built_up,0.9358809523809526,0.45,1.0,0.43516794999999997,0.5718799320000001,0.5,0.7,0.6242215832,medium,62.4,Medium,000000000000000001fe_0,0.2086,0.2494,0.085939966,0.2893,0.30845,0.30735,0.3203,0.2784,0.3437,0.30595,"{""geodesic"":false,""type"":""Point"",""coordinates"":[36.70507267759523,34.736324900918895]}"
osm_512,مدرسة صالح الشاطر,school,33.538511301073925,36.30083079974145,OpenStreetMap,unvalidated_public_osm,0.060528394,-0.1600783,0.0021978142,0.053491894,0.04792411,0.08691943,50.0,built_up,0.912089947089947,0.45,0.973679015,0.65019575,0.3956043716,0.5,0.7,0.64301934091,medium,64.3,Medium,000000000000000001ff_0,0.172075,0.2146,-0.0021978142,0.2964,0.24295,0.2609,0.26766667,0.26256666,0.2951,0.26055,"{""geodesic"":false,""type"":""Point"",""coordinates"":[36.30083079974145,33.538511301073925]}"
osm_513,OSM site 513,school,33.54767411697194,36.32185137738985,OpenStreetMap,unvalidated_public_osm,0.04334486,-0.122112244,-0.061907217,0.041570116,0.033189755,0.09575304,50.0,built_up,0.9216507936507935,0.45,1.0,0.55528061,0.523814434,0.5,0.7,0.6434375654,medium,64.3,Medium,00000000000000000200_0,0.1879,0.2128,0.061907217,0.272,0.2719,0.2703,0.27365,0.2494,0.3079,0.2968,"{""geodesic"":false,""type"":""Point"",""coordinates"":[36.32185137738985,33.54767411697194]}"
osm_518,حسن الفاحلي,school,34.73380961812336,36.73004584249376,OpenStreetMap,unvalidated_public_osm,0.16955942,-0.26749864,0.008055244,0.14541708,0.1386463,0.08897449,50.0,built_up,0.8347010582010583,0.45,0.7011014500000001,0.9187466,0.38388951200000004,0.5,0.7,0.6274136337,medium,62.7,Medium,00000000000000000205_0,0.1462,0.2025,-0.008055244,0.3504,0.3056,0.3321,0.34535,0.2488,0.3448,0.311075,"{""geodesic"":false,""type"":""Point"",""coordinates"":[36.73004584249376,34.73380961812336]}"
osm_519,حسن ابراهيم,school,34.73327062895289,36.73004584249376,OpenStreetMap,unvalidated_public_osm,0.01773948,-0.07264957,0.08353849,0.022724317,0.016289169,0.02398847,50.0,built_up,0.9541706349206348,0.45,1.0,0.43162392499999996,0.23292302,0.5,0.7,0.5896170869999999,medium,59.0,Medium,00000000000000000206_0,0.2916,0.3472,-0.08353849,0.4016,0.3035,0.32415,0.3357,0.3876,0.339675,0.322,"{""geodesic"":false,""type"":""Point"",""coordinates"":[36.73004584249376,34.73327062895289]}"
osm_522,OSM site 522,school,34.78034234984075,36.96809939278543,OpenStreetMap,unvalidated_public_osm,0.06442429,-0.173417,-0.062478658,0.06538863,0.05868026,0.13182183,50.0,built_up,0.8249136604136602,0.45,0.963939275,0.6835425,0.5249573160000001,0.5,0.7,0.66018905035,medium,66.0,Medium,00000000000000000209_0,0.2236,0.2898,0.062478658,0.4114,0.3651,0.3768,0.3881,0.3616,0.46623334,0.4166,"{""geodesic"":false,""type"":""Point"",""coordinates"":[36.96809939278543,34.78034234984075]}"
osm_523,مدرسة حسن الخطيب,school,33.73739830497799,36.60086810463737,OpenStreetMap,unvalidated_public_osm,0.025713185,-0.1060836,-0.04256969,0.029254232,0.023523442,0.104042135,50.0,built_up,0.9447632275132275,0.45,1.0,0.515209,0.48513938,0.5,0.7,0.631555738,medium,63.2,Medium,0000000000000000020a_0,0.2624,0.324,0.04256969,0.4009,0.39905,0.40135,0.3991,0.3808,0.43655,0.420725,"{""geodesic"":false,""type"":""Point"",""coordinates"":[36.60086810463737,33.73739830497799]}"
osm_525,ثانوية الباسل للبنات,school,33.73793729414846,36.59781383267136,OpenStreetMap,unvalidated_public_osm,0.0124361655,-0.08713927,0.015889876,0.016180057,0.012312163,0.07320713,50.0,built_up,0.8038518518518517,0.45,1.0,0.46784817500000003,0.368220248,0.5,0.7,0.6103916598,medium,61.0,Medium,0000000000000000020c_0,0.3336,0.4126,-0.015889876,0.49137142,0.471725,0.46385,0.4583,0.4793,0.476,0.4638,"{""geodesic"":false,""type"":""Point"",""coordinates"":[36.59781383267136,33.73793729414846]}"
osm_526,مدرسة جهاد حمادة,school,33.73739830497799,36.598173158785016,OpenStreetMap,unvalidated_public_osm,0.022766082,-0.08083725,0.0010445132,0.031181794,0.022267586,0.06934237,50.0,built_up,0.8030343915343912,0.45,1.0,0.452093125,0.3979109736,0.5,0.7,0.6102097223599999,medium,61.0,Medium,0000000000000000020d_0,0.33546665,0.40752,-0.0010445132,0.4792,0.45775,0.44823334,0.44443333,0.45786667,0.4782,0.46155,"{""geodesic"":false,""type"":""Point"",""coordinates"":[36.598173158785016,33.73739830497799]}"
osm_527,مدرسة الفنون النسوية,school,33.736859315807514,36.598173158785016,OpenStreetMap,unvalidated_public_osm,0.014492724,-0.08695652,-0.02426664,0.01613444,0.013105612,0.0961712,50.0,built_up,0.966265873015873,0.45,1.0,0.4673913,0.44853328000000003,0.5,0.7,0.618331588,medium,61.8,Medium,0000000000000000020e_0,0.25661,0.3234,0.02426664,0.385,0.367275,0.36273333,0.36748335,0.374,0.40415,0.3818,"{""geodesic"":false,""type"":""Point"",""coordinates"":[36.598173158785016,33.736859315807514]}"
osm_528,مدرسة البنين الأولى,school,33.736859315807514,36.59709518044407,OpenStreetMap,unvalidated_public_osm,0.03364159,-0.10124231,0.0015909538,0.037708055,0.03021426,0.078168266,50.0,built_up,0.9796587301587302,0.45,1.0,0.503105775,0.39681809240000004,0.5,0.7,0.62030296424,medium,62.0,Medium,0000000000000000020f_0,0.25126666,0.3147,-0.0015909538,0.3856,0.3423,0.348925,0.35065,0.3605,0.384375,0.3616,"{""geodesic"":false,""type"":""Point"",""coordinates"":[36.59709518044407,33.736859315807514]}"
osm_529,ثانوية القطيفة للشباب,school,33.73344571772786,36.6003291154669,OpenStreetMap,unvalidated_public_osm,0.037316866,-0.12996043,-0.09750024,0.03803126,0.03263047,0.1413634,50.0,built_up,0.7773095238095237,0.45,1.0,0.574901075,0.59500048,0.5,0.7,0.654480263,medium,65.4,Medium,00000000000000000210_0,0.2222,0.2791,0.09750024,0.36248,0.3936,0.39356667,0.3954,0.3364,0.4408,0.409525,"{""geodesic"":false,""type"":""Point"",""coordinates"":[36.6003291154669,33.73344571772786]}"
osm_530,مدرسة المحدثة للبنين,school,33.73362538078468,36.6010477676942,OpenStreetMap,unvalidated_public_osm,0.00090951973,-0.050847463,-0.028077275,0.0012824018,0.00086983206,0.07688647,50.0,built_up,0.8562579365079362,0.45,1.0,0.3771186575,0.45615455000000005,0.5,0.7,0.6010391865,medium,60.1,Medium,00000000000000000211_0,0.3356,0.3976,0.028077275,0.4402,0.4547,0.4449,0.43815,0.4394,0.46563333,0.4513875,"{""geodesic"":false,""type"":""Point"",""coordinates"":[36.6010477676942,33.73362538078468]}"
osm_531,إعدادية المحدثة للبنات,school,33.7314694241028,36.59673585433042,OpenStreetMap,unvalidated_public_osm,0.020511972,-0.07601004,-0.03252949,0.028264998,0.019963464,0.084855765,50.0,built_up,0.8107671957671956,0.45,1.0,0.4400251,0.46505898,0.5,0.7,0.614510918,medium,61.5,Medium,00000000000000000212_0,0.33466667,0.4048,0.03252949,0.4714,0.46333334,0.4559,0.45548335,0.45245,0.5031,0.4797,"{""geodesic"":false,""type"":""Point"",""coordinates"":[36.59673585433042,33.7314694241028]}"
osm_532,مدرسة المحدثة المختلطة,school,33.731110097989145,36.59727484350089,OpenStreetMap,unvalidated_public_osm,0.013138876,-0.06544742,-0.04601456,0.019231122,0.012745353,0.08372493,50.0,built_up,0.780204425204425,0.45,1.0,0.41361855000000003,0.49202912000000004,0.5,0.7,0.611926622,medium,61.2,Medium,00000000000000000213_0,0.348,0.40666667,0.04601456,0.463625,0.4745,0.472625,0.472,0.4516,0.50835,0.4885,"{""geodesic"":false,""type"":""Point"",""coordinates"":[36.59727484350089,33.731110097989145]}"
osm_533,مدرسة,school,33.7352423482961,36.60122743075102,OpenStreetMap,unvalidated_public_osm,0.071699366,-0.1408352,-0.10717472,0.07258711,0.058959074,0.12990387,50.0,built_up,0.8275870610870609,0.45,0.945751585,0.602088,0.61434944,0.5,0.7,0.64829044025,medium,64.8,Medium,00000000000000000214_0,0.2022,0.24483334,0.10717472,0.3251,0.35045,0.35475,0.3573,0.2816,0.40315,0.39531666,"{""geodesic"":false,""type"":""Point"",""coordinates"":[36.60122743075102,33.7352423482961]}"
osm_534,مدرسة صالح عيوش,school,33.7352423482961,36.60212574603514,OpenStreetMap,unvalidated_public_osm,0.029213494,-0.09949321,-0.05137793,0.03559478,0.026979256,0.09963914,50.0,built_up,0.9259179894179895,0.45,1.0,0.498733025,0.50275586,0.5,0.7,0.630022191,medium,63.0,Medium,00000000000000000215_0,0.2802,0.3376,0.05137793,0.4122,0.4268,0.42435,0.42545,0.3888,0.45685,0.445475,"{""geodesic"":false,""type"":""Point"",""coordinates"":[36.60212574603514,33.7352423482961]}"
osm_536,مدرسة التجارة القديمة,school,33.73721864192116,36.60661732245573,OpenStreetMap,unvalidated_public_osm,0.009640242,-0.08957118,-0.040339705,0.01204393,0.009107052,0.09692585,50.0,built_up,0.8832751322751325,0.45,1.0,0.47392795,0.48067941000000003,0.5,0.7,0.622853531,medium,62.3,Medium,00000000000000000217_0,0.3006,0.3588,0.040339705,0.4294,0.44805,0.44313332,0.4371,0.4212,0.4655,0.45466667,"{""geodesic"":false,""type"":""Point"",""coordinates"":[36.60661732245573,33.73721864192116]}"
osm_537,مدرسة التجارة الجديدة,school,33.73506268523927,36.607874963853504,OpenStreetMap,unvalidated_public_osm,0.006657171,-0.06252961,-0.028925503,0.009221239,0.006397028,0.080376804,50.0,built_up,0.8521483886483886,0.45,1.0,0.406324025,0.457851006,0.5,0.7,0.6070499055999999,medium,60.7,Medium,00000000000000000218_0,0.3328,0.3958,0.028925503,0.4486,0.44005,0.43525,0.42695,0.44266668,0.475325,0.46261665,"{""geodesic"":false,""type"":""Point"",""coordinates"":[36.607874963853504,33.73506268523927]}"
osm_538,مدرسة محمد الباشا,school,33.733266054671034,36.589549332057466,OpenStreetMap,unvalidated_public_osm,0.030646903,-0.104147926,-0.05300548,0.037847947,0.0287431,0.10211559,50.0,built_up,0.8956536796536799,0.45,1.0,0.510369815,0.50601096,0.5,0.7,0.632675059,medium,63.3,Medium,00000000000000000219_0,0.28895,0.3488,0.05300548,0.4299,0.44085,0.43765,0.4402,0.40433332,0.478025,0.4454,"{""geodesic"":false,""type"":""Point"",""coordinates"":[36.589549332057466,33.733266054671034]}"
osm_540,OSM site 540,school,33.5097652119821,36.293644277468495,OpenStreetMap,unvalidated_public_osm,0.036501255,-0.13543393,-0.041530598,0.033389747,0.029739602,0.11306218,50.0,built_up,0.9384603174603173,0.45,1.0,0.588584825,0.483061196,0.5,0.7,0.6460230846,medium,64.6,Medium,0000000000000000021b_0,0.1869,0.2346,0.041530598,0.3081,0.2924,0.31175,0.313,0.2864,0.3348,0.30956668,"{""geodesic"":false,""type"":""Point"",""coordinates"":[36.293644277468495,33.5097652119821]}"
osm_541,ثانوية الاخوة الخاصة,school,33.52162297373248,36.27280336287692,OpenStreetMap,unvalidated_public_osm,0.029027581,-0.12139185,-0.06284078,0.024699748,0.022831054,0.13082139,50.0,built_up,0.8651322751322749,0.45,1.0,0.5534796249999999,0.52568156,0.5,0.7,0.643264081,medium,64.3,Medium,0000000000000000021c_0,0.1693,0.2222,0.06284078,0.2836,0.28295,0.2857,0.28643334,0.2676,0.32163334,0.3009,"{""geodesic"":false,""type"":""Point"",""coordinates"":[36.27280336287692,33.52162297373248]}"
osm_542,مدرسة سوا ومونتيسوري,school,33.521802636789296,36.27316268899057,OpenStreetMap,unvalidated_public_osm,0.036490664,-0.13135591,-0.08105319,0.029785467,0.027777763,0.14010544,50.0,built_up,0.8125975228475226,0.45,1.0,0.578389775,0.56210638,0.5,0.7,0.651888593,medium,65.2,Medium,0000000000000000021d_0,0.1571,0.205,0.08105319,0.267,0.261,0.26285,0.26893333,0.2482,0.3141,0.2916,"{""geodesic"":false,""type"":""Point"",""coordinates"":[36.27316268899057,33.521802636789296]}"
osm_543,عادلة بيهم الجزائري,school,33.52216196290295,36.27298302593375,OpenStreetMap,unvalidated_public_osm,0.021491801,-0.11090742,-0.05432554,0.017707119,0.01569876,0.111307696,50.0,built_up,0.7908306878306879,0.45,1.0,0.52726855,0.50865108,0.5,0.7,0.636318818,medium,63.6,Medium,0000000000000000021e_0,0.1594,0.194,0.05432554,0.2424,0.2262,0.2262,0.2283,0.2322,0.27025,0.2603,"{""geodesic"":false,""type"":""Point"",""coordinates"":[36.27298302593375,33.52216196290295]}"
osm_544,مدرسة نهلة زيدان,school,33.503656668050084,36.25825065527419,OpenStreetMap,unvalidated_public_osm,0.029172359,-0.081897065,-0.05261513,0.029760916,0.023678446,0.0965869,50.0,built_up,0.9745476190476192,0.45,1.0,0.45474266250000006,0.50523026,0.5,0.7,0.6214715585,medium,62.1,Medium,0000000000000000021f_0,0.2101,0.25746667,0.05261513,0.3034,0.2996,0.29805,0.2987,0.2862,0.3371,0.3278,"{""geodesic"":false,""type"":""Point"",""coordinates"":[36.25825065527419,33.503656668050084]}"
osm_545,بكري قدورة,school,33.50383633110691,36.25860998138784,OpenStreetMap,unvalidated_public_osm,0.046329856,-0.13670257,-0.10392687,0.039862223,0.035578344,0.14276,50.0,built_up,0.8456388888888888,0.45,1.0,0.5917564249999999,0.60785374,0.5,0.7,0.6591366590000001,medium,65.9,Medium,00000000000000000220_0,0.1668,0.2084,0.10392687,0.2744,0.30313334,0.3002,0.30333334,0.2501,0.33805,0.3209,"{""geodesic"":false,""type"":""Point"",""coordinates"":[36.258609981387835,33.50383633110691]}"
osm_546,OSM site 546,school,33.49557183049301,36.27226437370645,OpenStreetMap,unvalidated_public_osm,0.048739485,-0.14846626,-0.042087764,0.048246212,0.042998344,0.118281186,50.0,built_up,0.9359502164502165,0.45,1.0,0.6211656499999999,0.484175528,0.5,0.7,0.6526506828,medium,65.3,Medium,00000000000000000221_0,0.2145,0.2776,0.042087764,0.3744,0.36403334,0.3765,0.3828,0.3396,0.4073,0.3738,"{""geodesic"":false,""type"":""Point"",""coordinates"":[36.27226437370645,33.49557183049301]}"
osm_547,OSM site 547,school,33.49467351520889,36.2726236998201,OpenStreetMap,unvalidated_public_osm,0.034673102,-0.11601077,-0.08182169,0.03324072,0.02792442,0.12195987,50.0,built_up,0.9563690476190474,0.45,1.0,0.540026925,0.56364338,0.5,0.7,0.644369723,medium,64.4,Medium,00000000000000000222_0,0.1956,0.23755,0.08182169,0.2999,0.281,0.2958,0.305575,0.2798,0.35335,0.3222,"{""geodesic"":false,""type"":""Point"",""coordinates"":[36.2726236998201,33.49467351520889]}"
osm_548,OSM site 548,school,33.49539216743619,36.2726236998201,OpenStreetMap,unvalidated_public_osm,0.045871526,-0.13810316,-0.12357632,0.042440116,0.03720372,0.15438193,50.0,built_up,0.7942285954785953,0.45,1.0,0.5952579,0.6471526400000001,0.5,0.7,0.6637668440000001,medium,66.4,Medium,00000000000000000223_0,0.18695,0.2331,0.12357632,0.3078,0.3449,0.34495,0.3501,0.2808,0.3946,0.367275,"{""geodesic"":false,""type"":""Point"",""coordinates"":[36.2726236998201,33.49539216743619]}"
osm_549,OSM site 549,school,33.49521250437936,36.27208471064963,OpenStreetMap,unvalidated_public_osm,0.048721034,-0.13326752,-0.031632233,0.048905693,0.041493744,0.100288875,50.0,built_up,0.9759841269841271,0.45,1.0,0.5831687999999999,0.46326446600000004,0.5,0.7,0.6429602066,medium,64.3,Medium,00000000000000000224_0,0.21106666,0.2634,0.031632233,0.3444,0.31375,0.3255,0.32886666,0.3124,0.3669,0.33853334,"{""geodesic"":false,""type"":""Point"",""coordinates"":[36.27208471064963,33.49521250437936]}"
osm_550,OSM site 550,school,33.507968581413856,36.25375907885359,OpenStreetMap,unvalidated_public_osm,0.04571585,-0.11870363,-0.02971807,0.04892769,0.040711846,0.09944591,50.0,built_up,0.9820793650793651,0.45,1.0,0.546759075,0.45943614,0.5,0.7,0.635295429,medium,63.5,Medium,00000000000000000225_0,0.2356,0.30093333,0.02971807,0.382,0.35225,0.36366665,0.36626667,0.3486,0.4054,0.3664,"{""geodesic"":false,""type"":""Point"",""coordinates"":[36.25375907885359,33.507968581413856]}"
osm_551,OSM site 551,school,33.50832790752751,36.25411840496724,OpenStreetMap,unvalidated_public_osm,0.102506354,-0.19999999,-0.06279923,0.094498836,0.090233035,0.14012358,50.0,built_up,0.682892736892737,0.45,0.868734115,0.7499999749999999,0.52559846,0.5,0.7,0.64974336975,medium,65.0,Medium,00000000000000000226_0,0.1837,0.261,0.06279923,0.3915,0.382,0.40095,0.40473333,0.3187,0.44396666,0.3852,"{""geodesic"":false,""type"":""Point"",""coordinates"":[36.25411840496724,33.50832790752751]}"
osm_552,OSM site 552,school,33.54821310614241,36.30406473476428,OpenStreetMap,unvalidated_public_osm,0.04611792,-0.1443167,-0.053916734,0.042039167,0.03999325,0.13760822,50.0,built_up,0.758479797979798,0.45,1.0,0.61079175,0.5078334680000001,0.5,0.7,0.6529416967999999,medium,65.3,Medium,00000000000000000227_0,0.192,0.268,0.053916734,0.3584,0.34735,0.3523,0.35875,0.3268,0.39925,0.3405,"{""geodesic"":false,""type"":""Point"",""coordinates"":[36.30406473476428,33.54821310614241]}"
osm_553,OSM site 553,school,33.54785378002877,36.30406473476428,OpenStreetMap,unvalidated_public_osm,0.03693616,-0.12274234,0.054526594,0.04190806,0.038865663,0.08848864,50.0,built_up,0.53766243016243,0.45,1.0,0.55685585,0.29094681200000005,0.5,0.7,0.6204658512,medium,62.0,Medium,00000000000000000228_0,0.322,0.476,-0.054526594,0.6092,0.54455,0.5448,0.5398,0.5658,0.5462,0.45485,"{""geodesic"":false,""type"":""Point"",""coordinates"":[36.30406473476428,33.54785378002877]}"
osm_554,OSM site 554,school,33.54767411697194,36.30406473476428,OpenStreetMap,unvalidated_public_osm,0.041743986,-0.14358452,-0.06633062,0.041567575,0.039635953,0.15021497,50.0,built_up,0.41859090909090896,0.45,1.0,0.6089612999999999,0.53266124,0.5,0.7,0.6550583839999999,medium,65.5,Medium,00000000000000000229_0,0.2351,0.3364,0.06633062,0.4492,0.5056,0.50615,0.4991,0.4132,0.513025,0.4224,"{""geodesic"":false,""type"":""Point"",""coordinates"":[36.30406473476428,33.54767411697194]}"
osm_555,OSM site 555,school,33.52737219155084,36.28645775519554,OpenStreetMap,unvalidated_public_osm,0.074686036,-0.14628127,-0.086260185,0.07161189,0.06134635,0.12782337,50.0,built_up,0.829489010989011,0.45,0.9382849099999999,0.6157031749999999,0.57252037,0.5,0.7,0.6449638995,medium,64.5,Medium,0000000000000000022a_0,0.1903,0.2422,0.086260185,0.3252,0.3586,0.3662,0.3685,0.28,0.3866,0.3528,"{""geodesic"":false,""type"":""Point"",""coordinates"":[36.28645775519554,33.52737219155084]}"
osm_556,OSM site 556,school,33.52773151766449,36.285020450740944,OpenStreetMap,unvalidated_public_osm,0.03772786,-0.12345113,-0.07831323,0.03149774,0.027474795,0.119250044,50.0,built_up,0.841974627224627,0.45,1.0,0.558627825,0.55662646,0.5,0.7,0.647388211,medium,64.7,Medium,0000000000000000022b_0,0.1592,0.191,0.07831323,0.2448,0.23655,0.24305,0.2471,0.227,0.2864,0.2678,"{""geodesic"":false,""type"":""Point"",""coordinates"":[36.285020450740944,33.52773151766449]}"
osm_557,OSM site 557,school,33.53060612657367,36.29094933161613,OpenStreetMap,unvalidated_public_osm,0.08586921,-0.15986806,0.021686755,0.08554445,0.073466204,0.07110414,50.0,built_up,0.9428809523809525,0.45,0.910326975,0.64967015,0.35662649,0.5,0.7,0.62317842275,medium,62.3,Medium,0000000000000000022c_0,0.202,0.26105,-0.021686755,0.3604,0.2782,0.29866666,0.3016,0.3034,0.3451,0.3178,"{""geodesic"":false,""type"":""Point"",""coordinates"":[36.29094933161613,33.53060612657367]}"
osm_558,OSM site 558,school,33.53078578963049,36.290769668559314,OpenStreetMap,unvalidated_public_osm,0.064029016,-0.13909775,-0.08542107,0.055338033,0.051143788,0.14212751,50.0,built_up,0.8183756613756613,0.45,0.96492746,0.597744375,0.57084214,0.5,0.7,0.647864954,medium,64.8,Medium,0000000000000000022d_0,0.1673,0.229,0.08542107,0.303,0.3069,0.3162,0.3147,0.26653334,0.3596,0.3366,"{""geodesic"":false,""type"":""Point"",""coordinates"":[36.290769668559314,33.53078578963049]}"
osm_559,OSM site 559,school,33.52521623486896,36.27711527624069,OpenStreetMap,unvalidated_public_osm,0.04329039,-0.13338964,-0.058116876,0.04010179,0.03483519,0.1152053,50.0,built_up,0.9366931216931214,0.45,1.0,0.5834741,0.516233752,0.5,0.7,0.6483181952,medium,64.8,Medium,0000000000000000022e_0,0.1868,0.2308,0.058116876,0.30185,0.3019,0.3042,0.3045,0.2768,0.3391,0.3132,"{""geodesic"":false,""type"":""Point"",""coordinates"":[36.27711527624069,33.52521623486896]}"
osm_560,OSM site 560,school,33.52503657181213,36.277654265411165,OpenStreetMap,unvalidated_public_osm,0.023791242,-0.07011067,0.15181209,0.035036158,0.022649772,-0.018557014,50.0,built_up,0.863555555555555,0.45,1.0,0.42527667500000005,0.09637582,0.5,0.7,0.5746929169999999,medium,57.5,Medium,0000000000000000022f_0,0.3352,0.3864,-0.15181209,0.44466665,0.3401,0.36965,0.3862,0.424,0.32745,0.2632,"{""geodesic"":false,""type"":""Point"",""coordinates"":[36.277654265411165,33.52503657181213]}"
osm_561,OSM site 561,school,33.525395897925776,36.277474602354346,OpenStreetMap,unvalidated_public_osm,0.048933975,-0.14254119,-0.020617122,0.04548883,0.04167144,0.11013097,50.0,built_up,0.9261825396825397,0.45,1.0,0.606352975,0.441234244,0.5,0.7,0.6453940194000001,medium,64.5,Medium,00000000000000000230_0,0.1936,0.25846666,0.020617122,0.3444,0.3141,0.3348,0.3364,0.31226668,0.3589,0.31525,"{""geodesic"":false,""type"":""Point"",""coordinates"":[36.277474602354346,33.525395897925776]}"
osm_562,OSM site 562,school,33.52503657181213,36.29957315834368,OpenStreetMap,unvalidated_public_osm,0.111623615,-0.1950413,-0.03241995,0.084491305,0.0777635,0.09782144,50.0,built_up,0.901608225108225,0.45,0.8459409625,0.7376032499999999,0.46483990000000003,0.5,0.7,0.635489880625,medium,63.5,Medium,00000000000000000231_0,0.1286,0.16233334,0.03241995,0.241,0.1948,0.2155,0.22435,0.1926,0.25715,0.230925,"{""geodesic"":false,""type"":""Point"",""coordinates"":[36.299573158343684,33.52503657181213]}"
osm_563,OSM site 563,school,33.49664980883395,36.30442406087793,OpenStreetMap,unvalidated_public_osm,0.09375351,-0.17715956,-0.020855546,0.09165056,0.076006345,0.082087114,50.0,built_up,0.981718253968254,0.45,0.890616225,0.6928988999999999,0.441711092,0.5,0.7,0.6354049454499999,medium,63.5,Medium,00000000000000000232_0,0.18886666,0.2248,0.020855546,0.3216,0.2879,0.3139,0.32765,0.26646668,0.3353,0.3001,"{""geodesic"":false,""type"":""Point"",""coordinates"":[36.30442406087793,33.49664980883395]}"
osm_564,OSM site 564,school,33.48676834070864,36.30154945196875,OpenStreetMap,unvalidated_public_osm,0.04763464,-0.09439121,0.016195608,0.049108952,0.039292466,0.061401185,50.0,built_up,0.9726944444444449,0.45,1.0,0.485978025,0.367608784,0.5,0.7,0.6139564834,medium,61.4,Medium,00000000000000000233_0,0.2112,0.2648,-0.016195608,0.32,0.27975,0.28656667,0.2903,0.2909,0.3098,0.2803,"{""geodesic"":false,""type"":""Point"",""coordinates"":[36.30154945196875,33.486768340708636]}"
osm_565,OSM site 565,school,33.487486992935935,36.30963428952583,OpenStreetMap,unvalidated_public_osm,0.035016302,-0.107625306,-0.07243203,0.030250814,0.026029067,0.1148677,50.0,built_up,0.8476120731120731,0.45,1.0,0.519063265,0.54486406,0.5,0.7,0.638299059,medium,63.8,Medium,00000000000000000234_0,0.1673,0.2048,0.07243203,0.2542,0.235,0.2433,0.25155,0.237,0.2939,0.27275,"{""geodesic"":false,""type"":""Point"",""coordinates"":[36.309634289525825,33.487486992935935]}"
osm_566,OSM site 566,school,33.48784631904958,36.309454626469,OpenStreetMap,unvalidated_public_osm,0.043193717,-0.121745266,-0.042211182,0.04396483,0.035637148,0.09497301,50.0,built_up,0.9801190476190476,0.45,1.0,0.5543631649999999,0.48442236400000005,0.5,0.7,0.6393148693999999,medium,63.9,Medium,00000000000000000235_0,0.2096,0.2496,0.042211182,0.3188,0.3074,0.3016,0.30545,0.2924,0.3469,0.3321,"{""geodesic"":false,""type"":""Point"",""coordinates"":[36.309454626469,33.48784631904958]}"
osm_567,OSM site 567,school,33.48784631904958,36.30981395258264,OpenStreetMap,unvalidated_public_osm,0.036470592,-0.10090595,-0.03781571,0.041976985,0.031525426,0.08412695,50.0,built_up,0.9790277777777779,0.45,1.0,0.5022648749999999,0.47563142,0.5,0.7,0.628016117,medium,62.8,Medium,00000000000000000236_0,0.24546666,0.2878,0.03781571,0.3524,0.3362,0.33185,0.3383,0.3276,0.3801,0.3659,"{""geodesic"":false,""type"":""Point"",""coordinates"":[36.309813952582644,33.48784631904958]}"
osm_568,OSM site 568,school,33.50042273302726,36.31628182262831,OpenStreetMap,unvalidated_public_osm,0.18947096,-0.30362755,-0.16547813,0.12417164,0.12340162,0.19235602,20.0,shrubland,0.31112337662337664,0.5,0.6513226,1.0,0.73095626,0.5,0.7,0.6809262759999999,medium,68.1,Medium,00000000000000000237_0,0.093,0.1219,0.16547813,0.2282,0.2628,0.2809,0.28425,0.1555,0.3187,0.2958,"{""geodesic"":false,""type"":""Point"",""coordinates"":[36.316281822628305,33.50042273302726]}"
osm_569,OSM site 569,school,33.50024306997043,36.31556317040101,OpenStreetMap,unvalidated_public_osm,0.026830185,-0.098401,-0.011758209,0.030850912,0.023416577,0.073908426,50.0,built_up,0.9851111111111112,0.45,1.0,0.49600249999999996,0.423516418,0.5,0.7,0.6215521418000001,medium,62.2,Medium,00000000000000000238_0,0.2501,0.2932,0.011758209,0.3572,0.33463332,0.3367,0.3439,0.33853334,0.3657,0.34975,"{""geodesic"":false,""type"":""Point"",""coordinates"":[36.31556317040101,33.50024306997043]}"
osm_570,OSM site 570,school,33.500063406913604,36.31628182262831,OpenStreetMap,unvalidated_public_osm,0.032578703,-0.11193698,0.038816776,0.0364755,0.028912134,0.056588016,50.0,built_up,0.9641865079365078,0.45,1.0,0.52984245,0.322366448,0.5,0.7,0.6182051348,medium,61.8,Medium,00000000000000000239_0,0.24785,0.2987,-0.038816776,0.374,0.317,0.31965,0.31975,0.3504,0.34605,0.3232,"{""geodesic"":false,""type"":""Point"",""coordinates"":[36.316281822628305,33.500063406913604]}"
osm_571,OSM site 571,school,33.499883743856785,36.31574283345783,OpenStreetMap,unvalidated_public_osm,0.042374704,-0.12809171,-0.0741307,0.041407432,0.03518276,0.12207619,50.0,built_up,0.9420039682539683,0.45,1.0,0.570229275,0.5482614,0.5,0.7,0.6488719949999999,medium,64.9,Medium,0000000000000000023a_0,0.2024,0.2497,0.0741307,0.32306665,0.3313,0.3245,0.3297,0.2968,0.3748,0.3436,"{""geodesic"":false,""type"":""Point"",""coordinates"":[36.31574283345783,33.499883743856785]}"
osm_572,مدرسة جورج حداد,school,33.50832790752751,36.32095306210573,OpenStreetMap,unvalidated_public_osm,0.05196747,-0.13629843,-0.040581476,0.049950544,0.04259277,0.102716915,50.0,built_up,0.9720978835978836,0.45,0.9950813249999999,0.590746075,0.48116295200000003,0.5,0.7,0.64503584145,medium,64.5,Medium,0000000000000000023b_0,0.1951,0.2408,0.040581476,0.3168,0.2994,0.3114,0.3108,0.2855,0.3436,0.3213,"{""geodesic"":false,""type"":""Point"",""coordinates"":[36.32095306210573,33.50832790752751]}"
osm_573,الفراهيدي,school,33.56168783540421,36.32221070350349,OpenStreetMap,unvalidated_public_osm,0.026891798,-0.10814915,-0.053397723,0.026631974,0.022639515,0.11304848,50.0,built_up,0.9928849206349207,0.45,1.0,0.520372875,0.506795446,0.5,0.7,0.6347541195999999,medium,63.5,Medium,0000000000000000023c_0,0.2108,0.2643,0.053397723,0.3284,0.30813333,0.3197,0.3254,0.3112,0.36545,0.32695,"{""geodesic"":false,""type"":""Point"",""coordinates"":[36.322210703503494,33.56168783540421]}"
osm_574,OSM site 574,school,33.50383633110691,36.32221070350349,OpenStreetMap,unvalidated_public_osm,0.009515905,-0.08044278,-0.07616584,0.011340449,0.008448268,0.10778887,50.0,built_up,0.9565251322751323,0.45,1.0,0.45110695000000006,0.55233168,0.5,0.7,0.6254545579999999,medium,62.5,Medium,0000000000000000023d_0,0.2666,0.3115,0.07616584,0.366,0.38885,0.3837,0.3844,0.3591,0.42635,0.4143,"{""geodesic"":false,""type"":""Point"",""coordinates"":[36.322210703503494,33.50383633110691]}"
osm_575,OSM site 575,school,33.505093972504675,36.32328868184444,OpenStreetMap,unvalidated_public_osm,0.03136631,-0.09915017,-0.0099514965,0.03710052,0.028265744,0.07619889,50.0,built_up,0.9737142857142854,0.45,1.0,0.49787542500000004,0.419902993,0.5,0.7,0.6215653843,medium,62.2,Medium,0000000000000000023e_0,0.26455,0.318,0.0099514965,0.388,0.3566,0.35723335,0.3607,0.3644,0.3958,0.3878,"{""geodesic"":false,""type"":""Point"",""coordinates"":[36.32328868184444,33.505093972504675]}"
osm_576,OSM site 576,school,33.50437532027738,36.32310901878761,OpenStreetMap,unvalidated_public_osm,0.03302962,-0.12699974,-0.0521228,0.033634894,0.028942123,0.117444865,50.0,built_up,0.9688611111111111,0.45,1.0,0.56749935,0.5042456,0.5,0.7,0.64392443,medium,64.4,Medium,0000000000000000023f_0,0.22346666,0.28103334,0.0521228,0.3628,0.3532,0.3552,0.3565,0.3396,0.4027,0.36785,"{""geodesic"":false,""type"":""Point"",""coordinates"":[36.32310901878761,33.50437532027738]}"
osm_577,ثانوية سمير حنا سلوم للبنات,school,33.50437532027738,36.32239036656032,OpenStreetMap,unvalidated_public_osm,0.011670037,-0.07298335,-0.058030065,0.012986306,0.009977079,0.099375315,50.0,built_up,0.9602407407407406,0.45,1.0,0.432458375,0.5160601300000001,0.5,0.7,0.618097688,medium,61.8,Medium,00000000000000000240_0,0.2415,0.2896,0.058030065,0.3352,0.34745,0.3445,0.34505,0.32746667,0.3765,0.3556,"{""geodesic"":false,""type"":""Point"",""coordinates"":[36.32239036656032,33.50437532027738]}"
osm_578,OSM site 578,school,33.50401599416373,36.32292935573079,OpenStreetMap,unvalidated_public_osm,0.030159257,-0.119293086,0.037542652,0.033224642,0.028910695,0.08022815,50.0,built_up,0.9157645502645502,0.45,1.0,0.548232715,0.324914696,0.5,0.7,0.6221380126,medium,62.2,Medium,00000000000000000241_0,0.2697,0.3588,-0.037542652,0.456,0.38506666,0.38513333,0.3865,0.4293,0.423,0.3831,"{""geodesic"":false,""type"":""Point"",""coordinates"":[36.32292935573079,33.50401599416373]}"
osm_579,OSM site 579,school,33.50545329861833,36.32292935573079,OpenStreetMap,unvalidated_public_osm,0.03843902,-0.089513265,0.04429726,0.043588888,0.033295773,0.044644054,50.0,built_up,0.9306890331890333,0.45,1.0,0.47378316249999997,0.31140548,0.5,0.7,0.6058971805,medium,60.6,Medium,00000000000000000242_0,0.2426,0.2965,-0.04429726,0.3548,0.2795,0.30596668,0.3148,0.32853332,0.3247,0.3088,"{""geodesic"":false,""type"":""Point"",""coordinates"":[36.32292935573079,33.50545329861833]}"
osm_580,OSM site 580,school,33.5052736355615,36.322749692673966,OpenStreetMap,unvalidated_public_osm,0.14612335,-0.22531044,-0.0044311606,0.12822793,0.11404518,0.07952801,50.0,built_up,0.8237033429533427,0.45,0.7596916249999999,0.8132761,0.40886232120000005,0.5,0.7,0.6234643583699999,medium,62.3,Medium,00000000000000000243_0,0.154,0.1965,0.0044311606,0.3108,0.25813332,0.2981,0.30935,0.23155,0.31356665,0.2878,"{""geodesic"":false,""type"":""Point"",""coordinates"":[36.322749692673966,33.5052736355615]}"
osm_581,OSM site 581,school,33.504914309447855,36.32257002961715,OpenStreetMap,unvalidated_public_osm,0.031170152,-0.08924076,0.025797434,0.040349245,0.028531332,0.048085958,50.0,built_up,0.9679642857142858,0.45,1.0,0.4731019,0.348405132,0.5,0.7,0.6094608932,medium,60.9,Medium,00000000000000000244_0,0.28893334,0.33746666,-0.025797434,0.4036,0.3589,0.36385,0.362,0.3792,0.3833,0.3751,"{""geodesic"":false,""type"":""Point"",""coordinates"":[36.32257002961715,33.504914309447855]}"
osm_582,OSM site 582,school,33.51497544062999,36.30909530035535,OpenStreetMap,unvalidated_public_osm,0.046718277,-0.14000314,-0.058641553,0.048925463,0.040824864,0.11397526,50.0,built_up,0.949765873015873,0.45,1.0,0.60000785,0.517283106,0.5,0.7,0.6517298806,medium,65.2,Medium,00000000000000000245_0,0.226,0.2755,0.058641553,0.3652,0.378525,0.3795,0.379525,0.3326,0.4107,0.3638,"{""geodesic"":false,""type"":""Point"",""coordinates"":[36.30909530035535,33.51497544062999]}"
osm_583,OSM site 583,school,33.51497544062999,36.30963428952583,OpenStreetMap,unvalidated_public_osm,0.04080267,-0.13742688,-0.05338405,0.03802992,0.033333328,0.11588967,50.0,built_up,0.950111111111111,0.45,1.0,0.5935672,0.5067681,0.5,0.7,0.6493902500000001,medium,64.9,Medium,00000000000000000246_0,0.1904,0.236,0.05338405,0.3112,0.3054,0.30533335,0.3108,0.2868,0.3463,0.32945,"{""geodesic"":false,""type"":""Point"",""coordinates"":[36.309634289525825,33.51497544062999]}"
osm_584,مدرسة الشهيد أحمد أومري,school,33.538690964130744,36.29975282140051,OpenStreetMap,unvalidated_public_osm,0.04463021,-0.14364642,-0.112896726,0.042286802,0.037430584,0.15282159,50.0,built_up,0.7387380952380951,0.45,1.0,0.60911605,0.625793452,0.5,0.7,0.6644025552,medium,66.4,Medium,00000000000000000247_0,0.19673334,0.248,0.112896726,0.3312,0.3654,0.36183333,0.368775,0.3029,0.4155,0.37356666,"{""geodesic"":false,""type"":""Point"",""coordinates"":[36.29975282140051,33.538690964130744]}"
osm_585,OSM site 585,school,33.61702405690597,36.31340721371912,OpenStreetMap,unvalidated_public_osm,0.0392733,-0.12962358,-0.11295228,0.04203662,0.035319548,0.14827567,50.0,built_up,0.730097883597884,0.45,1.0,0.57405895,0.62590456,0.5,0.7,0.657402246,medium,65.7,Medium,00000000000000000248_0,0.23975,0.299725,0.11295228,0.389,0.43975,0.4332,0.43576667,0.3596,0.48806667,0.45535,"{""geodesic"":false,""type"":""Point"",""coordinates"":[36.313407213719124,33.61702405690597]}"
osm_586,OSM site 586,school,33.61666473079232,36.31304788760548,OpenStreetMap,unvalidated_public_osm,0.039611418,-0.12998362,-0.08326257,0.043376982,0.036495034,0.13365574,50.0,built_up,0.8186676286676285,0.45,1.0,0.5749590499999999,0.56652514,0.5,0.7,0.6516443239999999,medium,65.2,Medium,00000000000000000249_0,0.252,0.3186,0.08326257,0.4138,0.4205,0.4262,0.4312,0.38226667,0.48896667,0.458,"{""geodesic"":false,""type"":""Point"",""coordinates"":[36.31304788760548,33.61666473079232]}"
osm_587,OSM site 587,school,33.61702405690597,36.31268856149183,OpenStreetMap,unvalidated_public_osm,0.029562002,-0.0890985,-0.046591364,0.040270843,0.028171819,0.08824623,50.0,built_up,0.8585364357864358,0.45,1.0,0.47274625,0.493182728,0.5,0.7,0.6238675228,medium,62.4,Medium,0000000000000000024a_0,0.3181,0.37503332,0.046591364,0.4484,0.44135,0.4426,0.442225,0.42265,0.492225,0.45823333,"{""geodesic"":false,""type"":""Point"",""coordinates"":[36.31268856149183,33.61702405690597]}"
osm_588,OSM site 588,school,33.50060239608408,36.27154572147916,OpenStreetMap,unvalidated_public_osm,0.03223034,-0.11922651,0.0033416818,0.038386736,0.03145094,0.087966226,50.0,built_up,0.7613000610500608,0.45,1.0,0.5480662749999999,0.39331663640000003,0.5,0.7,0.6289449186399999,medium,62.9,Medium,0000000000000000024b_0,0.2972,0.37805,-0.0033416818,0.4804,0.45165,0.44735,0.4446,0.4504,0.4772,0.42706665,"{""geodesic"":false,""type"":""Point"",""coordinates"":[36.27154572147916,33.500602396084076]}"
osm_589,OSM site 589,school,33.512999147004926,36.31987508376479,OpenStreetMap,unvalidated_public_osm,0.027127266,-0.0973495,0.09454783,0.032934986,0.025759554,0.034082834,50.0,built_up,0.9274761904761905,0.45,1.0,0.49337375,0.21090434000000002,0.5,0.7,0.599765184,medium,60.0,Medium,0000000000000000024c_0,0.29125,0.3644,-0.09454783,0.443,0.35465,0.3532,0.35655,0.4196,0.36646667,0.34986666,"{""geodesic"":false,""type"":""Point"",""coordinates"":[36.319875083764785,33.512999147004926]}"
osm_590,OSM site 590,school,33.528450169891784,36.291308657729786,OpenStreetMap,unvalidated_public_osm,0.12001695,-0.17560646,0.020873548,0.09398245,0.08738162,0.07325029,50.0,built_up,0.8176703944203946,0.45,0.8249576249999999,0.6890161499999999,0.35825290400000004,0.5,0.7,0.60986792665,medium,61.0,Medium,0000000000000000024d_0,0.1338,0.1852,-0.020873548,0.2641,0.1872,0.21405,0.21905,0.2075,0.2533,0.2218,"{""geodesic"":false,""type"":""Point"",""coordinates"":[36.291308657729786,33.528450169891784]}"
osm_591,OSM site 591,school,33.47922249232204,36.30352574559381,OpenStreetMap,unvalidated_public_osm,0.054802597,-0.13255301,-0.029941743,0.05760298,0.047336277,0.09401096,50.0,built_up,0.9793888888888891,0.45,0.9879935074999999,0.581382525,0.459883486,0.5,0.7,0.639263230475,medium,63.9,Medium,0000000000000000024e_0,0.22244,0.2742,0.029941743,0.358,0.3364,0.3417,0.3455,0.3208,0.3801,0.3544,"{""geodesic"":false,""type"":""Point"",""coordinates"":[36.30352574559381,33.47922249232204]}"
osm_592,OSM site 592,school,33.48065979677663,36.303885071707455,OpenStreetMap,unvalidated_public_osm,0.08489882,-0.17626323,-0.08312343,0.07396448,0.066913426,0.13383994,50.0,built_up,0.8723531746031745,0.45,0.91275295,0.6906580749999999,0.56624686,0.5,0.7,0.6529445385,medium,65.3,Medium,0000000000000000024f_0,0.1642,0.2103,0.08312343,0.3003,0.2981,0.29825,0.29915,0.2533,0.35475,0.323925,"{""geodesic"":false,""type"":""Point"",""coordinates"":[36.303885071707455,33.48065979677663]}"
osm_593,OSM site 593,school,33.481019122890274,36.30370540865064,OpenStreetMap,unvalidated_public_osm,0.043121155,-0.10595067,0.05162376,0.054485317,0.039399628,0.0369591,50.0,built_up,0.9738531746031744,0.45,1.0,0.514876675,0.29675248000000004,0.5,0.7,0.612650583,medium,61.3,Medium,00000000000000000250_0,0.2802,0.32853332,-0.05162376,0.4064,0.31356665,0.3382,0.3435,0.3728,0.3665,0.3356,"{""geodesic"":false,""type"":""Point"",""coordinates"":[36.303705408650636,33.481019122890274]}"
osm_595,معهد الحرية-اللايك سابقا,school,33.52072465844836,36.29957315834368,OpenStreetMap,unvalidated_public_osm,0.049058937,-0.12757018,-0.11111112,0.03172133,0.028940665,0.13008632,50.0,built_up,0.7235196007696008,0.45,1.0,0.5689254499999999,0.62222224,0.5,0.7,0.656007314,medium,65.6,Medium,00000000000000000252_0,0.1122,0.13153334,0.11111112,0.17,0.1411,0.1472,0.1563,0.1541,0.2125,0.1947,"{""geodesic"":false,""type"":""Point"",""coordinates"":[36.299573158343684,33.52072465844836]}"
osm_596,OSM site 596,school,33.50742959224339,36.28627809213872,OpenStreetMap,unvalidated_public_osm,0.15083797,-0.23519972,0.005430673,0.13148507,0.1266238,0.09627487,50.0,built_up,0.7574493746993748,0.45,0.747905075,0.8379992999999999,0.38913865400000003,0.5,0.7,0.62348999415,medium,62.3,Medium,00000000000000000253_0,0.15493333,0.2264,-0.005430673,0.36565,0.3166,0.33435,0.34215,0.2698,0.3617,0.3194,"{""geodesic"":false,""type"":""Point"",""coordinates"":[36.286278092138716,33.50742959224339]}"
osm_597,OSM site 597,school,33.50707026612974,36.28609842908189,OpenStreetMap,unvalidated_public_osm,0.02484692,-0.09351979,0.04679376,0.031845566,0.023513073,0.048014816,50.0,built_up,0.9319920634920635,0.45,1.0,0.48379947500000003,0.30641248000000004,0.5,0.7,0.607401143,medium,60.7,Medium,00000000000000000254_0,0.3028,0.363,-0.04679376,0.4379,0.36703333,0.3715,0.3706,0.41666666,0.39875,0.3644,"{""geodesic"":false,""type"":""Point"",""coordinates"":[36.28609842908189,33.50707026612974]}"
osm_598,OSM site 598,school,33.507249929186564,36.28555943991142,OpenStreetMap,unvalidated_public_osm,0.049993776,-0.14227588,-0.107626274,0.043434,0.038753953,0.14536035,50.0,built_up,0.8263148148148146,0.45,1.0,0.6056897,0.615252548,0.5,0.7,0.6626631948,medium,66.3,Medium,00000000000000000255_0,0.1688,0.2108,0.107626274,0.28073335,0.30115,0.3071,0.31215,0.254,0.34845,0.32293335,"{""geodesic"":false,""type"":""Point"",""coordinates"":[36.28555943991142,33.507249929186564]}"
osm_599,OSM site 599,school,33.50742959224339,36.285020450740944,OpenStreetMap,unvalidated_public_osm,0.026782451,-0.10067892,-0.09332056,0.023092858,0.021090608,0.14489157,50.0,built_up,0.7578835978835978,0.45,1.0,0.5016973,0.58664112,0.5,0.7,0.639003572,medium,63.9,Medium,00000000000000000256_0,0.17265,0.2318,0.09332056,0.2837,0.32818332,0.331275,0.33305,0.2689,0.3421,0.3216,"{""geodesic"":false,""type"":""Point"",""coordinates"":[36.285020450740944,33.50742959224339]}"
osm_601,المركز الثقافي الروسي,school,33.518029712596,36.2959798972072,OpenStreetMap,unvalidated_public_osm,0.08336582,-0.18089236,0.08608386,0.076972894,0.06817565,0.04107417,50.0,built_up,0.8854584674584671,0.45,0.91658545,0.7022309,0.22783228000000003,0.5,0.7,0.6223757704999999,medium,62.2,Medium,00000000000000000258_0,0.18,0.2252,-0.08608386,0.32466668,0.25756666,0.2681,0.2756,0.2747,0.2732,0.256,"{""geodesic"":false,""type"":""Point"",""coordinates"":[36.295979897207204,33.518029712596]}"
osm_603,مدرسة شارل ديغول,school,33.51030420115257,36.255735372478654,OpenStreetMap,unvalidated_public_osm,0.07251938,-0.13699971,-0.02653754,0.07707742,0.06154748,0.083973154,50.0,built_up,0.9519430014430015,0.45,0.9437015500000001,0.592499275,0.45307508,0.5,0.7,0.6297327505,medium,63.0,Medium,0000000000000000025a_0,0.2173,0.2652,0.02653754,0.3494,0.3492,0.3568,0.3548,0.30215,0.36845,0.3612,"{""geodesic"":false,""type"":""Point"",""coordinates"":[36.255735372478654,33.51030420115257]}"
osm_608,OSM site 608,school,33.51713139731188,36.2898713532752,OpenStreetMap,unvalidated_public_osm,0.25993776,-0.35,-0.057408832,0.172173,0.1698028,0.1162874,20.0,shrubland,0.3245161135161135,0.5,0.47515559999999996,1.0,0.5148176640000001,0.5,0.7,0.6152706663999999,medium,61.5,Medium,0000000000000000025f_0,0.0858,0.117,0.057408832,0.243,0.20145,0.22835,0.2408,0.14273334,0.2726,0.23595,"{""geodesic"":false,""type"":""Point"",""coordinates"":[36.289871353275196,33.51713139731188]}"
osm_609,OSM site 609,school,33.51533476674364,36.29256629912755,OpenStreetMap,unvalidated_public_osm,0.048557762,-0.12758487,-0.109536275,0.045095116,0.03819322,0.13654351,50.0,built_up,0.8817949735449734,0.45,1.0,0.5689621749999999,0.61907255,0.5,0.7,0.65569969,medium,65.6,Medium,00000000000000000260_0,0.1838,0.2236,0.109536275,0.289,0.3156,0.3127,0.3112,0.26223335,0.3601,0.33836666,"{""geodesic"":false,""type"":""Point"",""coordinates"":[36.29256629912755,33.51533476674364]}"
osm_610,المدرسة الشرعية للبنين,school,33.493415873811124,36.29310528829802,OpenStreetMap,unvalidated_public_osm,0.112699844,-0.30368567,-0.2132353,0.067590736,0.073503636,0.2527995,40.0,cropland,0.31729761904761916,0.35,0.84325039,1.0,0.8264705999999999,0.5,0.7,0.6934596575,medium,69.3,Medium,00000000000000000261_0,0.0846,0.1143,0.2132353,0.214,0.24325,0.2514,0.25275,0.17065,0.33,0.30205,"{""geodesic"":false,""type"":""Point"",""coordinates"":[36.29310528829802,33.493415873811124]}"
osm_611,عزت الحصرية,school,33.49377519992477,36.29310528829802,OpenStreetMap,unvalidated_public_osm,0.04163125,-0.11895342,-0.04287296,0.04028058,0.03656109,0.12268845,50.0,built_up,0.9122953342953344,0.45,1.0,0.5473835499999999,0.48574592000000005,0.5,0.7,0.6380513019999999,medium,63.8,Medium,00000000000000000262_0,0.2098,0.2896,0.04287296,0.3678,0.3591,0.3586,0.35956666,0.3384,0.40075,0.39345,"{""geodesic"":false,""type"":""Point"",""coordinates"":[36.29310528829802,33.49377519992477]}"
osm_612,OSM site 612,school,33.507249929186564,36.2898713532752,OpenStreetMap,unvalidated_public_osm,0.02468153,-0.12598427,-0.110650405,0.021668475,0.018555468,0.13659392,50.0,built_up,0.8934629629629628,0.45,1.0,0.564960675,0.62130081,0.5,0.7,0.655122216,medium,65.5,Medium,00000000000000000263_0,0.1729,0.1998,0.110650405,0.2574,0.2562,0.25785,0.26105,0.245,0.32145,0.29585,"{""geodesic"":false,""type"":""Point"",""coordinates"":[36.289871353275196,33.507249929186564]}"
osm_613,المركز الثقافي الفرنسي,school,33.51497544062999,36.29759686471862,OpenStreetMap,unvalidated_public_osm,0.05337567,-0.12429664,-0.050539974,0.040963262,0.036423843,0.1019158,50.0,built_up,0.710187109187109,0.45,0.991560825,0.5607416,0.501079948,0.5,0.7,0.6401465210499999,medium,64.0,Medium,00000000000000000264_0,0.1394,0.1712,0.050539974,0.2198,0.1828,0.19715,0.1972,0.197525,0.2432,0.21355,"{""geodesic"":false,""type"":""Point"",""coordinates"":[36.29759686471862,33.51497544062999]}"
osm_614,دوحة المجد,school,33.518748364823296,36.275318645672456,OpenStreetMap,unvalidated_public_osm,0.12155077,-0.2177835,-0.084967315,0.07845314,0.07341403,0.12082727,50.0,built_up,0.6830291005291004,0.45,0.821123075,0.79445875,0.56993463,0.5,0.7,0.65116598175,medium,65.1,Medium,00000000000000000265_0,0.1029,0.1214,0.084967315,0.189,0.1583,0.1827,0.19136667,0.14803334,0.2241,0.1941,"{""geodesic"":false,""type"":""Point"",""coordinates"":[36.275318645672456,33.518748364823296]}"
osm_615,مدرسة عبد الفتاح قطيط‎,school,33.52288061513024,36.2719050475928,OpenStreetMap,unvalidated_public_osm,0.030085988,-0.123437524,-0.077465914,0.025673967,0.023809547,0.13987786,50.0,built_up,0.7956679894179894,0.45,1.0,0.55859381,0.554931828,0.5,0.7,0.6472119448,medium,64.7,Medium,00000000000000000266_0,0.1702,0.2244,0.077465914,0.2876,0.287,0.2937,0.2962,0.2708,0.3359,0.3094,"{""geodesic"":false,""type"":""Point"",""coordinates"":[36.2719050475928,33.52288061513024]}"
osm_616,مدرسة هدى شعراوي‎,school,33.52306027818707,36.271725384535976,OpenStreetMap,unvalidated_public_osm,0.036249273,-0.12967949,0.021949442,0.035685085,0.032785393,0.09401366,50.0,built_up,0.9514007936507938,0.45,1.0,0.574198725,0.35610111600000005,0.5,0.7,0.6304498566,medium,63.0,Medium,00000000000000000267_0,0.2214,0.3031,-0.021949442,0.393425,0.3446,0.36195,0.36115,0.3659,0.376525,0.33165,"{""geodesic"":false,""type"":""Point"",""coordinates"":[36.271725384535976,33.52306027818707]}"
osm_617,المركز الثقافي الاسباني,school,33.51946701705059,36.28753573353648,OpenStreetMap,unvalidated_public_osm,0.12575302,-0.24609295,0.0944363,0.100077905,0.09716835,0.04822964,50.0,built_up,0.5504391534391534,0.45,0.81061745,0.8652323749999999,0.21112740000000002,0.5,0.7,0.6268135775,medium,62.7,Medium,00000000000000000268_0,0.13646667,0.1809,-0.0944363,0.299,0.1994,0.2419,0.25275,0.2322,0.2474,0.2068,"{""geodesic"":false,""type"":""Point"",""coordinates"":[36.28753573353648,33.51946701705059]}"
osm_618,مدرسة الآسية,school,33.51030420115257,36.31268856149183,OpenStreetMap,unvalidated_public_osm,0.118375555,-0.1871151,0.0107895555,0.11405415,0.096671335,0.06723225,50.0,built_up,0.9486269841269842,0.45,0.8290611124999999,0.71778775,0.37842088900000004,0.5,0.7,0.6186649170249999,medium,61.9,Medium,00000000000000000269_0,0.18188,0.2288,-0.0107895555,0.33413333,0.2966,0.31202,0.32185,0.2634,0.327,0.3083,"{""geodesic"":false,""type"":""Point"",""coordinates"":[36.31268856149183,33.51030420115257]}"
osm_619,المدرسة السورية الحديثة,school,33.47760552481062,36.344668585606485,OpenStreetMap,unvalidated_public_osm,0.16401799,-0.2671781,-0.061695542,0.14555615,0.14061697,0.1362899,50.0,built_up,0.3134126984126985,0.45,0.714955025,0.9179452499999998,0.523391084,0.5,0.7,0.6446669146499999,medium,64.5,Medium,0000000000000000026a_0,0.1576,0.2245,0.061695542,0.3882,0.4358,0.4615,0.4697,0.2788,0.43925,0.3614,"{""geodesic"":false,""type"":""Point"",""coordinates"":[36.344668585606485,33.47760552481062]}"
osm_620,مدرسة خولة الكندية,school,33.52521623486896,36.28052887432035,OpenStreetMap,unvalidated_public_osm,0.049028654,-0.16498868,-0.06512783,0.041213043,0.03820277,0.1307145,50.0,built_up,0.8237791005291003,0.45,1.0,0.6624716999999999,0.53025566,0.5,0.7,0.665519906,medium,66.6,Medium,0000000000000000026b_0,0.1624,0.2032,0.06512783,0.2835,0.2701,0.2766,0.28105,0.257,0.323,0.27273333,"{""geodesic"":false,""type"":""Point"",""coordinates"":[36.28052887432035,33.52521623486896]}"
osm_621,مدرسة ساطع الحصري,school,33.518748364823296,36.281247526547645,OpenStreetMap,unvalidated_public_osm,0.1359864,-0.23326918,0.010092092,0.10394301,0.098824635,0.083074294,50.0,built_up,0.8172265512265513,0.45,0.785034,0.8331729499999999,0.37981581600000003,0.5,0.7,0.6308746716,medium,63.1,Medium,0000000000000000026c_0,0.1264,0.16593333,-0.010092092,0.2669,0.20883334,0.25464,0.2685,0.203,0.26156667,0.224375,"{""geodesic"":false,""type"":""Point"",""coordinates"":[36.281247526547645,33.518748364823296]}"
osm_622,مدرسة فاطمة المخزومية ابتدائي,school,33.524677245698484,36.278372917638464,OpenStreetMap,unvalidated_public_osm,0.039042592,-0.109690964,-0.04507749,0.03434115,0.02956325,0.10145225,50.0,built_up,0.8683373015873014,0.45,1.0,0.52422741,0.49015498,0.5,0.7,0.63386098,medium,63.4,Medium,0000000000000000026d_0,0.1714,0.21245,0.04507749,0.2648,0.2436,0.257,0.2632,0.2449,0.2898,0.2641,"{""geodesic"":false,""type"":""Point"",""coordinates"":[36.278372917638464,33.524677245698484]}"
osm_623,مدرسة رشدي شمعة,school,33.52521623486896,36.27693561318387,OpenStreetMap,unvalidated_public_osm,0.04331536,-0.13789581,0.036761284,0.03965643,0.036492333,0.08146721,50.0,built_up,0.861950937950938,0.45,1.0,0.594739525,0.326477432,0.5,0.7,0.6315956481999999,medium,63.2,Medium,0000000000000000026e_0,0.1898,0.2532,-0.036761284,0.3342,0.2685,0.27045,0.2689,0.30645,0.3105,0.282075,"{""geodesic"":false,""type"":""Point"",""coordinates"":[36.27693561318387,33.52521623486896]}"
osm_624,دار الفرح روضة,school,33.52198229984612,36.26992875396774,OpenStreetMap,unvalidated_public_osm,0.085144915,-0.17049341,-0.030106755,0.06518271,0.059898037,0.09904596,50.0,built_up,0.8299733044733048,0.45,0.9121377125,0.6762335250000001,0.46021351,0.5,0.7,0.639302484125,medium,63.9,Medium,0000000000000000026f_0,0.1346,0.1698,0.030106755,0.2396,0.2155,0.24065,0.25156668,0.202,0.254475,0.21323334,"{""geodesic"":false,""type"":""Point"",""coordinates"":[36.26992875396774,33.52198229984612]}"
osm_625,مدرسة لبنى الأندلسية,school,33.52503657181213,36.27873224375211,OpenStreetMap,unvalidated_public_osm,0.10717528,-0.19072038,-0.110543594,0.08214981,0.0752871,0.14331354,50.0,built_up,0.8450925925925926,0.45,0.8570618,0.72680095,0.621087188,0.5,0.7,0.6517343588,medium,65.2,Medium,00000000000000000270_0,0.1316,0.1657,0.110543594,0.2438,0.2406,0.2529,0.2585,0.1966,0.3044,0.2566,"{""geodesic"":false,""type"":""Point"",""coordinates"":[36.27873224375211,33.52503657181213]}"
osm_626,مدرسة طارق بن زياد الابتدائية,school,33.525395897925776,36.277474602354346,OpenStreetMap,unvalidated_public_osm,0.048933975,-0.14254119,-0.020617122,0.04548883,0.04167144,0.11013097,50.0,built_up,0.9261825396825397,0.45,1.0,0.606352975,0.441234244,0.5,0.7,0.6453940194000001,medium,64.5,Medium,00000000000000000271_0,0.1936,0.25846666,0.020617122,0.3444,0.3141,0.3348,0.3364,0.31226668,0.3589,0.31525,"{""geodesic"":false,""type"":""Point"",""coordinates"":[36.277474602354346,33.525395897925776]}"
osm_627,مدرسة أحمد صباغ اناث,school,33.52503657181213,36.277654265411165,OpenStreetMap,unvalidated_public_osm,0.023791242,-0.07011067,0.15181209,0.035036158,0.022649772,-0.018557014,50.0,built_up,0.863555555555555,0.45,1.0,0.42527667500000005,0.09637582,0.5,0.7,0.5746929169999999,medium,57.5,Medium,00000000000000000272_0,0.3352,0.3864,-0.15181209,0.44466665,0.3401,0.36965,0.3862,0.424,0.32745,0.2632,"{""geodesic"":false,""type"":""Point"",""coordinates"":[36.277654265411165,33.52503657181213]}"
osm_628,مدرسة 17 نيسان,school,33.525395897925776,36.277474602354346,OpenStreetMap,unvalidated_public_osm,0.048933975,-0.14254119,-0.020617122,0.04548883,0.04167144,0.11013097,50.0,built_up,0.9261825396825397,0.45,1.0,0.606352975,0.441234244,0.5,0.7,0.6453940194000001,medium,64.5,Medium,00000000000000000273_0,0.1936,0.25846666,0.020617122,0.3444,0.3141,0.3348,0.3364,0.31226668,0.3589,0.31525,"{""geodesic"":false,""type"":""Point"",""coordinates"":[36.277474602354346,33.525395897925776]}"
osm_631,المدرسة الحديثة الخاصة,school,33.52341960430071,36.29885450611639,OpenStreetMap,unvalidated_public_osm,0.19990924,-0.28245756,0.039103966,0.15854448,0.14048049,0.039525688,50.0,built_up,0.5852039442039443,0.45,0.6252269,0.9561438999999999,0.32179206800000004,0.5,0.7,0.6097147117999999,medium,61.0,Medium,00000000000000000276_0,0.1244,0.14793333,-0.039103966,0.2644,0.19475,0.2446,0.2607,0.1763,0.2445,0.19995,"{""geodesic"":false,""type"":""Point"",""coordinates"":[36.298854506116385,33.52341960430071]}"
osm_634,OSM site 634,school,33.52827050683496,36.32580396463997,OpenStreetMap,unvalidated_public_osm,0.08401087,-0.16959065,-0.024687573,0.0842417,0.07189489,0.095099576,50.0,built_up,0.9655102212602211,0.45,0.914972825,0.6739766250000001,0.449375146,0.5,0.7,0.6384760458500001,medium,63.8,Medium,00000000000000000279_0,0.2039,0.2556,0.024687573,0.36,0.32103333,0.3364,0.34525,0.3042,0.378225,0.3324,"{""geodesic"":false,""type"":""Point"",""coordinates"":[36.325803964639974,33.52827050683496]}"
osm_635,OSM site 635,school,34.73991816205537,37.26580107794264,OpenStreetMap,unvalidated_public_osm,0.06163755,-0.1745547,-0.049985833,0.06311527,0.058703285,0.13496809,50.0,built_up,0.7317282347282348,0.45,0.9709061250000001,0.68638675,0.49997166600000004,0.5,0.7,0.6600010478499999,medium,66.0,Medium,0000000000000000027a_0,0.2382,0.3244,0.049985833,0.4616,0.4126,0.422,0.42931667,0.408,0.510175,0.43585,"{""geodesic"":false,""type"":""Point"",""coordinates"":[37.26580107794264,34.73991816205537]}"
osm_636,OSM site 636,school,34.72572478056628,37.2481940983739,OpenStreetMap,unvalidated_public_osm,0.08818125,-0.22446167,-0.15662079,0.078178,0.07492194,0.1951597,30.0,grassland,0.6873731361231363,0.4,0.904546875,0.8111541750000001,0.71324158,0.5,0.7,0.67469171175,medium,67.5,Medium,0000000000000000027b_0,0.17336667,0.2251,0.15662079,0.3554,0.3619,0.3686,0.38055,0.2978,0.4874,0.41995,"{""geodesic"":false,""type"":""Point"",""coordinates"":[37.2481940983739,34.72572478056628]}"
osm_638,إبن خلدون,school,33.51551442980046,36.29256629912755,OpenStreetMap,unvalidated_public_osm,0.025120767,-0.08709015,0.021665873,0.03372243,0.02349397,0.050856244,50.0,built_up,0.9470304232804236,0.45,1.0,0.467725375,0.356668254,0.5,0.7,0.6092119004,medium,60.9,Medium,0000000000000000027d_0,0.3072,0.3564,-0.021665873,0.4244,0.3844,0.3824,0.3832,0.4036,0.4064,0.3892,"{""geodesic"":false,""type"":""Point"",""coordinates"":[36.29256629912755,33.51551442980046]}"
osm_639,مدرسة الرعاية الخاصة,school,33.507968581413856,36.31664114874196,OpenStreetMap,unvalidated_public_osm,0.019883204,-0.06058048,0.06180775,0.029825544,0.019502541,0.028273864,50.0,built_up,0.7226995319495317,0.45,1.0,0.40145119999999995,0.27638450000000003,0.5,0.7,0.5879286899999999,medium,58.8,Medium,0000000000000000027e_0,0.358,0.4267,-0.06180775,0.48173332,0.4573,0.44435,0.446825,0.46295,0.42565,0.37345,"{""geodesic"":false,""type"":""Point"",""coordinates"":[36.31664114874196,33.507968581413856]}"
osm_640,مدرسة ضرار بن الأزور,school,33.56582008571116,36.39389626317623,OpenStreetMap,unvalidated_public_osm,0.051657703,-0.14221914,0.04728392,0.05887698,0.047175746,0.054447155,50.0,built_up,0.9679285714285715,0.45,0.9958557425,0.60554785,0.30543216,0.5,0.7,0.6306167216249999,medium,63.1,Medium,0000000000000000027f_0,0.2555,0.3073,-0.04728392,0.4092,0.33245,0.3424,0.34945,0.369,0.37225,0.34155,"{""geodesic"":false,""type"":""Point"",""coordinates"":[36.39389626317623,33.56582008571116]}"
osm_641,مدرسة أحمد طه,school,33.56653873793845,36.39317761094894,OpenStreetMap,unvalidated_public_osm,0.05252964,-0.11773779,0.05259335,0.06380662,0.049087606,0.046982113,50.0,built_up,0.9739365079365079,0.45,0.9936759000000001,0.5443444749999999,0.29481330000000006,0.5,0.7,0.6167691999999999,medium,61.7,Medium,00000000000000000280_0,0.2777,0.3432,-0.05259335,0.4348,0.3289,0.34435,0.35865,0.3914,0.39135,0.3498,"{""geodesic"":false,""type"":""Point"",""coordinates"":[36.39317761094894,33.56653873793845]}"
osm_642,مدرسة التجارة,school,33.56653873793845,36.39281828483529,OpenStreetMap,unvalidated_public_osm,0.06329118,-0.13696423,-0.031434435,0.06529449,0.05414235,0.09498363,50.0,built_up,0.9833333333333333,0.45,0.96677205,0.5924105749999999,0.46286887,0.5,0.7,0.6364620145,medium,63.6,Medium,00000000000000000281_0,0.2146,0.2678,0.031434435,0.3528,0.3385,0.34245,0.3435,0.3108,0.3757,0.3313,"{""geodesic"":false,""type"":""Point"",""coordinates"":[36.39281828483529,33.56653873793845]}"
osm_643,مدرسة الحميرة,school,33.56564042265433,36.39730986125589,OpenStreetMap,unvalidated_public_osm,0.0030145347,-0.045714293,0.008959346,0.003990437,0.0026833722,0.049249273,50.0,built_up,0.975584656084656,0.45,1.0,0.36428573249999996,0.382081308,0.5,0.7,0.5910652772999999,medium,59.1,Medium,00000000000000000282_0,0.2894,0.334,-0.008959346,0.366,0.33475,0.3401,0.33725,0.3638,0.3595,0.35535,"{""geodesic"":false,""type"":""Point"",""coordinates"":[36.397309861255884,33.56564042265433]}"
osm_645,OSM site 645,school,33.642176884861314,36.29687821249132,OpenStreetMap,unvalidated_public_osm,0.16757664,-0.24301362,-0.043193933,0.139005,0.12261831,0.09346711,50.0,built_up,0.8896137566137564,0.45,0.7060584,0.85753405,0.486387866,0.5,0.7,0.6266601965999999,medium,62.7,Medium,00000000000000000284_0,0.1376,0.1693,0.043193933,0.278,0.2351,0.25145,0.2647,0.1982,0.3031,0.2739,"{""geodesic"":false,""type"":""Point"",""coordinates"":[36.29687821249132,33.642176884861314]}"
osm_646,زهرة القلمون,school,33.63355305813377,36.262382905581134,OpenStreetMap,unvalidated_public_osm,0.024786698,-0.10106965,0.01300397,0.035120077,0.024656452,0.062361594,50.0,built_up,0.694420431420431,0.45,1.0,0.502674125,0.37399206,0.5,0.7,0.617934031,medium,61.8,Medium,00000000000000000285_0,0.353,0.4118,-0.01300397,0.5044,0.4546,0.4597,0.46075,0.48,0.49145,0.43935,"{""geodesic"":false,""type"":""Point"",""coordinates"":[36.262382905581134,33.63355305813377]}"
osm_647,OSM site 647,school,33.57767784746154,36.39389626317623,OpenStreetMap,unvalidated_public_osm,0.011052951,-0.073336445,-0.03991161,0.013695191,0.009599203,0.07679591,50.0,built_up,0.9465396825396825,0.45,1.0,0.4333411125,0.47982322,0.5,0.7,0.6146505445,medium,61.5,Medium,00000000000000000286_0,0.2667,0.3001,0.03991161,0.3476,0.30275,0.29875,0.296,0.34,0.3765,0.35815,"{""geodesic"":false,""type"":""Point"",""coordinates"":[36.39389626317623,33.57767784746154]}"
osm_648,مدرسة عناتر,school,33.57246761881364,36.40898795994944,OpenStreetMap,unvalidated_public_osm,0.13589275,-0.22332646,-0.043471888,0.12240449,0.10897287,0.10521501,50.0,built_up,0.8969087301587302,0.45,0.785268125,0.8083161499999999,0.48694377600000005,0.5,0.7,0.63667463885,medium,63.7,Medium,00000000000000000287_0,0.1628,0.2071,0.043471888,0.3262,0.3269,0.3421,0.3497,0.24815,0.35585,0.3232,"{""geodesic"":false,""type"":""Point"",""coordinates"":[36.40898795994944,33.57246761881364]}"
osm_650,مدرسة التواني Al-Tawani School,school,33.775666536081474,36.49971780364552,OpenStreetMap,unvalidated_public_osm,0.00014740792,-0.055656407,-0.12345759,0.0001751481,0.00012728524,0.12756813,50.0,built_up,0.8683929773929773,0.45,1.0,0.38914101749999996,0.64691518,0.5,0.7,0.6225197215,medium,62.3,Medium,00000000000000000289_0,0.25955,0.30343333,0.12345759,0.3392,0.368475,0.3641,0.365,0.3391,0.43475,0.419175,"{""geodesic"":false,""type"":""Point"",""coordinates"":[36.49971780364552,33.775666536081474]}"
osm_651,ثانوية حسن جبارة Hassan Jabara High School,school,33.775127546911,36.499897466702336,OpenStreetMap,unvalidated_public_osm,0.029043783,-0.09797377,-0.03833809,0.037001185,0.027952975,0.09591498,50.0,built_up,0.8334126984126984,0.45,1.0,0.49493442499999996,0.47667618,0.5,0.7,0.6266545029999999,medium,62.7,Medium,0000000000000000028a_0,0.3082,0.3784,0.03833809,0.4606,0.446625,0.44825,0.44975,0.4346,0.497325,0.46371666,"{""geodesic"":false,""type"":""Point"",""coordinates"":[36.499897466702336,33.775127546911]}"
osm_652,OSM site 652,school,33.822917920026164,36.51265354373683,OpenStreetMap,unvalidated_public_osm,0.035202097,-0.11105068,-0.12394262,0.038032945,0.030622544,0.1443858,50.0,built_up,0.833362433862434,0.45,1.0,0.5276266999999999,0.64788524,0.5,0.7,0.6503138639999999,medium,65.0,Medium,0000000000000000028b_0,0.2344,0.285875,0.12394262,0.3573,0.3939,0.3934625,0.398,0.333,0.4584,0.43286666,"{""geodesic"":false,""type"":""Point"",""coordinates"":[36.51265354373683,33.822917920026164]}"
osm_653,مدرسة,school,33.77782249276336,36.50277207561152,OpenStreetMap,unvalidated_public_osm,0.045424975,-0.09427794,-0.003968247,0.058096968,0.041275736,0.06186772,50.0,built_up,0.979,0.45,1.0,0.48569485,0.40793649400000004,0.5,0.7,0.6179326194,medium,61.8,Medium,0000000000000000028c_0,0.28,0.3324,0.003968247,0.4016,0.3479,0.3686,0.37943333,0.3667,0.4048,0.384,"{""geodesic"":false,""type"":""Point"",""coordinates"":[36.50277207561152,33.77782249276336]}"
osm_658,مدرسة الحسن البصري,school,33.56779637933622,36.400723459335545,OpenStreetMap,unvalidated_public_osm,0.012774643,-0.07193078,-0.0066407537,0.016707862,0.01169316,0.06478416,50.0,built_up,0.9591984126984128,0.45,1.0,0.42982695,0.4132815074,0.5,0.7,0.60729354074,medium,60.7,Medium,00000000000000000291_0,0.2958,0.3432,0.0066407537,0.3964,0.3819,0.3762,0.3821,0.3864,0.4017,0.3855,"{""geodesic"":false,""type"":""Point"",""coordinates"":[36.400723459335545,33.56779637933622]}"
osm_659,OSM site 659,school,33.56779637933622,36.40144211156284,OpenStreetMap,unvalidated_public_osm,0.05668933,-0.119855784,0.002015832,0.058561713,0.04976774,0.08448211,50.0,built_up,0.9876587301587303,0.45,0.983276675,0.54963946,0.39596833600000003,0.5,0.7,0.6253438943499999,medium,62.5,Medium,00000000000000000292_0,0.2216,0.293,-0.002015832,0.3728,0.3214,0.3301,0.3338,0.3328,0.3713,0.3314,"{""geodesic"":false,""type"":""Point"",""coordinates"":[36.40144211156284,33.56779637933622]}"
osm_660,ثانوية دوما للبنين,school,33.57426424938188,36.41204223191545,OpenStreetMap,unvalidated_public_osm,0.027243203,-0.12325773,-0.02078739,0.03211173,0.02514999,0.088857055,50.0,built_up,0.9570502645502647,0.45,1.0,0.5581443249999999,0.44157478,0.5,0.7,0.6357863429999999,medium,63.6,Medium,00000000000000000293_0,0.2732,0.3208,0.02078739,0.411,0.385,0.38335,0.3815,0.3892,0.42845,0.4121,"{""geodesic"":false,""type"":""Point"",""coordinates"":[36.41204223191545,33.574264249381876]}"
osm_661,مدرسة المتفوقين,school,33.57426424938188,36.413299873313214,OpenStreetMap,unvalidated_public_osm,0.021499103,-0.08921932,-0.04052396,0.024586322,0.018680556,0.089102924,50.0,built_up,0.9818571428571429,0.45,1.0,0.47304830000000003,0.48104792,0.5,0.7,0.6227144520000001,medium,62.3,Medium,00000000000000000294_0,0.249,0.294,0.04052396,0.3516,0.3582,0.3582,0.358,0.3368,0.3813,0.3543,"{""geodesic"":false,""type"":""Point"",""coordinates"":[36.413299873313214,33.574264249381876]}"
osm_662,مدرسة خولة بنت الأزور,school,33.57426424938188,36.41276088414274,OpenStreetMap,unvalidated_public_osm,0.061417796,-0.14559537,-0.042435315,0.064303204,0.052947186,0.100470535,50.0,built_up,0.9771071428571428,0.45,0.97145551,0.613988425,0.48487063,0.5,0.7,0.6441486255,medium,64.4,Medium,00000000000000000295_0,0.2197,0.26745,0.042435315,0.3586,0.32615,0.33256,0.338,0.3171,0.39038333,0.353725,"{""geodesic"":false,""type"":""Point"",""coordinates"":[36.41276088414274,33.574264249381876]}"
osm_663,مدرسة بنات دوما الرابعة,school,33.572826944927286,36.40773031855167,OpenStreetMap,unvalidated_public_osm,0.02343942,-0.088713884,-0.03101095,0.029750712,0.021745758,0.08414544,50.0,built_up,0.910375901875902,0.45,1.0,0.47178471,0.46202190000000004,0.5,0.7,0.620559132,medium,62.1,Medium,00000000000000000296_0,0.2924,0.3472,0.03101095,0.4148,0.4301,0.41905,0.4201,0.3958,0.44135,0.4293,"{""geodesic"":false,""type"":""Point"",""coordinates"":[36.40773031855167,33.572826944927286]}"
osm_665,معهد غوتيه,school,33.518928027880115,36.27783392846799,OpenStreetMap,unvalidated_public_osm,0.16047834,-0.20013018,0.19095802,0.17281112,0.13473058,-0.04668307,50.0,built_up,0.6138726551226551,0.45,0.72380415,0.7503254500000001,0.01808396000000001,0.5,0.7,0.5628245235,medium,56.3,Medium,00000000000000000298_0,0.1992,0.2458,-0.19095802,0.3688,0.21743333,0.2808,0.2976,0.2668,0.25053334,0.191,"{""geodesic"":false,""type"":""Point"",""coordinates"":[36.27783392846799,33.518928027880115]}"
osm_666,مدرسة عدنان المالكي,school,33.486229351538164,36.29112899467296,OpenStreetMap,unvalidated_public_osm,0.12009729,-0.22432703,0.011948896,0.08820704,0.08417388,0.082194075,50.0,built_up,0.6829521404521403,0.45,0.8247567750000001,0.810817575,0.37610220800000005,0.5,0.7,0.63596292955,medium,63.6,Medium,00000000000000000299_0,0.1214,0.1556,-0.011948896,0.2456,0.18296666,0.2209,0.23955,0.19293334,0.2398,0.2055,"{""geodesic"":false,""type"":""Point"",""coordinates"":[36.29112899467296,33.486229351538164]}"
osm_668,OSM site 668,school,33.54192489915358,36.304603723934754,OpenStreetMap,unvalidated_public_osm,0.12070409,-0.21822323,-0.029224886,0.09865039,0.08841587,0.0927013,50.0,built_up,0.916568783068783,0.45,0.823239775,0.7955580749999999,0.45844977200000003,0.5,0.7,0.64076653595,medium,64.1,Medium,0000000000000000029b_0,0.1422,0.1716,0.029224886,0.2674,0.2249,0.2434,0.2536,0.2098,0.2835,0.2584,"{""geodesic"":false,""type"":""Point"",""coordinates"":[36.304603723934754,33.54192489915358]}"
osm_670,مدرسة بهجت البيطار,school,33.49754812411808,36.29400360358214,OpenStreetMap,unvalidated_public_osm,0.04340423,-0.14758189,-0.15368024,0.03252549,0.031546373,0.18814091,50.0,built_up,0.7131382506382505,0.45,1.0,0.6189547249999999,0.70736048,0.5,0.7,0.674526993,medium,67.5,Medium,0000000000000000029d_0,0.1368,0.18213333,0.15368024,0.2452,0.28535,0.2993,0.29615,0.2248,0.33425,0.3082,"{""geodesic"":false,""type"":""Point"",""coordinates"":[36.29400360358214,33.497548124118076]}"
osm_671,OSM site 671,school,33.47832417703791,36.36389253268664,OpenStreetMap,unvalidated_public_osm,0.15835139,-0.21871433,-0.075057715,0.14209706,0.12476262,0.11825572,50.0,built_up,0.8285592833092831,0.45,0.7291215249999999,0.7967858250000001,0.55011543,0.5,0.7,0.6266490892500001,medium,62.7,Medium,0000000000000000029e_0,0.1568,0.2054,0.075057715,0.3204,0.33855,0.35685,0.36505,0.2328,0.3724,0.3161,"{""geodesic"":false,""type"":""Point"",""coordinates"":[36.36389253268664,33.47832417703791]}"
osm_672,الثقافة قصر مدرسة,school,34.2674043226085,36.3996454809946,OpenStreetMap,unvalidated_public_osm,0.069849685,-0.24123782,-0.08290874,0.055808034,0.060325805,0.18288742,60.0,bare_sparse_vegetation,0.509640091390091,0.85,0.9503757875,0.85309455,0.56581748,0.5,0.7,0.814794604875,high,81.5,High,0000000000000000029f_0,0.1511,0.2219,0.08290874,0.363,0.3453,0.352025,0.35893333,0.3156,0.42863333,0.38665,"{""geodesic"":false,""type"":""Point"",""coordinates"":[36.3996454809946,34.2674043226085]}"
osm_674,مدرسة المختار,school,34.18260335978762,36.416893134449694,OpenStreetMap,unvalidated_public_osm,0.0441508,-0.1016661,-0.07369023,0.048142783,0.03667676,0.101659514,50.0,built_up,0.9587103174603177,0.45,1.0,0.50416525,0.5473804600000001,0.5,0.7,0.635571096,medium,63.6,Medium,000000000000000002a1_0,0.2241,0.2642,0.07369023,0.324,0.32265,0.32835,0.3329,0.2966,0.37555,0.3622,"{""geodesic"":false,""type"":""Point"",""coordinates"":[36.416893134449694,34.18260335978762]}"
osm_675,OSM site 675,school,34.1809863922762,36.4154558299951,OpenStreetMap,unvalidated_public_osm,0.012778046,-0.09072377,-0.05529191,0.016052801,0.012042823,0.103129625,50.0,built_up,0.9124629629629631,0.45,1.0,0.476809425,0.51058382,0.5,0.7,0.626420267,medium,62.6,Medium,000000000000000002a2_0,0.2999,0.3568,0.05529191,0.428,0.3881,0.39535,0.3962,0.4172,0.4781,0.472,"{""geodesic"":false,""type"":""Point"",""coordinates"":[36.4154558299951,34.1809863922762]}"
osm_676,المهنية,school,34.19553909987894,36.40252008990378,OpenStreetMap,unvalidated_public_osm,0.05049758,-0.12559243,-0.14772728,0.045939215,0.03942066,0.16090499,50.0,built_up,0.8164806674806673,0.45,0.99875605,0.5639810749999999,0.6954545599999999,0.5,0.7,0.6620306834999999,medium,66.2,Medium,000000000000000002a3_0,0.1786,0.2214,0.14772728,0.285,0.2929,0.3005,0.3001,0.2576,0.3838,0.3514,"{""geodesic"":false,""type"":""Point"",""coordinates"":[36.40252008990378,34.19553909987894]}"
osm_677,الرسمية الثانوية,school,34.169847282753125,36.42425931977947,OpenStreetMap,unvalidated_public_osm,0.1422302,-0.21674457,-0.094846666,0.11960679,0.10681114,0.1311971,50.0,built_up,0.895325396825397,0.45,0.7694245,0.791861425,0.589693332,0.5,0.7,0.6396977432,medium,64.0,Medium,000000000000000002a4_0,0.1448,0.1843,0.094846666,0.2863,0.29005,0.3112,0.31855,0.215,0.3463,0.30815,"{""geodesic"":false,""type"":""Point"",""coordinates"":[36.42425931977947,34.169847282753125]}"
osm_678,مدرسة المعارف,school,34.18044740310573,36.41797111279064,OpenStreetMap,unvalidated_public_osm,0.0465811,-0.13452742,-0.15353997,0.042696465,0.037187744,0.1693876,50.0,built_up,0.771946849446849,0.45,1.0,0.58631855,0.7070799400000001,0.5,0.7,0.667971704,medium,66.8,Medium,000000000000000002a5_0,0.1831,0.2271,0.15353997,0.2977,0.3283,0.3304,0.3364,0.2712,0.4057,0.38205,"{""geodesic"":false,""type"":""Point"",""coordinates"":[36.41797111279064,34.18044740310573]}"
osm_680,ثانوية منين,school,33.64163789569084,36.3056817022757,OpenStreetMap,unvalidated_public_osm,0.22379307,-0.31499234,-0.17675714,0.14427029,0.14639096,0.2057952,20.0,shrubland,0.3120199985199987,0.5,0.565517325,1.0,0.7535142800000001,0.5,0.7,0.66173075925,medium,66.2,Medium,000000000000000002a7_0,0.085,0.12325,0.17675714,0.2366,0.242,0.26533332,0.2804,0.15006667,0.3382,0.3039,"{""geodesic"":false,""type"":""Point"",""coordinates"":[36.3056817022757,33.64163789569084]}"
osm_684,مدرسة وثانوية البقيعة,school,34.662663047621095,36.33173284551516,OpenStreetMap,unvalidated_public_osm,0.07545408,-0.15162106,-0.1558693,0.05713698,0.052258685,0.17020138,50.0,built_up,0.8496037851037849,0.45,0.9363647999999999,0.62905265,0.7117386,0.5,0.7,0.6610755899999999,medium,66.1,Medium,000000000000000002ab_0,0.1339,0.1699,0.1558693,0.23062856,0.22956666,0.24106666,0.24718,0.19826667,0.3158,0.30534166,"{""geodesic"":false,""type"":""Point"",""coordinates"":[36.33173284551516,34.662663047621095]}"
osm_685,مدرسة الرشيد,school,33.53042646351685,36.29112899467296,OpenStreetMap,unvalidated_public_osm,0.08371017,-0.22880583,-0.12046327,0.063751295,0.06262843,0.17226288,60.0,bare_sparse_vegetation,0.33695621970621975,0.85,0.915724575,0.8220145749999999,0.64092654,0.5,0.7,0.8074267127499999,high,80.7,High,000000000000000002ac_0,0.13386667,0.1692,0.12046327,0.2696,0.253,0.2725,0.2833,0.22795,0.34345,0.3111,"{""geodesic"":false,""type"":""Point"",""coordinates"":[36.29112899467296,33.53042646351685]}"
osm_686,مدرسة العفاف,school,33.53060612657367,36.29059000550249,OpenStreetMap,unvalidated_public_osm,0.09591094,-0.20024598,-0.08179586,0.08130534,0.07432205,0.13356633,50.0,built_up,0.9065833333333332,0.45,0.88522265,0.75061495,0.56359172,0.5,0.7,0.6577878245,medium,65.8,Medium,000000000000000002ad_0,0.1555,0.1951,0.08179586,0.2928,0.2805,0.30603334,0.3122,0.24155,0.34496668,0.302,"{""geodesic"":false,""type"":""Point"",""coordinates"":[36.29059000550249,33.53060612657367]}"
osm_688,ثانوية غرناطة للبنات,school,34.73380961812336,36.70363537314064,OpenStreetMap,unvalidated_public_osm,0.11650252,-0.21073195,-0.08440853,0.083059326,0.0793954,0.1360178,50.0,built_up,0.8587219817219817,0.45,0.8337437,0.7768298749999999,0.56881706,0.5,0.7,0.650683606,medium,65.1,Medium,000000000000000002af_0,0.1168,0.1515,0.08440853,0.2324,0.19795,0.2168,0.2312,0.1839,0.27525,0.25945,"{""geodesic"":false,""type"":""Point"",""coordinates"":[36.70363537314064,34.73380961812336]}"
osm_692,ثانوية السعادة الخاصة,school,33.50958554892527,36.29831551694592,OpenStreetMap,unvalidated_public_osm,0.023001118,-0.09624414,0.028776003,0.026243465,0.020481164,0.060300365,50.0,built_up,0.9695476190476192,0.45,1.0,0.49061035000000003,0.34244799400000003,0.5,0.7,0.6123668694,medium,61.2,Medium,000000000000000002b3_0,0.2552,0.308,-0.028776003,0.3736,0.331275,0.3333,0.3374,0.3568,0.3527,0.3061,"{""geodesic"":false,""type"":""Point"",""coordinates"":[36.29831551694592,33.50958554892527]}"
osm_693,رواد التفوق,school,33.56887435767716,36.39569289374448,OpenStreetMap,unvalidated_public_osm,0.26402187,-0.3452579,0.011731571,0.21262865,0.2003064,0.069466546,50.0,built_up,0.41633862433862423,0.45,0.464945325,1.0,0.37653685800000003,0.5,0.7,0.58389001705,medium,58.4,Medium,000000000000000002b4_0,0.1153,0.1574,-0.011731571,0.3234,0.24125,0.2882,0.30925,0.1883,0.3159,0.27055,"{""geodesic"":false,""type"":""Point"",""coordinates"":[36.395692893744474,33.56887435767716]}"
osm_694,الضاحية العمالية,school,34.678832722735244,36.58865101677335,OpenStreetMap,unvalidated_public_osm,0.10653186,-0.22382282,-0.13132393,0.08471692,0.08103311,0.17212434,50.0,built_up,0.40006012506012517,0.45,0.85867035,0.80955705,0.6626478600000001,0.5,0.7,0.6728437835,medium,67.3,Medium,000000000000000002b5_0,0.1395,0.1805,0.13132393,0.2846,0.2894,0.2996,0.30425,0.2298,0.37065,0.32235,"{""geodesic"":false,""type"":""Point"",""coordinates"":[36.58865101677335,34.678832722735244]}"
osm_695,الضاحية العمالية ح1,school,34.678832722735244,36.58811202760288,OpenStreetMap,unvalidated_public_osm,0.18281138,-0.31020573,-0.017395206,0.14477709,0.14353795,0.10974762,50.0,built_up,0.7692728475228475,0.45,0.66797155,1.0,0.434790412,0.5,0.7,0.6404719286999999,medium,64.0,Medium,000000000000000002b6_0,0.125,0.171,0.017395206,0.3248,0.2725,0.3044,0.3145,0.2244,0.3363,0.2922,"{""geodesic"":false,""type"":""Point"",""coordinates"":[36.588112027602875,34.678832722735244]}"
osm_699,مدرسة أم البنين,school,34.73219265061194,36.700401438117815,OpenStreetMap,unvalidated_public_osm,0.049583305,-0.13010316,-0.0682449,0.041644767,0.03642855,0.11436889,50.0,built_up,0.8811702741702737,0.45,1.0,0.5752579,0.5364898,0.5,0.7,0.64870056,medium,64.9,Medium,000000000000000002ba_0,0.1589,0.1939,0.0682449,0.2519,0.2582,0.26645,0.26775,0.2281,0.2888,0.2492,"{""geodesic"":false,""type"":""Point"",""coordinates"":[36.700401438117815,34.73219265061194]}"
osm_703,رجم عيسى,school,34.62349650123348,36.38563176256233,OpenStreetMap,unvalidated_public_osm,0.09156718,-0.20207253,-0.07725257,0.07589169,0.072107196,0.14137016,50.0,built_up,0.872269841269841,0.45,0.89608205,0.755181325,0.5545051400000001,0.5,0.7,0.6605072915,medium,66.1,Medium,000000000000000002be_0,0.1521,0.2002,0.07725257,0.3016,0.2647,0.27865,0.276,0.251,0.3521,0.319,"{""geodesic"":false,""type"":""Point"",""coordinates"":[36.38563176256233,34.62349650123348]}"
osm_704,مدرسة رجح خلف,school,34.622777849006184,36.388326708414695,OpenStreetMap,unvalidated_public_osm,0.07215782,-0.1480452,-0.071134105,0.06813059,0.05802951,0.11644722,50.0,built_up,0.9644761904761905,0.45,0.9446054500000001,0.6201129999999999,0.54226821,0.5,0.7,0.6444007835,medium,64.4,Medium,000000000000000002bf_0,0.1851,0.2299,0.071134105,0.3098,0.2871,0.30995,0.31735,0.2681,0.35725,0.31895,"{""geodesic"":false,""type"":""Point"",""coordinates"":[36.388326708414695,34.622777849006184]}"
osm_705,ثانوية وادي خالد الرسمية,school,34.62116088149477,36.38940468675563,OpenStreetMap,unvalidated_public_osm,0.22528833,-0.36436597,-0.10141206,0.15808338,0.16649759,0.17226021,20.0,shrubland,0.5364139127622571,0.5,0.561779175,1.0,0.60282412,0.5,0.7,0.64572720575,medium,64.6,Medium,000000000000000002c0_0,0.0928,0.1386,0.10141206,0.2975,0.22465,0.2572,0.2811,0.1881,0.36465,0.2804,"{""geodesic"":false,""type"":""Point"",""coordinates"":[36.38940468675563,34.62116088149477]}"
osm_706,alghassanie,school,34.72572478056628,36.70363537314064,OpenStreetMap,unvalidated_public_osm,0.08281996,-0.1352709,-0.044685982,0.08733937,0.06694944,0.08136668,50.0,built_up,0.9619404761904762,0.45,0.9179501000000001,0.58817725,0.48937196400000005,0.5,0.7,0.6260601714,medium,62.6,Medium,000000000000000002c1_0,0.2052,0.241,0.044685982,0.3164,0.3073,0.2989,0.3052,0.268,0.346,0.3429,"{""geodesic"":false,""type"":""Point"",""coordinates"":[36.70363537314064,34.72572478056628]}"
osm_708,معهد التاج,school,34.71350769270226,36.71764909157291,OpenStreetMap,unvalidated_public_osm,0.078820355,-0.16435184,-0.11540997,0.05408387,0.05051545,0.14520252,50.0,built_up,0.8161474266474267,0.45,0.9279491125,0.6608796,0.6308199400000001,0.5,0.7,0.657245192125,medium,65.7,Medium,000000000000000002c3_0,0.1164,0.1444,0.11540997,0.2012,0.1924,0.2044,0.2078,0.1718,0.2537,0.2451,"{""geodesic"":false,""type"":""Point"",""coordinates"":[36.71764909157291,34.71350769270226]}"
osm_711,مدرسة روضة الشرق,school,33.523958593471185,36.274599993445165,OpenStreetMap,unvalidated_public_osm,0.037381206,-0.08432672,-0.04971946,0.03468548,0.02727273,0.08157296,50.0,built_up,0.7903981481481481,0.45,1.0,0.46081679999999997,0.49943892,0.5,0.7,0.622107252,medium,62.2,Medium,000000000000000002c6_0,0.1783,0.2074,0.04971946,0.2456,0.214,0.22146666,0.2199,0.2279,0.2713,0.2499,"{""geodesic"":false,""type"":""Point"",""coordinates"":[36.274599993445165,33.523958593471185]}"
osm_712,ثانوية معربا,school,33.57624054300694,36.29562057109356,OpenStreetMap,unvalidated_public_osm,0.058225695,-0.15214387,-0.07521509,0.05560947,0.048684046,0.12829256,50.0,built_up,0.9222628667628667,0.45,0.9794357625,0.6303596749999999,0.55043018,0.5,0.7,0.655973893625,medium,65.6,Medium,000000000000000002c7_0,0.1952,0.2452,0.07521509,0.3332,0.338,0.3402,0.3447,0.29653335,0.3874,0.3583,"{""geodesic"":false,""type"":""Point"",""coordinates"":[36.29562057109356,33.57624054300694]}"
osm_713,مدرسة زين العابدين,school,33.529707811289555,36.283583146286354,OpenStreetMap,unvalidated_public_osm,0.07459972,-0.18084575,-0.1133796,0.06048626,0.05859376,0.16777582,50.0,built_up,0.630261701261701,0.45,0.9385007000000001,0.702114375,0.6267592,0.5,0.7,0.66772397,medium,66.8,Medium,000000000000000002c8_0,0.1502,0.20485,0.1133796,0.2953,0.2743,0.28936666,0.296,0.2543,0.370825,0.31495,"{""geodesic"":false,""type"":""Point"",""coordinates"":[36.283583146286354,33.529707811289555]}"
osm_716,مدرسة البحتري,school,34.71207038824767,36.7228593202208,OpenStreetMap,unvalidated_public_osm,0.07464343,-0.16964015,-0.16095446,0.0513075,0.046864085,0.1649374,50.0,built_up,0.8286540404040404,0.45,0.938391425,0.6741003749999999,0.72190892,0.5,0.7,0.6716088232499998,medium,67.2,Medium,000000000000000002cb_0,0.1178,0.1373,0.16095446,0.1934,0.2034,0.2207,0.2261,0.16653334,0.2676,0.257,"{""geodesic"":false,""type"":""Point"",""coordinates"":[36.7228593202208,34.71207038824767]}"
osm_719,ثانوية التل للبنين,school,33.60139337096229,36.31089193092359,OpenStreetMap,unvalidated_public_osm,0.02510517,-0.11465249,0.031491634,0.03299094,0.02495728,0.0635738,50.0,built_up,0.7923187830687828,0.45,1.0,0.5366312249999999,0.33701673200000004,0.5,0.7,0.6210279182,medium,62.1,Medium,000000000000000002ce_0,0.3344,0.4,-0.031491634,0.5036,0.4689,0.4572,0.4513,0.47893333,0.47285,0.449,"{""geodesic"":false,""type"":""Point"",""coordinates"":[36.31089193092359,33.60139337096229]}"
osm_724,مركز حُمص التعليمي,school,34.72482646528216,36.698245481435926,OpenStreetMap,unvalidated_public_osm,0.11298209,-0.19649632,-0.10239844,0.07648747,0.071872845,0.13708296,50.0,built_up,0.8994510582010584,0.45,0.842544775,0.7412408,0.60479688,0.5,0.7,0.64936404175,medium,64.9,Medium,000000000000000002d3_0,0.11,0.1376,0.10239844,0.2049,0.18125,0.2042,0.21605,0.1633,0.25165,0.2145,"{""geodesic"":false,""type"":""Point"",""coordinates"":[36.698245481435926,34.72482646528216]}"
osm_726,مدرسة عبد الحميد الزهراوي,school,34.74081647733949,36.7198050482548,OpenStreetMap,unvalidated_public_osm,0.034267914,-0.118315786,-0.15130214,0.03006286,0.026045777,0.16320872,50.0,built_up,0.7970026455026452,0.45,1.0,0.545789465,0.7026042800000001,0.5,0.7,0.659418321,medium,65.9,Medium,000000000000000002d5_0,0.172,0.2094,0.15130214,0.2656,0.288,0.2888,0.2957,0.248,0.3603,0.3477,"{""geodesic"":false,""type"":""Point"",""coordinates"":[36.7198050482548,34.74081647733949]}"
osm_727,مدرسة سعد عاقل,school,34.702548246236,36.72842887498234,OpenStreetMap,unvalidated_public_osm,0.055749137,-0.149033,-0.09821426,0.05235603,0.044692744,0.13294387,50.0,built_up,0.8344232804232803,0.45,0.9856271575,0.6225824999999999,0.59642852,0.5,0.7,0.6605661413749999,medium,66.1,Medium,000000000000000002d6_0,0.1868,0.2244,0.09821426,0.303,0.318775,0.32655,0.32905,0.271,0.369,0.3493,"{""geodesic"":false,""type"":""Point"",""coordinates"":[36.72842887498234,34.702548246236]}"
osm_735,ياسين فرجاني,school,34.72302983471393,36.70758796039077,OpenStreetMap,unvalidated_public_osm,0.17048794,-0.24282148,-0.07363032,0.11031229,0.10354677,0.11257386,50.0,built_up,0.6532928090428091,0.45,0.6987801499999999,0.8570537,0.54726064,0.5,0.7,0.6308318414999999,medium,63.1,Medium,000000000000000002de_0,0.0975,0.1213,0.07363032,0.1991,0.16175,0.1962,0.2056,0.1411,0.23075,0.19235,"{""geodesic"":false,""type"":""Point"",""coordinates"":[36.70758796039077,34.72302983471393]}"
osm_741,مدرسة يوحنا الدمشقي,school,33.51713139731188,36.317719127082896,OpenStreetMap,unvalidated_public_osm,0.10480348,-0.20996964,-0.09146785,0.08070773,0.07669616,0.14416032,50.0,built_up,0.8043373015873018,0.45,0.8629913,0.7749241000000001,0.5829357000000001,0.5,0.7,0.659026215,medium,65.9,Medium,000000000000000002e4_0,0.1328,0.1718,0.09146785,0.26312,0.25695,0.2723,0.2752,0.2132,0.3161,0.2743,"{""geodesic"":false,""type"":""Point"",""coordinates"":[36.317719127082896,33.51713139731188]}"
osm_742,مدرسة الشويفات الدولية,school,34.667154624041686,36.70650998204983,OpenStreetMap,unvalidated_public_osm,0.08548412,-0.19749834,-0.016756758,0.07548214,0.07344271,0.118721835,50.0,built_up,0.8283559403559405,0.45,0.9112897,0.7437458499999999,0.43351351600000004,0.5,0.7,0.6499229465999999,medium,65.0,Medium,000000000000000002e5_0,0.174,0.2438,0.016756758,0.3638,0.29315,0.31435,0.326,0.3065,0.3762,0.30945,"{""geodesic"":false,""type"":""Point"",""coordinates"":[36.70650998204983,34.667154624041686]}"
osm_745,مدرسة قرطبة,school,34.74333176013503,36.680818164924005,OpenStreetMap,unvalidated_public_osm,0.0015659053,-0.049040485,-0.109935984,0.001792927,0.0013173904,0.11906432,50.0,built_up,0.9077699615199614,0.45,1.0,0.3726012125,0.619871968,0.5,0.7,0.6165074393,medium,61.7,Medium,000000000000000002e8_0,0.2451,0.2899,0.109935984,0.3198,0.39355,0.3855,0.3829,0.3188,0.3988,0.3815,"{""geodesic"":false,""type"":""Point"",""coordinates"":[36.680818164924005,34.74333176013503]}"
osm_746,المدرسة الخيرية النموذجية,school,34.73884018371443,36.669140066230455,OpenStreetMap,unvalidated_public_osm,-0.011513606,-0.033470344,-0.07117885,-0.014820688,-0.010146828,0.09282173,50.0,built_up,0.9615476190476189,0.45,1.0,0.33367586000000005,0.5423577,0.5,0.7,0.600970942,medium,60.1,Medium,000000000000000002e9_0,0.284,0.3292,0.07117885,0.352,0.394,0.38675,0.37995,0.3602,0.40595,0.38915,"{""geodesic"":false,""type"":""Point"",""coordinates"":[36.669140066230455,34.73884018371443]}"
osm_748,مدرسة جميل سرحان,school,34.70164993095188,36.72609325524363,OpenStreetMap,unvalidated_public_osm,0.02226049,-0.086286336,-0.0012628039,0.025992721,0.0194349,0.06651709,50.0,built_up,0.9834444444444446,0.45,1.0,0.46571584,0.4025256078,0.5,0.7,0.61339572878,medium,61.3,Medium,000000000000000002eb_0,0.25433335,0.29936,0.0012628039,0.3559,0.34175,0.3405,0.34345,0.3404,0.3568,0.35395,"{""geodesic"":false,""type"":""Point"",""coordinates"":[36.72609325524363,34.70164993095188]}"
osm_749,مدرسة الشهيد ابراهيم الزريبي,school,34.71584331244097,36.72411696161857,OpenStreetMap,unvalidated_public_osm,0.09076368,-0.16151008,-0.0023770472,0.077003956,0.06808637,0.07919089,50.0,built_up,0.8889178691678689,0.45,0.8980908,0.6537751999999999,0.40475409440000004,0.5,0.7,0.6257531494399999,medium,62.6,Medium,000000000000000002ec_0,0.1551,0.19693333,0.0023770472,0.2728,0.1885,0.2087,0.2209,0.2274,0.2741,0.2486,"{""geodesic"":false,""type"":""Point"",""coordinates"":[36.72411696161857,34.71584331244097]}"
osm_750,ثانوية رفيق رزق سلوم,school,34.71817893217968,36.71243886292502,OpenStreetMap,unvalidated_public_osm,0.102920756,-0.17307693,0.015608755,0.10522952,0.08258931,0.04990018,50.0,built_up,0.96780291005291,0.45,0.86769811,0.682692325,0.36878249,0.5,0.7,0.6203412415,medium,62.0,Medium,000000000000000002ed_0,0.1945,0.2236,-0.015608755,0.3172,0.2786,0.2935,0.30075,0.258,0.30745,0.27995,"{""geodesic"":false,""type"":""Point"",""coordinates"":[36.71243886292502,34.718178932179676]}"
osm_751,مدرسة أحمد عارف سلمان,school,34.71045342073625,36.720883026595736,OpenStreetMap,unvalidated_public_osm,0.021662498,-0.09208404,0.059976503,0.026576057,0.019938203,0.041849423,50.0,built_up,0.9661309523809523,0.45,1.0,0.48021010000000003,0.280046994,0.5,0.7,0.6040467194,medium,60.4,Medium,000000000000000002ee_0,0.2824,0.3372,-0.059976503,0.4056,0.3163,0.3138,0.3144,0.3884,0.3597,0.3381,"{""geodesic"":false,""type"":""Point"",""coordinates"":[36.720883026595736,34.71045342073625]}"
osm_752,مدرسة الشهيد أحمد الأحمد,school,34.72087387803204,36.71136088458408,OpenStreetMap,unvalidated_public_osm,0.12374582,-0.2034384,-0.14904395,0.07156673,0.06946183,0.16554026,50.0,built_up,0.45559595959595955,0.45,0.8156354499999999,0.7585959999999999,0.6980879,0.5,0.7,0.6554368525,medium,65.5,Medium,000000000000000002ef_0,0.0882,0.1112,0.14904395,0.168,0.17905,0.18415,0.19035,0.131,0.22685,0.20685,"{""geodesic"":false,""type"":""Point"",""coordinates"":[36.711360884584074,34.72087387803204]}"
osm_753,مدرسة حافظ محمد,school,34.711711062134015,36.71405583043643,OpenStreetMap,unvalidated_public_osm,0.10603479,-0.2037106,-0.06418577,0.09350011,0.08586418,0.12686366,50.0,built_up,0.9062962962962962,0.45,0.859913025,0.7592764999999999,0.52837154,0.5,0.7,0.64967071025,medium,65.0,Medium,000000000000000002f0_0,0.1646,0.2146,0.06418577,0.3244,0.3316,0.3576,0.3727,0.2622,0.3689,0.3345,"{""geodesic"":false,""type"":""Point"",""coordinates"":[36.71405583043643,34.711711062134015]}"
osm_754,مدرسة عكرمة المخزومي,school,34.71117207296355,36.71441515655008,OpenStreetMap,unvalidated_public_osm,0.070941366,-0.13768117,0.016510235,0.06720955,0.057437435,0.070009254,50.0,built_up,0.9729850427350427,0.45,0.947646585,0.5942029249999999,0.36697953,0.5,0.7,0.62245018425,medium,62.2,Medium,000000000000000002f1_0,0.1868,0.238,-0.016510235,0.314,0.2577,0.2837,0.2962,0.2724,0.3038,0.2689,"{""geodesic"":false,""type"":""Point"",""coordinates"":[36.71441515655008,34.71117207296355]}"
osm_755,مدرسة فدوى طوقان,school,34.71997556274792,36.716391450175145,OpenStreetMap,unvalidated_public_osm,0.030804347,-0.093825676,-0.016197057,0.03531837,0.026973037,0.07719031,50.0,built_up,0.9822777777777776,0.45,1.0,0.48456419,0.43239411400000005,0.5,0.7,0.6201522494,medium,62.0,Medium,000000000000000002f2_0,0.2495,0.2994,0.016197057,0.3614,0.3526,0.3608,0.3689,0.3398,0.3733,0.34295,"{""geodesic"":false,""type"":""Point"",""coordinates"":[36.716391450175145,34.71997556274792]}"
osm_756,مدرسة الشهيد عبد الفتاح النشيواتي,school,34.713867018815904,36.7242966246754,OpenStreetMap,unvalidated_public_osm,0.105592616,-0.19511923,-0.14171913,0.08680614,0.078171685,0.16222078,50.0,built_up,0.6180770803270805,0.45,0.86101846,0.7377980749999999,0.68343826,0.5,0.7,0.661158056,medium,66.1,Medium,000000000000000002f3_0,0.146,0.1814,0.14171913,0.26935,0.3156,0.33255,0.338625,0.2179,0.3583,0.32765,"{""geodesic"":false,""type"":""Point"",""coordinates"":[36.7242966246754,34.713867018815904]}"
osm_757,مدرسة الشهيد أسامة الوسوف (الطليعة),school,34.71332802964543,36.7242966246754,OpenStreetMap,unvalidated_public_osm,0.045077663,-0.12422964,-0.09503914,0.03561773,0.031734254,0.13033128,50.0,built_up,0.839809163059163,0.45,1.0,0.5605741,0.59007828,0.5,0.7,0.651122648,medium,65.1,Medium,000000000000000002f4_0,0.1465,0.18,0.09503914,0.23106667,0.21395834,0.213375,0.2165,0.21113333,0.2796,0.26986668,"{""geodesic"":false,""type"":""Point"",""coordinates"":[36.7242966246754,34.71332802964543]}"
osm_758,ثانوية الشهيد لؤي النقري للبنات,school,34.711711062134015,36.71836774380021,OpenStreetMap,unvalidated_public_osm,0.032188825,-0.15416914,-0.018116869,0.030950157,0.02890172,0.11784611,50.0,built_up,0.874054353054353,0.45,1.0,0.63542285,0.43623373800000004,0.5,0.7,0.6507079438000001,medium,65.1,Medium,000000000000000002f5_0,0.2148,0.282,0.018116869,0.3848,0.3765,0.3729,0.3744,0.3608,0.399,0.4009,"{""geodesic"":false,""type"":""Point"",""coordinates"":[36.71836774380021,34.711711062134015]}"
osm_759,مدرسة خالد بن الوليد,school,34.72518579139581,36.7108218954136,OpenStreetMap,unvalidated_public_osm,0.057573684,-0.13622978,0.06303822,0.05408538,0.04651163,0.048897423,50.0,built_up,0.8551334776334775,0.45,0.9810657899999999,0.59057445,0.27392356,0.5,0.7,0.6207736935,medium,62.1,Medium,000000000000000002f6_0,0.1874,0.2346,-0.06303822,0.3086,0.2274,0.2739,0.2912,0.275,0.272,0.2277,"{""geodesic"":false,""type"":""Point"",""coordinates"":[36.7108218954136,34.72518579139581]}"
osm_760,مدرسة السيدة رقية,school,34.731114672271,36.73453741891436,OpenStreetMap,unvalidated_public_osm,0.02710904,-0.07960548,-0.13863273,0.026520805,0.02087594,0.13770126,50.0,built_up,0.882792328042328,0.45,1.0,0.4490137,0.6772654600000001,0.5,0.7,0.637529286,medium,63.8,Medium,000000000000000002f7_0,0.195,0.23095,0.13863273,0.2709,0.2879,0.2869,0.2926,0.2566,0.3581,0.3532,"{""geodesic"":false,""type"":""Point"",""coordinates"":[36.73453741891436,34.731114672271]}"
osm_761,مدرسة سناء محيدلي,school,34.73201298755512,36.73453741891436,OpenStreetMap,unvalidated_public_osm,0.06581934,-0.14957158,-0.14139447,0.051795885,0.046247076,0.15689744,50.0,built_up,0.8857367724867722,0.45,0.96045165,0.62392895,0.68278894,0.5,0.7,0.6631775965,medium,66.3,Medium,000000000000000002f8_0,0.14265,0.1737,0.14139447,0.2348,0.255825,0.26475,0.268975,0.2058,0.31213334,0.296675,"{""geodesic"":false,""type"":""Point"",""coordinates"":[36.73453741891436,34.732012987555116]}"
osm_762,مدرسة حسين جراد ح١,school,34.703626224576944,36.705432003708886,OpenStreetMap,unvalidated_public_osm,0.038820636,-0.10161544,0.023728818,0.04626647,0.03607306,0.06473663,50.0,built_up,0.9595198412698412,0.45,1.0,0.5040386,0.35254236400000005,0.5,0.7,0.6160619563999999,medium,61.6,Medium,000000000000000002f9_0,0.275,0.3448,-0.023728818,0.4228,0.3483,0.3569,0.3571,0.3912,0.4032,0.3798,"{""geodesic"":false,""type"":""Point"",""coordinates"":[36.705432003708886,34.703626224576944]}"
osm_763,ثانوية عبدالوهاب الأسعد,school,34.704165213747416,36.72196100493668,OpenStreetMap,unvalidated_public_osm,0.103807636,-0.21108182,-0.015901351,0.083764575,0.077777795,0.09685777,50.0,built_up,0.9463664021164021,0.45,0.86548091,0.7777045499999999,0.43180270200000004,0.5,0.7,0.6450914077000001,medium,64.5,Medium,000000000000000002fa_0,0.1428,0.1794,0.015901351,0.2754,0.21056667,0.24265,0.2515,0.2236,0.2843,0.25525,"{""geodesic"":false,""type"":""Point"",""coordinates"":[36.72196100493668,34.704165213747416]}"
osm_764,مدرسة الشهيد احمد صالح عيسى,school,34.70452453986106,36.72178134187986,OpenStreetMap,unvalidated_public_osm,0.05775434,-0.1490446,-0.058270786,0.05736084,0.049991556,0.12060125,50.0,built_up,0.9423703703703702,0.45,0.98061415,0.6226115,0.5165415720000001,0.5,0.7,0.6513299947,medium,65.1,Medium,000000000000000002fb_0,0.2096,0.2672,0.058270786,0.3608,0.3467,0.358125,0.36835,0.3214,0.40545,0.3704,"{""geodesic"":false,""type"":""Point"",""coordinates"":[36.72178134187986,34.70452453986106]}"
osm_765,OSM site 765,school,34.704344876804235,36.72124235270939,OpenStreetMap,unvalidated_public_osm,0.036902037,-0.104854375,-0.033983197,0.035364985,0.02896304,0.08847922,50.0,built_up,0.901164021164021,0.45,1.0,0.5121359375,0.467966394,0.5,0.7,0.6292238269,medium,62.9,Medium,000000000000000002fc_0,0.1918,0.2305,0.033983197,0.2845,0.2376,0.251975,0.261,0.26425,0.30451667,0.2917625,"{""geodesic"":false,""type"":""Point"",""coordinates"":[36.72124235270939,34.704344876804235]}"
osm_766,OSM site 766,school,34.73362995506653,36.74100528896002,OpenStreetMap,unvalidated_public_osm,0.04223218,-0.13005154,-0.12473963,0.034380265,0.031153655,0.15526141,50.0,built_up,0.8382949735449734,0.45,1.0,0.5751288499999999,0.64947926,0.5,0.7,0.659973696,medium,66.0,Medium,000000000000000002fd_0,0.1542,0.1941,0.12473963,0.25213334,0.2745,0.2722,0.2794,0.2317,0.324,0.3144,"{""geodesic"":false,""type"":""Point"",""coordinates"":[36.74100528896002,34.73362995506653]}"
osm_767,OSM site 767,school,34.73398928118018,36.74100528896002,OpenStreetMap,unvalidated_public_osm,0.057411816,-0.12987731,-0.12355313,0.049176842,0.042329792,0.1422108,50.0,built_up,0.9299933862433861,0.45,0.9814704599999999,0.574693275,0.64710626,0.5,0.7,0.655016896,medium,65.5,Medium,000000000000000002fe_0,0.16155,0.1968,0.12355313,0.25555,0.26691666,0.27176666,0.27785,0.2278,0.3276,0.303,"{""geodesic"":false,""type"":""Point"",""coordinates"":[36.74100528896002,34.73398928118018]}"
osm_768,OSM site 768,school,34.73345029200971,36.744059560926026,OpenStreetMap,unvalidated_public_osm,0.024005486,-0.12213451,-0.08376803,0.023400413,0.019387,0.121110916,50.0,built_up,0.9401256613756614,0.45,1.0,0.5553362749999999,0.56753606,0.5,0.7,0.6478208609999999,medium,64.8,Medium,000000000000000002ff_0,0.2014,0.2336,0.08376803,0.2986,0.3263,0.3249,0.32935,0.2846,0.3532,0.3443,"{""geodesic"":false,""type"":""Point"",""coordinates"":[36.744059560926026,34.73345029200971]}"
osm_769,مدرسة الشهيد محسن عباس,school,34.72806040030499,36.7393883214486,OpenStreetMap,unvalidated_public_osm,0.05075688,-0.13580677,-0.045026504,0.0506986,0.04207487,0.100827865,50.0,built_up,0.977857142857143,0.45,0.9981078,0.589516925,0.490053008,0.5,0.7,0.6464356358,medium,64.6,Medium,00000000000000000300_0,0.205,0.2469,0.045026504,0.3245,0.32005,0.3282,0.34005,0.29315,0.3551,0.3251,"{""geodesic"":false,""type"":""Point"",""coordinates"":[36.7393883214486,34.72806040030499]}"
osm_770,ثانوية الشماس المحدثة,school,34.70039228955411,36.70309638397017,OpenStreetMap,unvalidated_public_osm,0.003601457,-0.06700701,-0.043751802,0.004203466,0.0030864337,0.0851627,50.0,built_up,0.9915238095238095,0.45,1.0,0.417517525,0.48750360400000003,0.5,0.7,0.6122538654,medium,61.2,Medium,00000000000000000301_0,0.2532,0.2924,0.043751802,0.3344,0.3177,0.3314,0.3381,0.332,0.365,0.3422,"{""geodesic"":false,""type"":""Point"",""coordinates"":[36.70309638397017,34.70039228955411]}"
osm_771,مدرسة بدر حرفوش,school,34.69392441950845,36.701838742572406,OpenStreetMap,unvalidated_public_osm,0.1408326,-0.17948721,-0.25955734,0.06637169,0.06572059,0.2316384,50.0,built_up,0.5042920875420875,0.45,0.7729185,0.6987180249999999,0.9191146800000001,0.5,0.7,0.6548846979999999,medium,65.5,Medium,00000000000000000302_0,0.0684,0.0896,0.25955734,0.1288,0.1376,0.1454,0.1467,0.097,0.2191,0.1913,"{""geodesic"":false,""type"":""Point"",""coordinates"":[36.701838742572406,34.69392441950845]}"
osm_772,OSM site 772,school,34.70380588763376,36.72106268965256,OpenStreetMap,unvalidated_public_osm,0.20452069,-0.26024273,-0.10786401,0.16754922,0.15405488,0.14342254,50.0,built_up,0.6107547822547822,0.45,0.613698275,0.9006068249999999,0.61572802,0.5,0.7,0.62511873575,medium,62.5,Medium,00000000000000000303_0,0.1291,0.1783,0.10786401,0.30375,0.35455,0.3693,0.372025,0.2006,0.3772,0.34965,"{""geodesic"":false,""type"":""Point"",""coordinates"":[36.72106268965256,34.70380588763376]}"
osm_773,مدرسة رشاد رشيد للبنات,school,34.704344876804235,36.72070336353892,OpenStreetMap,unvalidated_public_osm,0.028394815,-0.086974286,-0.123693496,0.025664296,0.021666495,0.14212781,50.0,built_up,0.8743042328042328,0.45,1.0,0.467435715,0.647386992,0.5,0.7,0.6382258422,medium,63.8,Medium,00000000000000000304_0,0.1791,0.2236,0.123693496,0.2662,0.2944,0.30125,0.3072,0.2515,0.34135,0.3371,"{""geodesic"":false,""type"":""Point"",""coordinates"":[36.72070336353892,34.704344876804235]}"
osm_774,ثانوية باسل الأسد للمتفوقين الثانية,school,34.72051455191839,36.73004584249376,OpenStreetMap,unvalidated_public_osm,0.018778613,-0.07100201,-0.090864256,0.02029748,0.015744915,0.11654217,50.0,built_up,0.900914021164021,0.45,1.0,0.427505025,0.581728512,0.5,0.7,0.6236738562,medium,62.4,Medium,00000000000000000305_0,0.22966667,0.28,0.090864256,0.3228,0.345525,0.3416,0.34325,0.3109,0.387325,0.37474,"{""geodesic"":false,""type"":""Point"",""coordinates"":[36.73004584249376,34.72051455191839]}"
osm_775,مدرسة المتعارض,school,34.79848831857996,36.442225625461866,OpenStreetMap,unvalidated_public_osm,0.18666667,-0.28659198,0.031136844,0.16203704,0.15272728,0.071197115,50.0,built_up,0.5669193121693121,0.45,0.6583333250000001,0.9664799500000001,0.33772631200000003,0.5,0.7,0.62165195245,medium,62.2,Medium,00000000000000000306_0,0.1456,0.1974,-0.031136844,0.356,0.265,0.2971,0.3145,0.244,0.3345,0.2683,"{""geodesic"":false,""type"":""Point"",""coordinates"":[36.442225625461866,34.79848831857996]}"
osm_776,روضة طلائع البعث,school,34.71566364938414,36.71800841768656,OpenStreetMap,unvalidated_public_osm,0.036286954,-0.10730389,0.032453362,0.03647781,0.02951948,0.055228252,50.0,built_up,0.8506415343915346,0.45,1.0,0.518259725,0.33509327600000005,0.5,0.7,0.6171612726,medium,61.7,Medium,00000000000000000307_0,0.2062,0.2475,-0.032453362,0.307,0.244,0.24545,0.25225,0.2855,0.2877,0.27465,"{""geodesic"":false,""type"":""Point"",""coordinates"":[36.718008417686555,34.71566364938414]}"
osm_779,مدرسة تقي الدين الدمشقي,school,33.55683693286996,36.32185137738985,OpenStreetMap,unvalidated_public_osm,0.055303033,-0.12588404,-0.12582363,0.049009737,0.042607006,0.14949915,50.0,built_up,0.8307195767195765,0.45,0.9867424175,0.5647101,0.6516472600000001,0.5,0.7,0.6547923503749999,medium,65.5,Medium,0000000000000000030a_0,0.1714,0.2163,0.12582363,0.2786,0.2947,0.2909,0.3081,0.2494,0.3588,0.3126,"{""geodesic"":false,""type"":""Point"",""coordinates"":[36.32185137738985,33.55683693286996]}"
osm_781,Ecole secondaire de Ras-Baalbeck,school,34.259678811165074,36.40826930772214,OpenStreetMap,unvalidated_public_osm,0.17608246,-0.35520285,-0.112804525,0.12061864,0.13073014,0.19058731,30.0,grassland,0.39523809523809544,0.4,0.68479385,1.0,0.62560905,0.5,0.7,0.6487593675000001,medium,64.9,Medium,0000000000000000030c_0,0.0948,0.1371,0.112804525,0.28815,0.24806666,0.2733,0.28326666,0.20186667,0.361425,0.309375,"{""geodesic"":false,""type"":""Point"",""coordinates"":[36.40826930772214,34.259678811165074]}"
osm_782,Ecole élémentaire de Ras-Baalbeck,school,34.26003813727872,36.40773031855167,OpenStreetMap,unvalidated_public_osm,0.09892448,-0.21526599,-0.1770225,0.06853129,0.06800824,0.20414388,60.0,bare_sparse_vegetation,0.40501022126022146,0.85,0.8776888,0.7881649749999999,0.7540450000000001,0.5,0.7,0.8024596949999999,high,80.2,High,0000000000000000030d_0,0.11325,0.1501,0.1770225,0.23245,0.2467,0.25565,0.25845,0.1906,0.33245,0.2971625,"{""geodesic"":false,""type"":""Point"",""coordinates"":[36.40773031855167,34.26003813727872]}"
osm_786,مدرسة احمد حسن عفا,school,33.59654246842804,36.30981395258264,OpenStreetMap,unvalidated_public_osm,0.09970732,-0.17588149,-0.07439646,0.086904764,0.0757037,0.11664221,50.0,built_up,0.9741190476190478,0.45,0.8757317,0.689703725,0.54879292,0.5,0.7,0.641752962,medium,64.2,Medium,00000000000000000311_0,0.15946667,0.1975,0.07439646,0.2818,0.2606,0.2772,0.2878,0.2307,0.3271,0.302275,"{""geodesic"":false,""type"":""Point"",""coordinates"":[36.309813952582644,33.59654246842804]}"
osm_787,مدرسة المتفوقين,school,33.57408458632506,36.413299873313214,OpenStreetMap,unvalidated_public_osm,0.021721648,-0.089816965,0.045626078,0.02522501,0.019505545,0.051385142,50.0,built_up,0.9718452380952379,0.45,1.0,0.4745424125,0.308747844,0.5,0.7,0.6057832669,medium,60.6,Medium,00000000000000000312_0,0.2619,0.3182,-0.045626078,0.381,0.3206,0.3227,0.329,0.3648,0.34775,0.32945,"{""geodesic"":false,""type"":""Point"",""coordinates"":[36.413299873313214,33.57408458632506]}"
osm_788,مدرسة همام فلوح,school,33.480300470662975,36.352573760106736,OpenStreetMap,unvalidated_public_osm,0.03442484,-0.14818268,-0.14041515,0.027037712,0.025194583,0.17081888,50.0,built_up,0.8099100529100527,0.45,1.0,0.6204567,0.6808303,0.5,0.7,0.67217437,medium,67.2,Medium,00000000000000000313_0,0.148,0.1828,0.14041515,0.2464,0.2663,0.2704,0.27495,0.23,0.3269,0.3111,"{""geodesic"":false,""type"":""Point"",""coordinates"":[36.352573760106736,33.480300470662975]}"
osm_789,اكادمية مالڤا للتجميل,school,33.51910769093694,36.29454259275261,OpenStreetMap,unvalidated_public_osm,0.12931994,-0.21027479,-0.12540467,0.08530665,0.08104331,0.15245333,50.0,built_up,0.5100399230399228,0.45,0.8017001500000001,0.7756869750000001,0.65080934,0.5,0.7,0.6506433665,medium,65.1,Medium,00000000000000000314_0,0.104,0.1322,0.12540467,0.2026,0.18973333,0.20595,0.2119,0.1562,0.2607,0.2322,"{""geodesic"":false,""type"":""Point"",""coordinates"":[36.29454259275261,33.51910769093694]}"
osm_793,مدرسة حميدة الطاهر,school,34.71710095383874,36.69447255724263,OpenStreetMap,unvalidated_public_osm,0.016859863,-0.079418354,0.04001079,0.020082226,0.0152477855,0.05236582,50.0,built_up,0.9649841269841268,0.45,1.0,0.448545885,0.31997842000000004,0.5,0.7,0.601707019,medium,60.2,Medium,00000000000000000318_0,0.2709,0.3292,-0.04001079,0.386,0.3139,0.31305,0.3216,0.3732,0.3563,0.32455,"{""geodesic"":false,""type"":""Point"",""coordinates"":[36.69447255724263,34.71710095383874]}"
osm_794,مدرسة الاتحاد النسائي,school,34.71979589969109,36.70147941645876,OpenStreetMap,unvalidated_public_osm,0.045946434,-0.13515596,-0.031457886,0.04315373,0.036523465,0.09419439,50.0,built_up,0.9373955026455024,0.45,1.0,0.5878899,0.462915772,0.5,0.7,0.6438695571999999,medium,64.4,Medium,00000000000000000319_0,0.1877,0.2246,0.031457886,0.2948,0.28745,0.29,0.2955,0.2689,0.31395,0.2773,"{""geodesic"":false,""type"":""Point"",""coordinates"":[36.70147941645876,34.71979589969109]}"
osm_797,مدرسة ابن خلدون,school,34.73255197672559,36.70273705785653,OpenStreetMap,unvalidated_public_osm,0.07039628,-0.1540588,-0.08734971,0.054277506,0.048762117,0.1253346,50.0,built_up,0.8649007936507934,0.45,0.9490093,0.635147,0.57469942,0.5,0.7,0.651751667,medium,65.2,Medium,0000000000000000031c_0,0.138,0.1683,0.08734971,0.2296,0.2097,0.2185,0.22415,0.1994,0.27355,0.2472,"{""geodesic"":false,""type"":""Point"",""coordinates"":[36.702737057856524,34.73255197672559]}"
osm_799,معهد  الحضارة,school,33.521802636789296,36.2898713532752,OpenStreetMap,unvalidated_public_osm,0.18481353,-0.2441166,-0.1485577,0.10831635,0.1037299,0.1595018,30.0,grassland,0.2845050505050506,0.4,0.662966175,0.8602915,0.6971153999999999,0.5,0.7,0.6225113837499999,medium,62.3,Medium,0000000000000000031e_0,0.0844,0.1076,0.1485577,0.1771,0.1795,0.1961,0.2024,0.12185,0.2389,0.2093,"{""geodesic"":false,""type"":""Point"",""coordinates"":[36.289871353275196,33.521802636789296]}"
osm_800,ثانوية الشام الخاصة,school,33.51335847311858,36.30640035450299,OpenStreetMap,unvalidated_public_osm,0.02629761,-0.09355704,-0.07043795,0.02604527,0.021150304,0.10942251,50.0,built_up,0.974239417989418,0.45,1.0,0.4838926,0.5408759000000001,0.5,0.7,0.6308661099999999,medium,63.1,Medium,0000000000000000031f_0,0.20346667,0.24585,0.07043795,0.2966,0.30185,0.3025,0.3051,0.2814,0.34155,0.312,"{""geodesic"":false,""type"":""Point"",""coordinates"":[36.30640035450299,33.51335847311858]}"
osm_801,AL NOUR AND AL MANAR SCHOOL,school,33.51335847311858,36.31376653983277,OpenStreetMap,unvalidated_public_osm,0.0068641193,-0.082437284,-0.11449169,0.0062127495,0.005198556,0.13517664,50.0,built_up,0.8816177248677246,0.45,1.0,0.45609320999999997,0.62898338,0.5,0.7,0.6341169799999999,medium,63.4,Medium,00000000000000000320_0,0.18233334,0.2176,0.11449169,0.2567,0.2635,0.262,0.2612,0.2532,0.32308,0.30435,"{""geodesic"":false,""type"":""Point"",""coordinates"":[36.31376653983277,33.51335847311858]}"
osm_804,JLC Jarjour Language Center,school,34.71045342073625,36.76364283411983,OpenStreetMap,unvalidated_public_osm,0.30138138,-0.43680486,-0.06937906,0.19594418,0.21077822,0.15082614,20.0,shrubland,0.6987789726446161,0.5,0.3715465500000001,1.0,0.53875812,0.5,0.7,0.5917624495,medium,59.2,Medium,00000000000000000323_0,0.06935,0.1114,0.06937906,0.2842,0.22006667,0.263325,0.28173333,0.15256667,0.326575,0.273375,"{""geodesic"":false,""type"":""Point"",""coordinates"":[36.76364283411983,34.71045342073625]}"
osm_806,OSM site 806,school,33.50401599416373,36.304603723934754,OpenStreetMap,unvalidated_public_osm,0.049723733,-0.12525912,0.099059984,0.056127194,0.044117626,0.023499127,50.0,built_up,0.8908214285714282,0.45,1.0,0.5631478,0.20188003200000001,0.5,0.7,0.6128175632,medium,61.3,Medium,00000000000000000325_0,0.2454,0.2954,-0.099059984,0.38,0.2784,0.2823,0.2838,0.344,0.3115,0.2513,"{""geodesic"":false,""type"":""Point"",""coordinates"":[36.304603723934754,33.50401599416373]}"
osm_807,ثانوية المحدّث الأكبربدر الدين الحسني,school,33.50401599416373,36.30442406087793,OpenStreetMap,unvalidated_public_osm,0.07884885,-0.17236362,-0.10791368,0.061638672,0.05590967,0.14114146,50.0,built_up,0.9040436507936509,0.45,0.927877875,0.68090905,0.61582736,0.5,0.7,0.65973401475,medium,66.0,Medium,00000000000000000326_0,0.1396,0.1707,0.10791368,0.2418,0.2358,0.25245,0.2544,0.20645556,0.3003,0.2528,"{""geodesic"":false,""type"":""Point"",""coordinates"":[36.30442406087793,33.50401599416373]}"
osm_816,الشهيد عمار توفيق الناصيف,school,34.72608410667993,36.71118122152725,OpenStreetMap,unvalidated_public_osm,0.070863165,-0.15699449,-0.038660023,0.06410474,0.054725397,0.095452525,50.0,built_up,0.9618478835978836,0.45,0.9478420875,0.6424862249999999,0.477320046,0.5,0.7,0.643189771475,medium,64.3,Medium,0000000000000000032f_0,0.1729,0.207,0.038660023,0.2841,0.24365,0.2571,0.2691,0.2465,0.30695,0.27785,"{""geodesic"":false,""type"":""Point"",""coordinates"":[36.71118122152725,34.72608410667993]}"
osm_822,ثانوية الشهيد حسن كريدي التجارية للبنات,school,33.49970408079996,36.30065113668463,OpenStreetMap,unvalidated_public_osm,0.13356976,-0.18249077,-0.16789588,0.08740043,0.08086833,0.1689626,50.0,built_up,0.5707554112554112,0.45,0.7910755999999999,0.706226925,0.73579176,0.5,0.7,0.6425934609999999,medium,64.3,Medium,00000000000000000335_0,0.1038,0.1326,0.16789588,0.1918,0.2373,0.23075,0.23515,0.1466,0.2692,0.2384,"{""geodesic"":false,""type"":""Point"",""coordinates"":[36.30065113668463,33.49970408079996]}"
osm_824,مدرسة الكندي الابتدائية,school,34.73901984677125,36.66267219618479,OpenStreetMap,unvalidated_public_osm,0.015799014,-0.15898345,-0.030168146,0.01559145,0.014384529,0.12387133,50.0,built_up,0.8930780423280422,0.45,1.0,0.647458625,0.46033629200000004,0.5,0.7,0.6555253542,medium,65.6,Medium,00000000000000000337_0,0.2288,0.2846,0.030168146,0.3922,0.39775,0.39545,0.39285,0.38,0.4166,0.3832,"{""geodesic"":false,""type"":""Point"",""coordinates"":[36.66267219618479,34.73901984677125]}"
osm_825,إعدادية أحمد عبد الهادي عيسى,school,34.742972434021375,36.68279445854907,OpenStreetMap,unvalidated_public_osm,0.08898428,-0.14140052,-0.026100291,0.09987156,0.077814855,0.08082932,50.0,built_up,0.9069157046657044,0.45,0.9025393,0.6035013,0.452200582,0.5,0.7,0.6215551431999999,medium,62.2,Medium,00000000000000000338_0,0.2312,0.2863,0.026100291,0.3806,0.3924,0.3997,0.3998,0.3184,0.401,0.3722,"{""geodesic"":false,""type"":""Point"",""coordinates"":[36.68279445854907,34.742972434021375]}"
osm_828,ثانوية زكي الأرسوزي للبنات,school,33.52683320238037,36.29310528829802,OpenStreetMap,unvalidated_public_osm,0.15064041,-0.22961248,0.05022229,0.13180323,0.11879918,0.05212415,50.0,built_up,0.6899705387205386,0.45,0.748398975,0.8240312,0.29955542,0.5,0.7,0.61186152575,medium,61.2,Medium,0000000000000000033b_0,0.153,0.1998,-0.05022229,0.3189,0.2445,0.2846,0.29815,0.2354,0.2884,0.2501,"{""geodesic"":false,""type"":""Point"",""coordinates"":[36.29310528829802,33.52683320238037]}"
osm_831,OSM site 831,school,34.24746172330105,36.383296142823625,OpenStreetMap,unvalidated_public_osm,0.1203755,-0.37582642,-0.051315,0.08866656,0.106827855,0.19245692,40.0,cropland,0.6397720797720794,0.35,0.82406125,1.0,0.50263,0.5,0.7,0.6562783125,medium,65.6,Medium,0000000000000000033e_0,0.1145,0.1841,0.051315,0.4058,0.3247,0.35866666,0.3714,0.3186,0.4497,0.41806668,"{""geodesic"":false,""type"":""Point"",""coordinates"":[36.383296142823625,34.24746172330105]}"
osm_833,مدرسة السيدة هاجر,school,33.48712766682229,36.291488320786605,OpenStreetMap,unvalidated_public_osm,0.13093148,-0.20041972,-0.0056401175,0.10495177,0.09359298,0.07524761,50.0,built_up,0.8894600769600771,0.45,0.7976713,0.7510492999999999,0.411280235,0.5,0.7,0.6207557085,medium,62.1,Medium,00000000000000000340_0,0.1366,0.17145,0.0056401175,0.2574,0.2103,0.24355,0.2564,0.1978,0.26032,0.22105,"{""geodesic"":false,""type"":""Point"",""coordinates"":[36.291488320786605,33.48712766682229]}"
osm_835,ثانوية بدر الدين الشرعية للبنات,school,33.49880576551584,36.28142718960447,OpenStreetMap,unvalidated_public_osm,0.061174557,-0.096040435,-0.103261136,0.056374025,0.04543619,0.11704262,50.0,built_up,0.9328994708994706,0.45,0.9720636075,0.49010108750000003,0.6065222720000001,0.5,0.7,0.631688346575,medium,63.2,Medium,00000000000000000342_0,0.1748,0.2146,0.103261136,0.2602,0.309575,0.3171,0.321525,0.2302,0.320125,0.281175,"{""geodesic"":false,""type"":""Point"",""coordinates"":[36.28142718960447,33.49880576551584]}"
osm_836,مدرسة البوادر الخاصة,school,33.499165091629486,36.281966178774944,OpenStreetMap,unvalidated_public_osm,0.0040435446,-0.05419143,-0.015553513,0.0058282875,0.00383104,0.06514473,50.0,built_up,0.8267645502645498,0.45,1.0,0.38547857500000005,0.431107026,0.5,0.7,0.6002064176,medium,60.0,Medium,00000000000000000343_0,0.334,0.38615,0.015553513,0.4304,0.42696667,0.4378,0.4311,0.42693335,0.444,0.3995,"{""geodesic"":false,""type"":""Point"",""coordinates"":[36.281966178774944,33.499165091629486]}"
osm_837,مدرسة حاروش العدمل المختلطة,school,33.47473091590144,36.4574969852919,OpenStreetMap,unvalidated_public_osm,0.21055645,-0.28621393,0.08154001,0.22004583,0.18409637,0.019696953,10.0,tree_cover,0.3989931457431458,0.2,0.5986088749999999,0.9655348250000001,0.23691998000000003,0.5,0.7,0.5214511817499999,medium,52.1,Medium,00000000000000000344_0,0.1875,0.2347,-0.08154001,0.42292,0.26945,0.37525833,0.4159,0.2758,0.35915,0.27805,"{""geodesic"":false,""type"":""Point"",""coordinates"":[36.4574969852919,33.47473091590144]}"
osm_842,مدرسة التل المختلطة، حلقة اولى,school,33.60229168624641,36.31179024620771,OpenStreetMap,unvalidated_public_osm,0.037558693,-0.111949705,-0.15664947,0.028414141,0.02591793,0.17046762,50.0,built_up,0.8411757686757684,0.45,1.0,0.5298742624999999,0.71329894,0.5,0.7,0.6573047464999999,medium,65.7,Medium,00000000000000000349_0,0.1391,0.1765,0.15664947,0.221,0.22895,0.2272,0.2299,0.205,0.3031,0.2734,"{""geodesic"":false,""type"":""Point"",""coordinates"":[36.31179024620771,33.60229168624641]}"
osm_844,مدرسة جاموس,school,33.606423936553355,36.30981395258264,OpenStreetMap,unvalidated_public_osm,0.052901875,-0.13103448,-0.14769775,0.039226122,0.034742508,0.15316707,50.0,built_up,0.8740909090909088,0.45,0.9927453125,0.5775862,0.6953955,0.5,0.7,0.663243118125,medium,66.3,Medium,0000000000000000034b_0,0.13313334,0.1575,0.14769775,0.205,0.21513334,0.21855,0.2228,0.1844,0.27605,0.2572,"{""geodesic"":false,""type"":""Point"",""coordinates"":[36.309813952582644,33.606423936553355]}"
osm_845,إعدادية حرنة للبنات,school,33.59672213148487,36.30999361563947,OpenStreetMap,unvalidated_public_osm,0.15464813,-0.22052576,-0.10672979,0.121086374,0.11120366,0.14122346,50.0,built_up,0.818808201058201,0.45,0.738379675,0.8013144,0.61345958,0.5,0.7,0.63620375675,medium,63.6,Medium,0000000000000000034c_0,0.12845,0.16975,0.10672979,0.2658,0.25955832,0.282125,0.2891,0.1946,0.32931668,0.29936,"{""geodesic"":false,""type"":""Point"",""coordinates"":[36.30999361563947,33.59672213148487]}"
osm_847,ثانوية بنات التل,school,33.610017197689835,36.31143092009406,OpenStreetMap,unvalidated_public_osm,0.05293332,-0.14481613,-0.060848806,0.046095997,0.04060394,0.11521196,50.0,built_up,0.8964215969215966,0.45,0.9926667,0.6120403249999999,0.521697612,0.5,0.7,0.6527445011999999,medium,65.3,Medium,0000000000000000034e_0,0.168,0.2058,0.060848806,0.2755,0.2502,0.26045,0.2649,0.2478,0.3112,0.2844,"{""geodesic"":false,""type"":""Point"",""coordinates"":[36.31143092009406,33.610017197689835]}"
osm_848,معهد الريادة,school,33.60516629515559,36.31179024620771,OpenStreetMap,unvalidated_public_osm,0.046218097,-0.107417166,-0.044538572,0.043627586,0.034768976,0.083963975,50.0,built_up,0.867649470899471,0.45,1.0,0.5185429149999999,0.489077144,0.5,0.7,0.6326162973999999,medium,63.3,Medium,0000000000000000034f_0,0.1827,0.2121,0.044538572,0.26315,0.2243,0.2406,0.24461667,0.2399,0.28768334,0.238325,"{""geodesic"":false,""type"":""Point"",""coordinates"":[36.31179024620771,33.60516629515559]}"
osm_850,الثانوية الشرعية للبنين,school,33.61253248048537,36.31753946402608,OpenStreetMap,unvalidated_public_osm,0.034160595,-0.14934699,-0.07064611,0.03228478,0.029620264,0.13962904,50.0,built_up,0.7654070466570466,0.45,1.0,0.623367475,0.54129222,0.5,0.7,0.658802717,medium,65.9,Medium,00000000000000000351_0,0.2036,0.26215,0.07064611,0.3542,0.3744,0.37545,0.38026667,0.3308,0.40805,0.35405,"{""geodesic"":false,""type"":""Point"",""coordinates"":[36.317539464026076,33.61253248048537]}"
osm_852,معهد القدرات,school,33.616485067735496,36.30658001755982,OpenStreetMap,unvalidated_public_osm,0.053881817,-0.15199491,-0.03765101,0.052206136,0.046875007,0.11602153,50.0,built_up,0.9133730158730157,0.45,0.9902954575,0.629987275,0.47530202,0.5,0.7,0.651101521375,medium,65.1,Medium,00000000000000000353_0,0.2056,0.2678,0.03765101,0.3638,0.34066668,0.34215,0.34623334,0.3266,0.39226666,0.3425,"{""geodesic"":false,""type"":""Point"",""coordinates"":[36.30658001755982,33.616485067735496]}"
osm_855,مدرسة هيثم بيطار,school,34.723928149998045,36.733279777516586,OpenStreetMap,unvalidated_public_osm,0.0312262,-0.11900827,-0.014287035,0.035389572,0.028653517,0.09019946,50.0,built_up,0.9597341269841271,0.45,1.0,0.547520675,0.42857407000000003,0.5,0.7,0.6323615419999999,medium,63.2,Medium,00000000000000000356_0,0.26106668,0.3198,0.014287035,0.4062,0.38205,0.38005,0.38591668,0.3816,0.417975,0.39305,"{""geodesic"":false,""type"":""Point"",""coordinates"":[36.733279777516586,34.723928149998045]}"
osm_856,مدرسة محمود الدين بدر شعفور (العصماء),school,34.72356882388439,36.733998429743885,OpenStreetMap,unvalidated_public_osm,0.056572407,-0.13786541,-0.014883376,0.056120686,0.047674716,0.09007223,50.0,built_up,0.980746031746032,0.45,0.9835689825,0.594663525,0.42976675200000003,0.5,0.7,0.637801625825,medium,63.8,Medium,00000000000000000357_0,0.205,0.2566,0.014883376,0.33866668,0.30035,0.3115,0.3195,0.3024,0.3489,0.3275,"{""geodesic"":false,""type"":""Point"",""coordinates"":[36.733998429743885,34.72356882388439]}"
osm_862,مدرسة جول حمال,school,34.77818639315886,36.2756779717861,OpenStreetMap,unvalidated_public_osm,0.010215668,-0.043988273,-0.016302833,0.01448926,0.0089641465,0.04858062,50.0,built_up,0.9684259259259259,0.45,1.0,0.35997068249999997,0.432605666,0.5,0.7,0.5952547031,medium,59.5,Medium,0000000000000000035d_0,0.2942,0.326,0.016302833,0.356,0.3074,0.3185,0.3157,0.3488,0.3678,0.3205,"{""geodesic"":false,""type"":""Point"",""coordinates"":[36.2756779717861,34.77818639315886]}"
osm_863,ثانوية الشهيد حسن,school,33.696075801908485,36.37431298998243,OpenStreetMap,unvalidated_public_osm,0.06156602,-0.20508905,-0.11238833,0.05486893,0.05285663,0.17157298,50.0,built_up,0.4281473341473343,0.45,0.97108495,0.7627226249999999,0.62477666,0.5,0.7,0.6877934284999999,medium,68.8,Medium,0000000000000000035e_0,0.1816,0.2343,0.11238833,0.3552,0.3646,0.36925,0.3726,0.314,0.44515,0.41725,"{""geodesic"":false,""type"":""Point"",""coordinates"":[36.37431298998243,33.696075801908485]}"
osm_864,مدرسة الشهيد إبراهيم قوزما,school,33.69661479107896,36.37018073967548,OpenStreetMap,unvalidated_public_osm,0.015340087,-0.082048126,-0.025487887,0.017365662,0.013350126,0.08384584,50.0,built_up,0.9924444444444445,0.45,1.0,0.455120315,0.450975774,0.5,0.7,0.6161216404,medium,61.6,Medium,0000000000000000035f_0,0.2488,0.2976,0.025487887,0.3508,0.3339,0.3326,0.33965,0.3402,0.36915,0.3339,"{""geodesic"":false,""type"":""Point"",""coordinates"":[36.370180739675476,33.69661479107896]}"
osm_866,المدرسة العربية للعلوم والتكنولوجيا,school,33.55504030230172,36.31358687677595,OpenStreetMap,unvalidated_public_osm,0.053692576,-0.16116631,-0.0718402,0.05075491,0.04663823,0.13945119,50.0,built_up,0.7736094276094274,0.45,0.99076856,0.652915775,0.5436804000000001,0.5,0.7,0.662643335,medium,66.3,Medium,00000000000000000361_0,0.19946666,0.2618,0.0718402,0.3624,0.3804,0.3815,0.3827,0.32546666,0.4185,0.3687,"{""geodesic"":false,""type"":""Point"",""coordinates"":[36.31358687677595,33.55504030230172]}"
osm_867,Berlitz language center,school,33.506351613902446,36.285020450740944,OpenStreetMap,unvalidated_public_osm,0.079958454,-0.17222723,-0.0054191966,0.06391102,0.05883851,0.08994074,50.0,built_up,0.8586666666666666,0.45,0.925103865,0.680568075,0.41083839320000004,0.5,0.7,0.6384734205700001,medium,63.8,Medium,00000000000000000362_0,0.1444,0.1836,0.0054191966,0.26,0.20155,0.22245,0.2272,0.2215,0.26283333,0.21616666,"{""geodesic"":false,""type"":""Point"",""coordinates"":[36.285020450740944,33.506351613902446]}"
osm_868,ثانوية ابن رشد,school,33.512280494777634,36.2598676227856,OpenStreetMap,unvalidated_public_osm,0.16679284,-0.2504056,-0.00747684,0.14215462,0.13589017,0.098632835,50.0,built_up,0.840373015873016,0.45,0.7080179,0.876014,0.41495368000000005,0.5,0.7,0.623702643,medium,62.4,Medium,00000000000000000363_0,0.1452,0.2079,0.00747684,0.3468,0.29385,0.3366,0.34565,0.24765,0.352025,0.30075,"{""geodesic"":false,""type"":""Point"",""coordinates"":[36.2598676227856,33.512280494777634]}"
osm_874,مدرسة الاوائل النموذجية,school,33.52306027818707,36.288434048820605,OpenStreetMap,unvalidated_public_osm,0.044813294,-0.14480565,-0.06654309,0.035144825,0.0329939,0.13090947,50.0,built_up,0.8049797979797978,0.45,1.0,0.612014125,0.53308618,0.5,0.7,0.655711443,medium,65.6,Medium,00000000000000000369_0,0.1462,0.1881,0.06654309,0.2518,0.2316,0.2385,0.2395,0.2302,0.2877,0.2502,"{""geodesic"":false,""type"":""Point"",""coordinates"":[36.288434048820605,33.52306027818707]}"
osm_877,مدرسة الإخوة الخاصة,school,33.52126364761883,36.28142718960447,OpenStreetMap,unvalidated_public_osm,0.4763867,-0.49943668,0.07649641,0.27830756,0.27645615,-0.0016791824,10.0,tree_cover,0.7512380952380954,0.2,0.0,1.0,0.24700718000000002,0.5,0.7,0.37970071800000005,low,38.0,Low,0000000000000000036c_0,0.05045,0.07775,-0.07649641,0.2329,0.136,0.1994,0.2185,0.0826,0.1998,0.15686667,"{""geodesic"":false,""type"":""Point"",""coordinates"":[36.28142718960447,33.52126364761883]}"
osm_880,مدرسة دار النعيم,school,33.522521289016595,36.27855258069529,OpenStreetMap,unvalidated_public_osm,0.077660576,-0.17246172,0.033816688,0.07252431,0.064753935,0.071658075,50.0,built_up,0.8746572871572869,0.45,0.93084856,0.6811543,0.33236662400000005,0.5,0.7,0.6321796624,medium,63.2,Medium,0000000000000000036f_0,0.1858,0.238,-0.033816688,0.3372,0.28786,0.3123,0.3191,0.2886,0.31514,0.2707,"{""geodesic"":false,""type"":""Point"",""coordinates"":[36.27855258069529,33.522521289016595]}"
osm_881,مدرسة دوحة الأدب,school,33.520185669277886,36.282505167945416,OpenStreetMap,unvalidated_public_osm,0.16641352,-0.24979657,0.034575645,0.1243797,0.119731486,0.06855376,50.0,built_up,0.528262025012025,0.45,0.7089661999999999,0.8744914249999999,0.33084871000000005,0.5,0.7,0.6152247059999999,medium,61.5,Medium,00000000000000000370_0,0.1173,0.16135,-0.034575645,0.2688,0.2035,0.2455,0.262,0.1921,0.25083333,0.20865,"{""geodesic"":false,""type"":""Point"",""coordinates"":[36.282505167945416,33.520185669277886]}"
osm_887,مدرسة الجمهورالخاصة,school,33.524677245698484,36.28969169021837,OpenStreetMap,unvalidated_public_osm,0.0627076,-0.13238971,-0.043432362,0.054688606,0.047583785,0.10132035,50.0,built_up,0.9357566137566138,0.45,0.968231,0.580974275,0.486864724,0.5,0.7,0.6369390773999999,medium,63.7,Medium,00000000000000000376_0,0.16586667,0.2084,0.043432362,0.272,0.2618,0.27322,0.2746,0.2399,0.2967,0.2605,"{""geodesic"":false,""type"":""Point"",""coordinates"":[36.28969169021837,33.524677245698484]}"
osm_893,مدرسة المعهد العربي,school,33.52359926735754,36.28933236410472,OpenStreetMap,unvalidated_public_osm,0.19363557,-0.24327704,-0.070593745,0.1210722,0.11613253,0.11475913,50.0,built_up,0.6137716450216452,0.45,0.6409110749999999,0.8581926000000001,0.54118749,0.5,0.7,0.61598503775,medium,61.6,Medium,0000000000000000037c_0,0.0897,0.121,0.070593745,0.1988,0.16396667,0.18623333,0.19446667,0.1343,0.229,0.1931,"{""geodesic"":false,""type"":""Point"",""coordinates"":[36.28933236410472,33.52359926735754]}"
osm_900,ثانوية أبو العتاهة المهنية,school,33.499165091629486,36.271725384535976,OpenStreetMap,unvalidated_public_osm,0.14256781,-0.24961238,-0.14515154,0.113334484,0.10625878,0.17339173,30.0,grassland,0.4150850287516954,0.4,0.7685804749999999,0.87403095,0.6903030800000001,0.5,0.7,0.6509816167499999,medium,65.1,Medium,00000000000000000383_0,0.13325,0.1694,0.14515154,0.2821,0.29705,0.31765,0.3282,0.2117,0.3779,0.3251,"{""geodesic"":false,""type"":""Point"",""coordinates"":[36.271725384535976,33.499165091629486]}"
osm_903,مدرسة بسام بكورة,school,33.5052736355615,36.252321774399,OpenStreetMap,unvalidated_public_osm,0.06918498,-0.17456022,-0.14026302,0.05506177,0.051210623,0.17002998,50.0,built_up,0.8089065934065934,0.45,0.95203755,0.68640055,0.6805260399999999,0.5,0.7,0.6733421015000001,medium,67.3,Medium,00000000000000000386_0,0.1454,0.183,0.14026302,0.2604,0.304,0.31125,0.3134,0.2267,0.34536666,0.3198,"{""geodesic"":false,""type"":""Point"",""coordinates"":[36.252321774399,33.5052736355615]}"
osm_904,ثانوية حسن الشعيرية,school,33.49557183049301,36.27208471064963,OpenStreetMap,unvalidated_public_osm,0.023202652,-0.08891862,0.032764193,0.029439064,0.022147067,0.058720525,50.0,built_up,0.9036772486772487,0.45,1.0,0.47229655,0.33447161400000003,0.5,0.7,0.6079064714,medium,60.8,Medium,00000000000000000387_0,0.305,0.3745,-0.032764193,0.4476,0.3833,0.39025,0.39105,0.4273,0.4192,0.39286667,"{""geodesic"":false,""type"":""Point"",""coordinates"":[36.27208471064963,33.49557183049301]}"
osm_905,ثانوية صلاح الدين الهبج,school,33.50922622281163,36.25860998138784,OpenStreetMap,unvalidated_public_osm,0.028014619,-0.118769884,0.08288426,0.030951424,0.026116582,0.05092046,50.0,built_up,0.9597261904761905,0.45,1.0,0.54692471,0.23423148000000002,0.5,0.7,0.6128080899999999,medium,61.3,Medium,00000000000000000388_0,0.2611,0.3324,-0.08288426,0.422,0.35065,0.3608,0.3641,0.399,0.3574,0.30515,"{""geodesic"":false,""type"":""Point"",""coordinates"":[36.258609981387835,33.50922622281163]}"
osm_907,مدرسة سعد بن معاذ,school,33.49503284132254,36.2726236998201,OpenStreetMap,unvalidated_public_osm,0.033229955,-0.12223291,-0.032616027,0.03875368,0.032078702,0.10742333,50.0,built_up,0.8306402116402117,0.45,1.0,0.555582275,0.465232054,0.5,0.7,0.6376396604,medium,63.8,Medium,0000000000000000038a_0,0.2866,0.3648,0.032616027,0.4664,0.4679,0.4642,0.4636,0.4364,0.49785,0.47335,"{""geodesic"":false,""type"":""Point"",""coordinates"":[36.2726236998201,33.49503284132254]}"
osm_908,مدرسة المقداد بن عمر الكندي,school,33.50060239608408,36.27154572147916,OpenStreetMap,unvalidated_public_osm,0.03223034,-0.11922651,0.0033416818,0.038386736,0.03145094,0.087966226,50.0,built_up,0.7613000610500608,0.45,1.0,0.5480662749999999,0.39331663640000003,0.5,0.7,0.6289449186399999,medium,62.9,Medium,0000000000000000038b_0,0.2972,0.37805,-0.0033416818,0.4804,0.45165,0.44735,0.4446,0.4504,0.4772,0.42706665,"{""geodesic"":false,""type"":""Point"",""coordinates"":[36.27154572147916,33.500602396084076]}"
osm_909,أبو أيوب الأنصاري,school,33.49557183049301,36.2726236998201,OpenStreetMap,unvalidated_public_osm,0.13296397,-0.23053777,-0.095132746,0.113990545,0.106904216,0.14782917,50.0,built_up,0.7094495596995598,0.45,0.792590075,0.8263444249999999,0.590265492,0.5,0.7,0.65244295295,medium,65.2,Medium,0000000000000000038c_0,0.1527,0.2046,0.095132746,0.3272,0.3444,0.3594,0.36185,0.2504,0.396,0.3576,"{""geodesic"":false,""type"":""Point"",""coordinates"":[36.2726236998201,33.49557183049301]}"
osm_910,مدرسة زيد بن ثابت الأنصاري,school,33.500063406913604,36.271725384535976,OpenStreetMap,unvalidated_public_osm,0.040431257,-0.16808805,-0.11115761,0.037797213,0.03760826,0.18317086,60.0,bare_sparse_vegetation,0.3981957671957674,0.85,1.0,0.670220125,0.6223152200000001,0.5,0.7,0.796275547,high,79.6,High,0000000000000000038d_0,0.2122,0.3024,0.11115761,0.4246,0.5014,0.5012,0.50015,0.3916,0.5308,0.4427,"{""geodesic"":false,""type"":""Point"",""coordinates"":[36.271725384535976,33.500063406913604]}"
osm_911,مدرسة حسن الشعيرية,school,33.49521250437936,36.2719050475928,OpenStreetMap,unvalidated_public_osm,0.08095513,-0.15243712,0.006268839,0.084150605,0.07027299,0.07561116,50.0,built_up,0.983527417027417,0.45,0.922612175,0.6310928,0.387462322,0.5,0.7,0.62561783595,medium,62.6,Medium,0000000000000000038e_0,0.21506667,0.273,-0.006268839,0.3712,0.30976668,0.33233333,0.3417,0.3156,0.366575,0.3376,"{""geodesic"":false,""type"":""Point"",""coordinates"":[36.2719050475928,33.49521250437936]}"
osm_912,ثانوية سعاد العبدلله للبنات,school,33.501321048311375,36.281247526547645,OpenStreetMap,unvalidated_public_osm,0.01213527,-0.092530645,-0.010225985,0.013431612,0.011062271,0.092317365,50.0,built_up,0.9710992063492063,0.45,1.0,0.4813266125,0.42045197,0.5,0.7,0.6183105194999999,medium,61.8,Medium,0000000000000000038f_0,0.2584,0.3256,0.010225985,0.392,0.3655,0.36365,0.36165,0.3826,0.4001,0.4012,"{""geodesic"":false,""type"":""Point"",""coordinates"":[36.281247526547645,33.501321048311375]}"
osm_913,مدرسة الأدب العربي الخاصة,school,33.52575522403942,36.3214920512762,OpenStreetMap,unvalidated_public_osm,0.18476625,-0.2562975,0.067436725,0.15998437,0.14266308,0.03425018,50.0,built_up,0.7158597883597881,0.45,0.6630843750000001,0.8907437500000001,0.26512655,0.5,0.7,0.60043249875,medium,60.0,Medium,00000000000000000390_0,0.144,0.186,-0.067436725,0.3142,0.2231,0.254425,0.2623,0.2162,0.2745,0.2367,"{""geodesic"":false,""type"":""Point"",""coordinates"":[36.3214920512762,33.52575522403942]}"
osm_914,مدرسة زيد بن الخطاب,school,33.52521623486896,36.3207733990489,OpenStreetMap,unvalidated_public_osm,0.08086044,-0.16351976,-0.05182178,0.07609259,0.066374876,0.11152278,50.0,built_up,0.9755104617604617,0.45,0.9228489000000001,0.6587993999999999,0.50364356,0.5,0.7,0.6428364609999999,medium,64.3,Medium,00000000000000000391_0,0.185,0.2348,0.05182178,0.3266,0.30355,0.32585,0.3386,0.27773333,0.3623,0.31125,"{""geodesic"":false,""type"":""Point"",""coordinates"":[36.3207733990489,33.52521623486896]}"
osm_917,ثانوية الواقدي,school,33.532582420198736,36.32292935573079,OpenStreetMap,unvalidated_public_osm,0.055047512,-0.14075224,-0.0022045227,0.04937437,0.043537863,0.08617508,50.0,built_up,0.9311335978835977,0.45,0.98738122,0.6018806,0.4044090454,0.5,0.7,0.63766232954,medium,63.8,Medium,00000000000000000394_0,0.1761,0.2216,0.0022045227,0.2942,0.2434,0.2572,0.2662,0.2635,0.2955,0.2725,"{""geodesic"":false,""type"":""Point"",""coordinates"":[36.32292935573079,33.532582420198736]}"
osm_920,مدرسة النيربين للتعليم الأساسي,school,33.51192116866398,36.26579650366079,OpenStreetMap,unvalidated_public_osm,0.06851178,-0.16038434,-0.11987297,0.05187041,0.048150495,0.15370996,50.0,built_up,0.8324947089947089,0.45,0.9537205500000001,0.6509608499999999,0.6397459400000001,0.5,0.7,0.6625969015000001,medium,66.3,Medium,00000000000000000397_0,0.1349,0.1704,0.11987297,0.2355,0.2351,0.24555,0.2535,0.2053,0.29965,0.2641,"{""geodesic"":false,""type"":""Point"",""coordinates"":[36.26579650366079,33.51192116866398]}"
osm_921,مدرسة شخاشيرو,school,33.50742959224339,36.28520011379777,OpenStreetMap,unvalidated_public_osm,0.04187475,-0.13949582,-0.120622575,0.0345024,0.03203997,0.16142885,50.0,built_up,0.7948359788359783,0.45,1.0,0.59873955,0.64124515,0.5,0.7,0.6638724250000001,medium,66.4,Medium,00000000000000000398_0,0.1584,0.2048,0.120622575,0.2712,0.3199,0.32625,0.32505,0.2494,0.3456,0.3241,"{""geodesic"":false,""type"":""Point"",""coordinates"":[36.28520011379777,33.50742959224339]}"
osm_922,ثانوية التجارة الأولى للبنين,school,33.507249929186564,36.28573910296824,OpenStreetMap,unvalidated_public_osm,0.049306028,-0.13043477,-0.10316841,0.044273872,0.038659766,0.13901263,50.0,built_up,0.8628055555555553,0.45,1.0,0.576086925,0.60633682,0.5,0.7,0.655851067,medium,65.6,Medium,00000000000000000399_0,0.1766,0.221,0.10316841,0.2873,0.2933,0.30153334,0.304,0.2603,0.3534,0.3211,"{""geodesic"":false,""type"":""Point"",""coordinates"":[36.28573910296824,33.507249929186564]}"
osm_923,مدرسة عباس الحامض,school,33.507249929186564,36.28609842908189,OpenStreetMap,unvalidated_public_osm,0.013690621,-0.10458657,-0.029153315,0.013802391,0.011882666,0.1062466,50.0,built_up,0.9916111111111111,0.45,1.0,0.5114664250000001,0.45830663000000005,0.5,0.7,0.628123948,medium,62.8,Medium,0000000000000000039a_0,0.2236,0.2821,0.029153315,0.348,0.3249,0.34054166,0.3452,0.3386,0.3689,0.339,"{""geodesic"":false,""type"":""Point"",""coordinates"":[36.28609842908189,33.507249929186564]}"
osm_924,روضة مدينة الأطفال,school,33.5293484851759,36.31646148568513,OpenStreetMap,unvalidated_public_osm,0.1008116,-0.2013986,-0.15873662,0.059090104,0.05811853,0.17845048,50.0,built_up,0.4690126262626264,0.45,0.8729709999999999,0.7534965,0.71747324,0.5,0.7,0.670689374,medium,67.1,Medium,0000000000000000039b_0,0.091,0.1142,0.15873662,0.1718,0.1687,0.1894,0.19895,0.14033334,0.23663333,0.1955,"{""geodesic"":false,""type"":""Point"",""coordinates"":[36.31646148568513,33.5293484851759]}"
osm_928,مدرسة أنور العطار,school,33.527551854607665,36.31286822454865,OpenStreetMap,unvalidated_public_osm,0.050113186,-0.12115987,-0.023010943,0.04811874,0.041569844,0.097060755,50.0,built_up,0.9733201058201059,0.45,0.9997170350000001,0.552899675,0.44602188600000003,0.5,0.7,0.6351113823500001,medium,63.5,Medium,0000000000000000039f_0,0.19693333,0.2546,0.023010943,0.3248,0.3073,0.3186,0.3199,0.2938,0.3401,0.29955,"{""geodesic"":false,""type"":""Point"",""coordinates"":[36.31286822454865,33.527551854607665]}"
osm_929,مدرسة البيروني الابتدائية,school,33.52647387626672,36.31304788760548,OpenStreetMap,unvalidated_public_osm,0.048502762,-0.13580811,0.017523225,0.044853564,0.04062649,0.086747855,50.0,built_up,0.9448716931216933,0.45,1.0,0.589520275,0.36495355,0.5,0.7,0.63439941,medium,63.4,Medium,000000000000000003a0_0,0.19026667,0.2522,-0.017523225,0.33146667,0.2923,0.29843333,0.3052,0.3008,0.32005,0.279,"{""geodesic"":false,""type"":""Point"",""coordinates"":[36.31304788760548,33.52647387626672]}"
osm_930,مدرسة بسام حمشو,school,33.52701286543719,36.31286822454865,OpenStreetMap,unvalidated_public_osm,0.018123657,-0.090493865,-0.023891661,0.020495497,0.01631477,0.09177372,50.0,built_up,0.9574034391534391,0.45,1.0,0.4762346625,0.44778332200000004,0.5,0.7,0.6200252647,medium,62.0,Medium,000000000000000003a1_0,0.2578,0.3186,0.023891661,0.382,0.3922,0.38586667,0.38206667,0.3684,0.4007,0.4084,"{""geodesic"":false,""type"":""Point"",""coordinates"":[36.31286822454865,33.52701286543719]}"
osm_931,مدرسة شفا عمرو البديلة,school,33.54479950806276,36.318437779310194,OpenStreetMap,unvalidated_public_osm,0.031132074,-0.114737384,0.06439442,0.033828802,0.029376853,0.06550823,50.0,built_up,0.9627698412698413,0.45,1.0,0.5368434599999999,0.27121116,0.5,0.7,0.614489808,medium,61.4,Medium,000000000000000003a2_0,0.26013333,0.3472,-0.06439442,0.4372,0.3624,0.3774,0.38135,0.4108,0.3843,0.3237,"{""geodesic"":false,""type"":""Point"",""coordinates"":[36.318437779310194,33.54479950806276]}"
osm_932,مدرسة عبدالله بن الزبير,school,33.525395897925776,36.31161058315089,OpenStreetMap,unvalidated_public_osm,0.09303202,-0.17347349,-0.024865612,0.080930546,0.07187197,0.094665065,50.0,built_up,0.9647222222222221,0.45,0.89241995,0.683683725,0.44973122400000004,0.5,0.7,0.6348148548999999,medium,63.5,Medium,000000000000000003a3_0,0.1612,0.2044,0.024865612,0.2902,0.2573,0.27696,0.2882,0.2408,0.305,0.2659,"{""geodesic"":false,""type"":""Point"",""coordinates"":[36.31161058315089,33.525395897925776]}"
osm_934,ثانوية العدوي,school,33.5255755609826,36.31125125703724,OpenStreetMap,unvalidated_public_osm,0.03144652,-0.12864628,0.008525506,0.031435736,0.027509151,0.08912447,50.0,built_up,0.987611111111111,0.45,1.0,0.5716157,0.38294898800000005,0.5,0.7,0.6326180388,medium,63.3,Medium,000000000000000003a5_0,0.2192,0.27855,-0.008525506,0.3608,0.32156667,0.33083335,0.3336,0.3388,0.3547,0.3405,"{""geodesic"":false,""type"":""Point"",""coordinates"":[36.311251257037235,33.5255755609826]}"
osm_940,مدرسة عدنان كولكي,school,33.55737592204044,36.32167171433302,OpenStreetMap,unvalidated_public_osm,0.05201311,-0.16050322,-0.03134446,0.046981312,0.04185592,0.10548679,50.0,built_up,0.9337195767195764,0.45,0.9949672249999999,0.65125805,0.46268892,0.5,0.7,0.65526230825,medium,65.5,Medium,000000000000000003ab_0,0.1798,0.2202,0.03134446,0.3044,0.2797,0.2747,0.2847,0.2743,0.3241,0.2923,"{""geodesic"":false,""type"":""Point"",""coordinates"":[36.32167171433302,33.557375922040436]}"
osm_941,مدرسة صالح مصلى,school,33.55917255260867,36.3297565518901,OpenStreetMap,unvalidated_public_osm,0.057856478,-0.13116972,-0.06987731,0.062470853,0.05232227,0.12286494,50.0,built_up,0.9432156084656083,0.45,0.980358805,0.5779243,0.5397546200000001,0.5,0.7,0.64465002325,medium,64.5,Medium,000000000000000003ac_0,0.2386,0.3084,0.06987731,0.40152,0.4012,0.4033,0.4105,0.3576,0.46185,0.41386667,"{""geodesic"":false,""type"":""Point"",""coordinates"":[36.3297565518901,33.55917255260867]}"
osm_942,مدرسة ماري العجمي,school,33.51928735399377,36.319156431537486,OpenStreetMap,unvalidated_public_osm,0.058336813,-0.14400716,-0.077699654,0.045589782,0.043014057,0.13759947,50.0,built_up,0.845765512265512,0.45,0.9791579675000001,0.6100179,0.555399308,0.5,0.7,0.6523330026749999,medium,65.2,Medium,000000000000000003ad_0,0.14333333,0.1914,0.077699654,0.2558,0.2575,0.276,0.282,0.2276,0.2989,0.28265,"{""geodesic"":false,""type"":""Point"",""coordinates"":[36.319156431537486,33.51928735399377]}"
osm_946,مدرسة جورج خوري,school,33.51928735399377,36.31933609459431,OpenStreetMap,unvalidated_public_osm,0.35106477,-0.40915173,-0.022703342,0.23509267,0.23067847,0.08516666,50.0,built_up,0.3638959836459835,0.45,0.24733807499999996,1.0,0.44540668400000005,0.5,0.7,0.53637518715,medium,53.6,Medium,000000000000000003b1_0,0.0756,0.1104,0.022703342,0.2633,0.21235,0.2477,0.2597,0.12646666,0.27553332,0.2458,"{""geodesic"":false,""type"":""Point"",""coordinates"":[36.31933609459431,33.51928735399377]}"
osm_947,مدرسة غسان عبود,school,33.52593488709625,36.30909530035535,OpenStreetMap,unvalidated_public_osm,0.28035814,-0.36028537,-0.025553651,0.1812066,0.17529741,0.08551277,10.0,tree_cover,0.46188756613756626,0.2,0.4241046500000001,1.0,0.45110730200000004,0.5,0.7,0.5061368927000001,medium,50.6,Medium,000000000000000003b2_0,0.0824,0.1076,0.025553651,0.2288,0.1543,0.201,0.221,0.1286,0.2408,0.19463333,"{""geodesic"":false,""type"":""Point"",""coordinates"":[36.30909530035535,33.52593488709625]}"
osm_948,مدرسة مروان مرشه,school,33.51838903870964,36.317719127082896,OpenStreetMap,unvalidated_public_osm,0.045447614,-0.17072341,-0.026881712,0.04106802,0.038733896,0.120231695,50.0,built_up,0.8009034391534392,0.45,1.0,0.676808525,0.453763424,0.5,0.7,0.6607380474,medium,66.1,Medium,000000000000000003b3_0,0.1877,0.2436,0.026881712,0.3439,0.31996667,0.32195,0.32546666,0.314,0.3629,0.34835,"{""geodesic"":false,""type"":""Point"",""coordinates"":[36.317719127082896,33.51838903870964]}"
osm_954,معهد المنار للعلوم واللغات,school,33.54048759469899,36.30478338699158,OpenStreetMap,unvalidated_public_osm,0.1612903,-0.22208679,-0.15638016,0.093228616,0.088380896,0.15991378,50.0,built_up,0.3831671476671476,0.45,0.72177425,0.805216975,0.71276032,0.5,0.7,0.6427629895,medium,64.3,Medium,000000000000000003b9_0,0.0862,0.106366664,0.15638016,0.1671,0.16725,0.17856666,0.18578333,0.120683335,0.22905,0.1996,"{""geodesic"":false,""type"":""Point"",""coordinates"":[36.30478338699158,33.54048759469899]}"
osm_956,دائرة امتحانات ريف دمشق,school,33.53545702910792,36.301010462798274,OpenStreetMap,unvalidated_public_osm,0.14005446,-0.22626024,-0.039338756,0.09400144,0.08892732,0.09982823,50.0,built_up,0.6284190716690716,0.45,0.77486385,0.8156505999999999,0.478677512,0.5,0.7,0.6347138337,medium,63.5,Medium,000000000000000003bb_0,0.1052,0.132,0.039338756,0.2092,0.1617,0.1805,0.1875,0.1578,0.22633334,0.1984,"{""geodesic"":false,""type"":""Point"",""coordinates"":[36.301010462798274,33.53545702910792]}"
osm_957,ثانوية الفنون الجميلة,school,33.53815197496027,36.30370540865064,OpenStreetMap,unvalidated_public_osm,0.032258067,-0.11522988,-0.11580077,0.026643446,0.023673324,0.14547561,50.0,built_up,0.8629973544973545,0.45,1.0,0.5380747,0.63160154,0.5,0.7,0.650775094,medium,65.1,Medium,000000000000000003bc_0,0.1584,0.19611667,0.11580077,0.2472,0.2745,0.28,0.285375,0.23175,0.31195,0.29805,"{""geodesic"":false,""type"":""Point"",""coordinates"":[36.303705408650636,33.53815197496027]}"
osm_958,مدرسة ام هانئ القريشة,school,33.53581635522156,36.30083079974145,OpenStreetMap,unvalidated_public_osm,0.037760425,-0.11157603,0.010699829,0.03983791,0.031227574,0.061721932,50.0,built_up,0.9780119047619049,0.45,1.0,0.5289400750000001,0.37860034200000003,0.5,0.7,0.6236480492,medium,62.4,Medium,000000000000000003bd_0,0.2182,0.2548,-0.010699829,0.3188,0.27786666,0.2792,0.27845,0.2956,0.31205,0.3032,"{""geodesic"":false,""type"":""Point"",""coordinates"":[36.30083079974145,33.53581635522156]}"
osm_962,مدرسة ابن زيدون,school,33.49862610245901,36.29562057109356,OpenStreetMap,unvalidated_public_osm,0.032722924,-0.12897936,-0.0556909,0.031923633,0.028039802,0.12176863,50.0,built_up,0.9449285714285716,0.45,1.0,0.5724484,0.5113818,0.5,0.7,0.6456278599999999,medium,64.6,Medium,000000000000000003c1_0,0.20933333,0.2654,0.0556909,0.344,0.361425,0.36773333,0.362675,0.3222,0.384575,0.3501,"{""geodesic"":false,""type"":""Point"",""coordinates"":[36.29562057109356,33.49862610245901]}"
osm_964,المدرسة الحافظية,school,33.52701286543719,36.29526124497991,OpenStreetMap,unvalidated_public_osm,0.26291263,-0.31146657,0.10756652,0.2215314,0.20009851,0.002032914,50.0,built_up,0.4263267195767196,0.45,0.46771842500000005,1.0,0.18486696000000002,0.5,0.7,0.5654163022500001,medium,56.5,Medium,000000000000000003c3_0,0.1248,0.17073333,-0.10756652,0.3252,0.19905,0.28645,0.3118,0.1898,0.26203334,0.2054,"{""geodesic"":false,""type"":""Point"",""coordinates"":[36.29526124497991,33.52701286543719]}"
osm_969,مدرسة زين العابدين نعمان,school,33.5676167162794,36.3214920512762,OpenStreetMap,unvalidated_public_osm,0.061375678,-0.15886769,0.0074074017,0.064355075,0.055414025,0.0858163,50.0,built_up,0.9838333333333334,0.45,0.971560805,0.647169225,0.3851851966,0.5,0.7,0.6408425659099999,medium,64.1,Medium,000000000000000003c8_0,0.23033333,0.2912,-0.0074074017,0.4012,0.34406668,0.3492,0.357,0.3548,0.3953,0.3636,"{""geodesic"":false,""type"":""Point"",""coordinates"":[36.3214920512762,33.567616716279396]}"
osm_973,مدرسة عبدالقادر المازني,school,33.54749445391512,36.32185137738985,OpenStreetMap,unvalidated_public_osm,0.049553867,-0.13122813,-0.043421432,0.042849872,0.037242547,0.101247795,50.0,built_up,0.8574629629629628,0.45,1.0,0.578070325,0.48684286400000004,0.5,0.7,0.6442983514,medium,64.4,Medium,000000000000000003cc_0,0.1658,0.20235,0.043421432,0.26348,0.2372,0.24435,0.2495,0.2386,0.2874,0.2615,"{""geodesic"":false,""type"":""Point"",""coordinates"":[36.32185137738985,33.54749445391512]}"
osm_976,مدرسة وثانوية ممدوح قره جولي,school,33.54426051889229,36.32346834490127,OpenStreetMap,unvalidated_public_osm,0.050687604,-0.12874629,-0.09070816,0.043751042,0.03835479,0.12984078,50.0,built_up,0.9090856180856178,0.45,0.99828099,0.571865725,0.58141632,0.5,0.7,0.6520850245,medium,65.2,Medium,000000000000000003cf_0,0.1657,0.2064,0.09070816,0.2674,0.2592,0.267,0.26475,0.2416,0.32075,0.28305,"{""geodesic"":false,""type"":""Point"",""coordinates"":[36.323468344901265,33.54426051889229]}"
osm_977,الصحة المدرسية القنيطرة,school,33.54461984500593,36.318437779310194,OpenStreetMap,unvalidated_public_osm,0.038759686,-0.107438035,-0.054634027,0.039064676,0.034358636,0.12351143,50.0,built_up,0.9318624338624338,0.45,1.0,0.5185950875,0.5092680540000001,0.5,0.7,0.6346458229,medium,63.5,Medium,000000000000000003d0_0,0.2222,0.3024,0.054634027,0.3752,0.4008,0.40106,0.4019,0.3472,0.41856667,0.35186,"{""geodesic"":false,""type"":""Point"",""coordinates"":[36.318437779310194,33.54461984500593]}"
osm_979,ثانوية السفيرة المهنية,school,33.548033443085586,36.30442406087793,OpenStreetMap,unvalidated_public_osm,0.0772506,-0.15562807,-0.05021115,0.07489973,0.06582584,0.115247294,50.0,built_up,0.9325925925925924,0.45,0.9318735,0.639070175,0.5004223,0.5,0.7,0.64082464,medium,64.1,Medium,000000000000000003d2_0,0.1972,0.2588,0.05021115,0.3542,0.32255,0.33955,0.351,0.3034,0.39165,0.3425,"{""geodesic"":false,""type"":""Point"",""coordinates"":[36.30442406087793,33.548033443085586]}"
osm_980,المدرسة الحديثة الخاصة,school,33.523958593471185,36.29705787554815,OpenStreetMap,unvalidated_public_osm,0.10752689,-0.1856857,-0.040016208,0.08361813,0.07436948,0.09329642,50.0,built_up,0.8893979076479077,0.45,0.8561827750000001,0.71421425,0.480032416,0.5,0.7,0.63489178535,medium,63.5,Medium,000000000000000003d3_0,0.13426666,0.1627,0.040016208,0.2369,0.20923333,0.24205,0.2553,0.1909,0.25665,0.21403334,"{""geodesic"":false,""type"":""Point"",""coordinates"":[36.29705787554815,33.523958593471185]}"
osm_981,مدرسة برزة المحدثة,school,33.555219965358546,36.32185137738985,OpenStreetMap,unvalidated_public_osm,0.035604127,-0.13012443,-0.028533854,0.034196757,0.03139935,0.118277945,50.0,built_up,0.9233440355940356,0.45,1.0,0.575311075,0.457067708,0.5,0.7,0.6407689858,medium,64.1,Medium,000000000000000003d4_0,0.2102,0.28433332,0.028533854,0.3694,0.3487,0.3598,0.3587,0.344,0.3911,0.3507,"{""geodesic"":false,""type"":""Point"",""coordinates"":[36.32185137738985,33.555219965358546]}"
osm_982,مدرسة المستقبل,school,33.57767784746154,36.28178651571812,OpenStreetMap,unvalidated_public_osm,0.08260321,-0.21289153,-0.047054335,0.07162778,0.07041302,0.13760287,50.0,built_up,0.715712962962963,0.45,0.918491975,0.782228825,0.49410867,0.5,0.7,0.66547962575,medium,66.5,Medium,000000000000000003d5_0,0.16935,0.2312,0.047054335,0.35626668,0.3303,0.3478,0.35655,0.3019,0.39145,0.3457,"{""geodesic"":false,""type"":""Point"",""coordinates"":[36.28178651571812,33.57767784746154]}"
osm_983,مدرسة المنصور الرسمية,school,33.510843190323044,36.31556317040101,OpenStreetMap,unvalidated_public_osm,0.040672105,-0.13840494,-0.012001019,0.039105494,0.034589123,0.09885831,50.0,built_up,0.9701719576719579,0.45,1.0,0.59601235,0.424002038,0.5,0.7,0.6416026738,medium,64.2,Medium,000000000000000003d6_0,0.203,0.2578,0.012001019,0.340625,0.3072,0.3053,0.30825,0.314,0.3489,0.318,"{""geodesic"":false,""type"":""Point"",""coordinates"":[36.31556317040101,33.510843190323044]}"
osm_984,مدرسة فايز غباري,school,33.55342333479031,36.32724126909456,OpenStreetMap,unvalidated_public_osm,0.040449932,-0.13954039,0.036749646,0.042789813,0.03937948,0.09096477,50.0,built_up,0.8228809523809523,0.45,1.0,0.598850975,0.32650070800000003,0.5,0.7,0.6324202658,medium,63.2,Medium,000000000000000003d7_0,0.261,0.3632,-0.036749646,0.481,0.4198,0.4204,0.42113334,0.4436,0.4469,0.39975,"{""geodesic"":false,""type"":""Point"",""coordinates"":[36.327241269094564,33.55342333479031]}"
osm_985,مدرسة جابر الانصاري الخاصة,school,33.54533849723323,36.33838037861765,OpenStreetMap,unvalidated_public_osm,0.051742353,-0.1524443,-0.0728415,0.053070515,0.046755735,0.13428295,50.0,built_up,0.8446702741702741,0.45,0.9956441174999999,0.6311107499999999,0.545683,0.5,0.7,0.659701479375,medium,66.0,Medium,000000000000000003d8_0,0.2276,0.293,0.0728415,0.3984,0.395,0.3975,0.4002,0.3592,0.461,0.4214,"{""geodesic"":false,""type"":""Point"",""coordinates"":[36.33838037861765,33.54533849723323]}"
osm_988,مدرسة أشبال العروبة,school,33.51982634316423,36.30729866978711,OpenStreetMap,unvalidated_public_osm,0.15066487,-0.26638022,-0.08675448,0.102738574,0.10180248,0.14504588,50.0,built_up,0.5154329004329005,0.45,0.748337825,0.91595055,0.5735089600000001,0.5,0.7,0.65762546225,medium,65.8,Medium,000000000000000003db_0,0.10366666,0.1366,0.08675448,0.2358,0.22813334,0.2614,0.2776,0.17405,0.2806,0.24065,"{""geodesic"":false,""type"":""Point"",""coordinates"":[36.30729866978711,33.51982634316423]}"
osm_989,ثانوية درويش الزوني,school,33.53617568133521,36.30424439782111,OpenStreetMap,unvalidated_public_osm,0.04388279,-0.17456183,0.015810817,0.04212547,0.03884927,0.095703945,50.0,built_up,0.8547023809523809,0.45,1.0,0.686404575,0.368378366,0.5,0.7,0.6541187516,medium,65.4,Medium,000000000000000003dc_0,0.2088,0.26413333,-0.015810817,0.37585,0.3089,0.31176665,0.312925,0.34425,0.36415,0.34623334,"{""geodesic"":false,""type"":""Point"",""coordinates"":[36.30424439782111,33.53617568133521]}"
osm_991,مدرسة عائشة الباعونية,school,33.51928735399377,36.30765799590076,OpenStreetMap,unvalidated_public_osm,0.075512886,-0.14764789,0.029311424,0.061699785,0.054164067,0.058463734,50.0,built_up,0.6421917989417989,0.45,0.936217785,0.619119725,0.341377152,0.5,0.7,0.6220161064499999,medium,62.2,Medium,000000000000000003de_0,0.1487,0.183,-0.029311424,0.2464,0.18195,0.2085,0.2178,0.2118,0.23236667,0.1918,"{""geodesic"":false,""type"":""Point"",""coordinates"":[36.30765799590076,33.51928735399377]}"
osm_993,دار الرحمة لليتيمات,school,33.532762083255555,36.29238663607073,OpenStreetMap,unvalidated_public_osm,0.02498478,-0.11760798,-0.25448772,0.015307656,0.014851494,0.23677477,50.0,built_up,0.6992348114848111,0.45,1.0,0.54401995,0.90897544,0.5,0.7,0.679701534,medium,68.0,Medium,000000000000000003e0_0,0.1052,0.1328,0.25448772,0.1682,0.1858,0.18645,0.18976666,0.16,0.28303334,0.2446,"{""geodesic"":false,""type"":""Point"",""coordinates"":[36.29238663607073,33.532762083255555]}"
osm_994,مدرسة سناء محيدلي,school,33.53330107242603,36.29777652777545,OpenStreetMap,unvalidated_public_osm,0.12555657,-0.23076926,-0.08613921,0.0860776,0.08289011,0.13637847,50.0,built_up,0.763693121693122,0.45,0.8111085749999999,0.8269231499999999,0.57227842,0.5,0.7,0.65538961575,medium,65.5,Medium,000000000000000003e1_0,0.1092,0.13825,0.08613921,0.2212,0.18850416,0.201025,0.20525,0.17185,0.2629,0.21659167,"{""geodesic"":false,""type"":""Point"",""coordinates"":[36.29777652777545,33.53330107242603]}"
osm_997,مدرسة عثمان ذي النورين,school,33.533480735482854,36.294362929695794,OpenStreetMap,unvalidated_public_osm,0.13842314,-0.24354716,-0.11462883,0.096734464,0.095694214,0.16363493,30.0,grassland,0.3454986772486772,0.4,0.77894215,0.8588679,0.62925766,0.5,0.7,0.6444348835,medium,64.4,Medium,000000000000000003e4_0,0.1092,0.148,0.11462883,0.2433,0.274,0.2814,0.2933,0.18413334,0.3063,0.2766,"{""geodesic"":false,""type"":""Point"",""coordinates"":[36.294362929695794,33.533480735482854]}"
osm_998,مدرسة حسن الملا,school,33.53437905076697,36.29544090803673,OpenStreetMap,unvalidated_public_osm,0.06145147,-0.13256958,-0.07668702,0.04920023,0.04706086,0.14279673,50.0,built_up,0.8195171957671958,0.45,0.971371325,0.5814239499999999,0.55337404,0.5,0.7,0.6444650252499999,medium,64.4,Medium,000000000000000003e5_0,0.1489,0.212,0.07668702,0.2768,0.27476665,0.28755,0.293,0.24475,0.32278,0.28566667,"{""geodesic"":false,""type"":""Point"",""coordinates"":[36.29544090803673,33.53437905076697]}"
osm_999,ثانوية التفوق الخاصة,school,33.521083984562004,36.30514271310523,OpenStreetMap,unvalidated_public_osm,0.7135547,-0.65770864,0.2681695,0.5158094,0.48247975,-0.19642238,10.0,tree_cover,0.9142242664742666,0.2,0.0,1.0,0.0,0.5,0.7,0.35500000000000004,low,35.5,Low,000000000000000003e6_0,0.038,0.0726,-0.2681695,0.3516,0.1345,0.2932,0.3348,0.058775,0.2029,0.13515,"{""geodesic"":false,""type"":""Point"",""coordinates"":[36.30514271310523,33.521083984562004]}"
osm_1000,روضة أمية الخاصة,school,33.50257868970914,36.29041034244567,OpenStreetMap,unvalidated_public_osm,0.24976078,-0.31498578,-0.24124908,0.10673756,0.110437244,0.23462269,30.0,grassland,0.26774446849446853,0.4,0.50059805,1.0,0.88249816,0.5,0.7,0.6283993285,medium,62.8,Medium,000000000000000003e7_0,0.05045,0.06803333,0.24124908,0.1306,0.15855,0.1771,0.1845,0.0784,0.21365,0.18835,"{""geodesic"":false,""type"":""Point"",""coordinates"":[36.29041034244567,33.50257868970914]}"
osm_1003,مدرسة المقدسي,school,33.49808711328854,36.29400360358214,OpenStreetMap,unvalidated_public_osm,0.05041208,-0.14238064,-0.0486937,0.04387133,0.038612094,0.108422816,50.0,built_up,0.8845753968253963,0.45,0.9989697999999999,0.6059516,0.49738740000000004,0.5,0.7,0.65067151,medium,65.1,Medium,000000000000000003ea_0,0.1682,0.2057,0.0486937,0.274,0.2537,0.26025,0.2672,0.2477,0.30205,0.2763,"{""geodesic"":false,""type"":""Point"",""coordinates"":[36.29400360358214,33.49808711328854]}"
osm_1004,مدرسة عارف الكندي,school,33.488924297390525,36.29166798384343,OpenStreetMap,unvalidated_public_osm,0.010134798,-0.029792367,0.07008563,0.01528711,0.008747094,-0.0054948432,50.0,built_up,0.9299443241943239,0.45,1.0,0.3244809175,0.25982874,0.5,0.7,0.5708790575,medium,57.1,Medium,000000000000000003eb_0,0.2975,0.3224,-0.07008563,0.3422,0.3067,0.3101,0.3079,0.33533335,0.297375,0.26113334,"{""geodesic"":false,""type"":""Point"",""coordinates"":[36.29166798384343,33.488924297390525]}"
osm_1005,مدرسة نسيبة الخزرجية,school,33.486049688481344,36.290051016332015,OpenStreetMap,unvalidated_public_osm,0.16241297,-0.24937657,-0.07628488,0.10741962,0.099431805,0.111307174,50.0,built_up,0.6989880952380951,0.45,0.718967575,0.873441425,0.55256976,0.5,0.7,0.6396871547499999,medium,64.0,Medium,000000000000000003ec_0,0.1018,0.1204,0.07628488,0.2004,0.17985,0.1951,0.20735,0.1444,0.2335,0.2081,"{""geodesic"":false,""type"":""Point"",""coordinates"":[36.290051016332015,33.486049688481344]}"
osm_1006,مدرسة عمر أبو ريشة,school,33.48838530822005,36.29112899467296,OpenStreetMap,unvalidated_public_osm,0.23443364,-0.23154648,-0.07181383,0.16540301,0.14611909,0.09338073,50.0,built_up,0.4742748917748917,0.45,0.5389159,0.8288661999999999,0.5436276600000001,0.5,0.7,0.584864981,medium,58.5,Medium,000000000000000003ed_0,0.1035,0.1369,0.07181383,0.2194,0.19525,0.22465,0.2387,0.13606666,0.25335,0.2356,"{""geodesic"":false,""type"":""Point"",""coordinates"":[36.29112899467296,33.48838530822005]}"
osm_1007,مدرسة عبد الرحمن الكواكبي,school,33.48838530822005,36.29184764690026,OpenStreetMap,unvalidated_public_osm,0.033168826,-0.10326742,0.029447094,0.036969755,0.031612337,0.08031046,50.0,built_up,0.9154325396825395,0.45,1.0,0.5081685499999999,0.341105812,0.5,0.7,0.6157442912,medium,61.6,Medium,000000000000000003ee_0,0.26973334,0.36584,-0.029447094,0.4501,0.37605,0.3755,0.383975,0.4212,0.42435,0.3831,"{""geodesic"":false,""type"":""Point"",""coordinates"":[36.29184764690026,33.48838530822005]}"
osm_1009,مدرسة تاج النساء,school,33.486049688481344,36.290769668559314,OpenStreetMap,unvalidated_public_osm,0.07377979,-0.17131394,-0.09551583,0.055479683,0.05183413,0.14091305,50.0,built_up,0.8504616402116402,0.45,0.9405505249999999,0.6782848499999999,0.5910316600000001,0.5,0.7,0.6598977672499999,medium,66.0,Medium,000000000000000003f0_0,0.1328,0.16732,0.09551583,0.2365,0.23116666,0.2476,0.256,0.204,0.28645,0.2463,"{""geodesic"":false,""type"":""Point"",""coordinates"":[36.290769668559314,33.486049688481344]}"
osm_1010,مدرسة الإمام الرشيد الرضا,school,33.48569036236769,36.29310528829802,OpenStreetMap,unvalidated_public_osm,0.06846092,-0.1498914,-0.030820848,0.06803747,0.05577892,0.08786832,50.0,built_up,0.98625,0.45,0.9538477000000001,0.6247285,0.46164169600000005,0.5,0.7,0.6395717946,medium,64.0,Medium,000000000000000003f1_0,0.1978,0.2348,0.030820848,0.3176,0.3245,0.3325,0.33633333,0.2769,0.3378,0.30785,"{""geodesic"":false,""type"":""Point"",""coordinates"":[36.29310528829802,33.48569036236769]}"
osm_1011,مدرسة دار العلوم والتربية والتعليم,school,33.48676834070864,36.29238663607073,OpenStreetMap,unvalidated_public_osm,0.19132692,-0.2513967,-0.21084008,0.09815858,0.09423277,0.19161785,30.0,grassland,0.2665343915343916,0.4,0.6466826999999999,0.87849175,0.8216801600000001,0.5,0.7,0.634537041,medium,63.5,Medium,000000000000000003f2_0,0.073,0.0871,0.21084008,0.1456,0.1661,0.18965,0.19,0.09883333,0.2234,0.18755,"{""geodesic"":false,""type"":""Point"",""coordinates"":[36.29238663607073,33.486768340708636]}"
osm_1014,ثانوية الميدان المهنية,school,33.48910396044735,36.295081581923085,OpenStreetMap,unvalidated_public_osm,0.06866077,-0.124865815,-0.06525942,0.0716109,0.05567806,0.09669586,50.0,built_up,0.98090873015873,0.45,0.9533480750000001,0.5621645375000001,0.53051884,0.5,0.7,0.6338218102500001,medium,63.4,Medium,000000000000000003f5_0,0.2064,0.2446,0.06525942,0.3144,0.32075,0.3228,0.31815,0.274,0.3583,0.3358,"{""geodesic"":false,""type"":""Point"",""coordinates"":[36.295081581923085,33.48910396044735]}"
osm_1015,مدرسة عدنان أبو دبوسة,school,33.49090059101559,36.297237538604975,OpenStreetMap,unvalidated_public_osm,0.034357626,-0.13896865,0.020414999,0.03764629,0.032889493,0.088920414,50.0,built_up,0.8761574074074074,0.45,1.0,0.597421625,0.35917000200000004,0.5,0.7,0.6354013251999999,medium,63.5,Medium,000000000000000003f6_0,0.2665,0.3448,-0.020414999,0.4561,0.402825,0.408325,0.41095,0.4258,0.43785,0.388275,"{""geodesic"":false,""type"":""Point"",""coordinates"":[36.297237538604975,33.49090059101559]}"
osm_1016,ثانوية متفوقين القنيطرة,school,33.48209710123122,36.29472225580944,OpenStreetMap,unvalidated_public_osm,0.033657704,-0.11666379,-0.08886389,0.03423327,0.02808592,0.12439917,50.0,built_up,0.8405648148148148,0.45,1.0,0.541659475,0.57772778,0.5,0.7,0.646104673,medium,64.6,Medium,000000000000000003f7_0,0.2134,0.2563,0.08886389,0.324,0.3483,0.3587,0.35763332,0.3029,0.3872,0.3613,"{""geodesic"":false,""type"":""Point"",""coordinates"":[36.29472225580944,33.48209710123122]}"
osm_1017,مدرسة محمد طلال المفتي,school,33.48227676428804,36.295800234150384,OpenStreetMap,unvalidated_public_osm,0.05247525,-0.09493562,-0.058875617,0.057755183,0.043128394,0.0884732,50.0,built_up,0.9663002645502646,0.45,0.9938118749999999,0.48733905,0.517751234,0.5,0.7,0.6276959021499999,medium,62.8,Medium,000000000000000003f8_0,0.222,0.2636,0.058875617,0.3189,0.3161,0.3313,0.32765,0.2871,0.3588,0.3365,"{""geodesic"":false,""type"":""Point"",""coordinates"":[36.295800234150384,33.48227676428804]}"
osm_1018,مدرسة آفاق,school,33.57749818440471,36.35419072761815,OpenStreetMap,unvalidated_public_osm,0.0976954,-0.16884503,0.04669771,0.11086476,0.09011092,0.05246379,50.0,built_up,0.8788214285714283,0.45,0.8807615,0.6721125750000001,0.30660458,0.5,0.7,0.615273348,medium,61.5,Medium,000000000000000003f9_0,0.2454,0.3116,-0.04669771,0.4382,0.35015,0.3818,0.39235,0.3602,0.3991,0.35535,"{""geodesic"":false,""type"":""Point"",""coordinates"":[36.35419072761815,33.57749818440471]}"
osm_1020,مدرسة الريادة العلمية الخاصة,school,33.580911782484364,36.3545500537318,OpenStreetMap,unvalidated_public_osm,0.3092773,-0.39028472,-0.033900805,0.24835324,0.2336047,0.09410615,50.0,built_up,0.3729614367114366,0.45,0.35180675000000006,1.0,0.46780161000000003,0.5,0.7,0.5647318485,medium,56.5,Medium,000000000000000003fb_0,0.1072,0.1456,0.033900805,0.332,0.2806,0.32515,0.3431,0.17515,0.3553,0.30275,"{""geodesic"":false,""type"":""Point"",""coordinates"":[36.3545500537318,33.580911782484364]}"
osm_1021,اعدادية ضاحية الاسد,school,33.5827084130526,36.363533206573,OpenStreetMap,unvalidated_public_osm,0.0070060864,-0.050682247,-0.00034773408,0.010091517,0.0066352244,0.057197493,50.0,built_up,0.8795846560846559,0.45,1.0,0.3767056175,0.40069546816,0.5,0.7,0.595410670316,medium,59.5,Medium,000000000000000003fc_0,0.3328,0.3896,0.00034773408,0.4312,0.4118,0.4012,0.3961,0.4252,0.4315,0.4164,"{""geodesic"":false,""type"":""Point"",""coordinates"":[36.363533206572995,33.5827084130526]}"
osm_1023,مدرسة الشهيد اللواء عبد الرحمن سليمان ابراهيم,school,33.58468470667766,36.36766545687994,OpenStreetMap,unvalidated_public_osm,0.014787439,-0.07752702,-0.029177718,0.019697167,0.0140597625,0.08278709,50.0,built_up,0.8592819865319865,0.45,1.0,0.44381755,0.458355436,0.5,0.7,0.6145990536,medium,61.5,Medium,000000000000000003fe_0,0.3164,0.376,0.029177718,0.4392,0.441,0.4327,0.4301,0.4264,0.4656,0.4647,"{""geodesic"":false,""type"":""Point"",""coordinates"":[36.36766545687994,33.58468470667766]}"
osm_1024,مدرسة الفقهاء الصالحين,school,33.483893731799455,36.29975282140051,OpenStreetMap,unvalidated_public_osm,0.040914536,-0.11684954,0.005813922,0.04246547,0.03502745,0.07639682,50.0,built_up,0.9755555555555556,0.45,1.0,0.54212385,0.388372156,0.5,0.7,0.6272619856,medium,62.7,Medium,000000000000000003ff_0,0.221,0.2736,-0.005813922,0.346,0.2902,0.2944,0.3024,0.3188,0.342,0.33086666,"{""geodesic"":false,""type"":""Point"",""coordinates"":[36.29975282140051,33.483893731799455]}"
osm_1026,مدرسة الزاهرة القديمة,school,33.491080254072415,36.29975282140051,OpenStreetMap,unvalidated_public_osm,0.044240333,-0.14199825,-0.055433672,0.044257082,0.036693957,0.10682215,50.0,built_up,0.9748253968253967,0.45,1.0,0.6049956249999999,0.510867344,0.5,0.7,0.6520858594,medium,65.2,Medium,00000000000000000401_0,0.20675,0.2426,0.055433672,0.3229,0.32263333,0.3259,0.3335,0.29554,0.3608,0.3399,"{""geodesic"":false,""type"":""Point"",""coordinates"":[36.29975282140051,33.491080254072415]}"
osm_1028,روضة دار الكرم,school,33.49736846106125,36.29813585388909,OpenStreetMap,unvalidated_public_osm,0.06283975,-0.14205608,-0.08635516,0.049651235,0.04516095,0.1312025,50.0,built_up,0.907606782106782,0.45,0.967900625,0.6051402,0.57271032,0.5,0.7,0.65027422825,medium,65.0,Medium,00000000000000000403_0,0.1443,0.1836,0.08635516,0.2444,0.2457,0.26303333,0.26405,0.2155,0.2906,0.2679,"{""geodesic"":false,""type"":""Point"",""coordinates"":[36.29813585388909,33.49736846106125]}"
osm_1029,روضة المنارة الخاصة,school,33.49664980883395,36.297417201661794,OpenStreetMap,unvalidated_public_osm,0.0426106,-0.12025502,-0.08893274,0.03552001,0.031777978,0.13272218,50.0,built_up,0.8381041366041366,0.45,1.0,0.55063755,0.57786548,0.5,0.7,0.647914058,medium,64.8,Medium,00000000000000000404_0,0.15933333,0.2024,0.08893274,0.25773335,0.2602,0.2629,0.270075,0.23666666,0.30805,0.279775,"{""geodesic"":false,""type"":""Point"",""coordinates"":[36.297417201661794,33.49664980883395]}"
osm_1030,مدرسة القادسية الابتدائية,school,33.49647014577713,36.29795619083227,OpenStreetMap,unvalidated_public_osm,0.22507244,-0.292346,-0.02502779,0.17931046,0.16283584,0.083773494,50.0,built_up,0.7002301587301584,0.45,0.5623189,0.9808649999999999,0.45005558,0.5,0.7,0.6117582829999999,medium,61.2,Medium,00000000000000000405_0,0.120866664,0.15625,0.02502779,0.28535,0.24535,0.26595,0.27955,0.1805,0.3,0.2578,"{""geodesic"":false,""type"":""Point"",""coordinates"":[36.29795619083227,33.49647014577713]}"
osm_1031,مدرسة الربيع الأنصارية,school,33.484612384026754,36.30316641948016,OpenStreetMap,unvalidated_public_osm,0.041202705,-0.13608752,-0.05076141,0.04523508,0.036441263,0.10473414,50.0,built_up,0.9486494708994708,0.45,1.0,0.5902187999999999,0.50152282,0.5,0.7,0.6481960419999999,medium,64.8,Medium,00000000000000000406_0,0.2406,0.2844,0.05076141,0.374,0.3869,0.37765,0.37525,0.3444,0.414,0.3865,"{""geodesic"":false,""type"":""Point"",""coordinates"":[36.30316641948016,33.484612384026754]}"
osm_1032,مدرسة المختار النموذجية,school,33.489463286561,36.30208844113922,OpenStreetMap,unvalidated_public_osm,0.21410055,-0.2896476,0.042355895,0.14465342,0.13987355,0.053221032,10.0,tree_cover,0.32111952861952875,0.2,0.589748625,0.974119,0.31528821,0.5,0.7,0.52878977725,medium,52.9,Medium,00000000000000000407_0,0.0955,0.129,-0.042355895,0.2342,0.1407,0.1953,0.2073,0.1516,0.21516667,0.1696,"{""geodesic"":false,""type"":""Point"",""coordinates"":[36.30208844113922,33.489463286561]}"
osm_1033,مدرسة المجد الخاصة لتعليم قيادة السيارات,school,33.58917628309826,36.30280709336651,OpenStreetMap,unvalidated_public_osm,0.032090534,-0.15280043,0.009283484,0.031869955,0.029925074,0.10723115,50.0,built_up,0.9377305194805194,0.45,1.0,0.6320010749999999,0.381433032,0.5,0.7,0.6445435182,medium,64.5,Medium,00000000000000000408_0,0.2322,0.3116,-0.009283484,0.424,0.363,0.36683333,0.36925,0.39763334,0.4162,0.3666,"{""geodesic"":false,""type"":""Point"",""coordinates"":[36.30280709336651,33.58917628309826]}"
osm_1034,مدرسة خير الدين الزركلي,school,33.49018193878829,36.30370540865064,OpenStreetMap,unvalidated_public_osm,0.021119464,-0.09151184,-0.017409232,0.023709236,0.018222736,0.078330934,50.0,built_up,0.9881111111111109,0.45,1.0,0.47877959999999997,0.434818464,0.5,0.7,0.6192377664,medium,61.9,Medium,00000000000000000409_0,0.2435,0.28773335,0.017409232,0.3457,0.34525,0.3398,0.3391,0.3314,0.35795,0.34236667,"{""geodesic"":false,""type"":""Point"",""coordinates"":[36.303705408650636,33.49018193878829]}"
osm_1035,مدرسة مناهل الخيرات الخاصة,school,33.49161924324288,36.30154945196875,OpenStreetMap,unvalidated_public_osm,0.06522641,-0.16386743,-0.01743633,0.0539927,0.047992658,0.08931416,50.0,built_up,0.8545021645021643,0.45,0.961933975,0.659668575,0.43487266,0.5,0.7,0.6459044747499999,medium,64.6,Medium,0000000000000000040a_0,0.15366666,0.1842,0.01743633,0.2564,0.21715,0.23035,0.2339,0.225,0.2655,0.23855,"{""geodesic"":false,""type"":""Point"",""coordinates"":[36.30154945196875,33.49161924324288]}"
osm_1036,مدرسة المجد,school,33.585942348075434,36.305322376162046,OpenStreetMap,unvalidated_public_osm,0.060358882,-0.15095173,-0.07076486,0.05109085,0.044830363,0.11672989,50.0,built_up,0.9048835978835978,0.45,0.974102795,0.627379325,0.54152972,0.5,0.7,0.6531545357499999,medium,65.3,Medium,0000000000000000040b_0,0.1592,0.1918,0.07076486,0.26,0.2278,0.23185,0.237975,0.2304,0.2996,0.28045,"{""geodesic"":false,""type"":""Point"",""coordinates"":[36.305322376162046,33.585942348075434]}"
osm_1037,ثانوية التل الشرعية للبنات,school,33.58845763087097,36.30675968061664,OpenStreetMap,unvalidated_public_osm,0.0240145,-0.09895454,-0.025582079,0.029550338,0.02299682,0.09376822,50.0,built_up,0.8548637566137567,0.45,1.0,0.49738635000000003,0.45116415800000004,0.5,0.7,0.6245936858,medium,62.5,Medium,0000000000000000040c_0,0.2991,0.3706,0.025582079,0.452,0.4487,0.439575,0.439175,0.4308,0.47573334,0.44515,"{""geodesic"":false,""type"":""Point"",""coordinates"":[36.30675968061664,33.58845763087097]}"
osm_1038,ثانوية سعد سعد,school,33.48443272096993,36.30334608253698,OpenStreetMap,unvalidated_public_osm,0.08738716,-0.1728395,-0.09040692,0.06817555,0.062401738,0.1332733,50.0,built_up,0.8852380952380952,0.45,0.9065321,0.68209875,0.58081384,0.5,0.7,0.6511341589999999,medium,65.1,Medium,0000000000000000040d_0,0.138,0.1742,0.09040692,0.247,0.2345,0.25205,0.2593,0.2073,0.2961,0.2665,"{""geodesic"":false,""type"":""Point"",""coordinates"":[36.30334608253698,33.48443272096993]}"
osm_1040,مدرسة عبدالرحمن الكواكبي,school,33.58989493532556,36.30711900673029,OpenStreetMap,unvalidated_public_osm,0.017614493,-0.081283405,-0.031145211,0.022036139,0.01621872,0.08499669,50.0,built_up,0.9590740740740741,0.45,1.0,0.4532085125,0.46229042200000003,0.5,0.7,0.6168707447,medium,61.7,Medium,0000000000000000040f_0,0.2878,0.3436,0.031145211,0.4044,0.3795,0.3866,0.3896,0.3904,0.4304,0.41145,"{""geodesic"":false,""type"":""Point"",""coordinates"":[36.30711900673029,33.58989493532556]}"
osm_1041,مدرسة ذوقان القسيمي,school,33.61109517603078,36.31286822454865,OpenStreetMap,unvalidated_public_osm,0.033794735,-0.13442504,-0.048493553,0.037495155,0.031223593,0.11347073,50.0,built_up,0.9348822751322753,0.45,1.0,0.5860626,0.496987106,0.5,0.7,0.6469112306,medium,64.7,Medium,00000000000000000410_0,0.2576,0.31626666,0.048493553,0.4145,0.3984,0.4026,0.40113333,0.3874,0.45675,0.4198,"{""geodesic"":false,""type"":""Point"",""coordinates"":[36.31286822454865,33.61109517603078]}"
osm_1042,اعدادية التل المحدثة للبنين,school,33.61253248048537,36.30675968061664,OpenStreetMap,unvalidated_public_osm,0.049060833,-0.1477354,-0.051667884,0.048532918,0.04326685,0.1234754,50.0,built_up,0.9021124338624334,0.45,1.0,0.6193384999999999,0.503335768,0.5,0.7,0.6542012768000001,medium,65.4,Medium,00000000000000000411_0,0.2142,0.27786666,0.051667884,0.3742,0.36505,0.36465,0.36675,0.3392,0.414975,0.388825,"{""geodesic"":false,""type"":""Point"",""coordinates"":[36.30675968061664,33.61253248048537]}"
osm_1043,اكاديمية عرنوس للتدريب والتعليم,school,33.61522742633773,36.31143092009406,OpenStreetMap,unvalidated_public_osm,0.073058724,-0.15566552,0.000937203,0.07504277,0.06380047,0.08309991,50.0,built_up,0.9722142857142857,0.45,0.94235319,0.6391638,0.398125594,0.5,0.7,0.6332336168999999,medium,63.3,Medium,00000000000000000412_0,0.2154,0.2731,-0.000937203,0.3738,0.31825,0.3399,0.352,0.3229,0.3731,0.316,"{""geodesic"":false,""type"":""Point"",""coordinates"":[36.31143092009406,33.61522742633773]}"
osm_1045,مدرسة الشهيد عصام صافية,school,33.52521623486896,36.308196985071234,OpenStreetMap,unvalidated_public_osm,0.085154936,-0.2645919,-0.03864611,0.06255762,0.065490715,0.14421172,40.0,cropland,0.4755782828282827,0.35,0.9121126599999999,0.9114797499999999,0.47729222000000004,0.5,0.7,0.6580533369999999,medium,65.8,Medium,00000000000000000414_0,0.1252,0.166,0.03864611,0.28545,0.2427,0.2562,0.2601,0.24065,0.3084,0.2957,"{""geodesic"":false,""type"":""Point"",""coordinates"":[36.308196985071234,33.52521623486896]}"
osm_1046,مدرسة الفاروق الثانوية للإناث,school,33.52503657181213,36.308735974241706,OpenStreetMap,unvalidated_public_osm,0.06318149,-0.17140873,0.026139807,0.058424797,0.053025108,0.08126437,50.0,built_up,0.8929365079365083,0.45,0.967046275,0.6785218249999999,0.347720386,0.5,0.7,0.6422379723499999,medium,64.2,Medium,00000000000000000415_0,0.1874,0.2388,-0.026139807,0.3376,0.2718,0.2855,0.2901,0.297475,0.3204,0.289,"{""geodesic"":false,""type"":""Point"",""coordinates"":[36.308735974241706,33.52503657181213]}"
osm_1047,الثانوية التجارية للإناث,school,33.52449758264166,36.303885071707455,OpenStreetMap,unvalidated_public_osm,0.03532353,-0.11841512,-0.0057039997,0.035775334,0.029742053,0.08295475,50.0,built_up,0.991166666666667,0.45,1.0,0.5460378,0.4114079994,0.5,0.7,0.6303483599399999,medium,63.0,Medium,00000000000000000416_0,0.2138,0.26106668,0.0057039997,0.3312,0.3091,0.314,0.3158,0.3086,0.335,0.31275,"{""geodesic"":false,""type"":""Point"",""coordinates"":[36.303885071707455,33.52449758264166]}"
osm_1048,ثانوية يوسف العظمة,school,33.52377893041436,36.308915637298526,OpenStreetMap,unvalidated_public_osm,0.1518597,-0.22233713,7.051865e-05,0.13998476,0.12570585,0.082842305,50.0,built_up,0.781220298220298,0.45,0.7453507500000001,0.8058428249999999,0.39985896270000004,0.5,0.7,0.61749214877,medium,61.7,Medium,00000000000000000417_0,0.16685,0.2256,-7.051865e-05,0.3546,0.2853,0.31825,0.3328,0.2611,0.35455,0.29725,"{""geodesic"":false,""type"":""Point"",""coordinates"":[36.308915637298526,33.52377893041436]}"
osm_1049,مدرسة زين العرب,school,33.52000600622106,36.30693934367346,OpenStreetMap,unvalidated_public_osm,0.13717438,-0.2163887,0.017042527,0.111619264,0.104851894,0.07946481,50.0,built_up,0.8710103415103413,0.45,0.78206405,0.7909717499999999,0.365914946,0.5,0.7,0.6203018571,medium,62.0,Medium,00000000000000000418_0,0.1392,0.1903,-0.017042527,0.2954,0.2362,0.27373335,0.28576666,0.22413333,0.2855,0.2492,"{""geodesic"":false,""type"":""Point"",""coordinates"":[36.30693934367346,33.52000600622106]}"
osm_1050,مدرسة التل المحدثة للبنين,school,33.61666473079232,36.31286822454865,OpenStreetMap,unvalidated_public_osm,0.011495898,-0.07050557,-0.005475988,0.01598174,0.011229949,0.07135793,50.0,built_up,0.8325518278018275,0.45,1.0,0.426263925,0.410951976,0.5,0.7,0.6063479826,medium,60.6,Medium,00000000000000000419_0,0.3416,0.41,0.005475988,0.4722,0.4292,0.4249,0.4276,0.46146667,0.4774,0.44555,"{""geodesic"":false,""type"":""Point"",""coordinates"":[36.31286822454865,33.61666473079232]}"
osm_1051,ثانوية الشهيد غسان عبود للإناث,school,33.52449758264166,36.30334608253698,OpenStreetMap,unvalidated_public_osm,0.04966209,-0.13454454,0.002638542,0.046336945,0.03959084,0.07808626,50.0,built_up,0.9359404761904759,0.45,1.0,0.58636135,0.39472291600000003,0.5,0.7,0.6367445615999999,medium,63.7,Medium,0000000000000000041a_0,0.186,0.22706667,-0.002638542,0.29766667,0.25846666,0.2731,0.2769,0.2695,0.2961,0.2612,"{""geodesic"":false,""type"":""Point"",""coordinates"":[36.30334608253698,33.52449758264166]}"
osm_1052,ثانوية التل التجارية للبنين,school,33.61702405690597,36.31340721371912,OpenStreetMap,unvalidated_public_osm,0.0392733,-0.12962358,-0.11295228,0.04203662,0.035319548,0.14827567,50.0,built_up,0.730097883597884,0.45,1.0,0.57405895,0.62590456,0.5,0.7,0.657402246,medium,65.7,Medium,0000000000000000041b_0,0.23975,0.299725,0.11295228,0.389,0.43975,0.4332,0.43576667,0.3596,0.48806667,0.45535,"{""geodesic"":false,""type"":""Point"",""coordinates"":[36.313407213719124,33.61702405690597]}"
osm_1053,معهد العلا الحديث,school,33.61432911105361,36.316102159571486,OpenStreetMap,unvalidated_public_osm,0.1097109,-0.2464613,-0.11265885,0.086393096,0.08541747,0.17036194,30.0,grassland,0.6216975393028024,0.4,0.85072275,0.8661532499999999,0.6253177000000001,0.5,0.7,0.6634431074999999,medium,66.3,Medium,0000000000000000041c_0,0.137,0.181,0.11265885,0.2994,0.2795,0.31,0.3169,0.2402,0.375425,0.3218,"{""geodesic"":false,""type"":""Point"",""coordinates"":[36.316102159571486,33.61432911105361]}"
osm_1054,إعدادية فريز مالك,school,33.52359926735754,36.30927496341217,OpenStreetMap,unvalidated_public_osm,0.06298352,-0.1519066,-0.035064023,0.052918937,0.05080277,0.12387216,50.0,built_up,0.8805132275132272,0.45,0.9675412,0.6297664999999999,0.470128046,0.5,0.7,0.6448514046,medium,64.5,Medium,0000000000000000041d_0,0.1618,0.2276,0.035064023,0.30913332,0.2772,0.28385,0.28886667,0.2725,0.3316,0.2915,"{""geodesic"":false,""type"":""Point"",""coordinates"":[36.30927496341217,33.52359926735754]}"
osm_1055,مدرسة الجاحظ,school,33.519646680107414,36.30783765895758,OpenStreetMap,unvalidated_public_osm,0.0848443,-0.15485488,-0.023697564,0.069187365,0.06244483,0.09464323,50.0,built_up,0.9371388888888889,0.45,0.91288925,0.6371372,0.44739512800000003,0.5,0.7,0.6303892653000001,medium,63.0,Medium,0000000000000000041e_0,0.1476,0.1912,0.023697564,0.26126668,0.2359,0.2431,0.2486,0.2204,0.27395,0.2465,"{""geodesic"":false,""type"":""Point"",""coordinates"":[36.30783765895758,33.519646680107414]}"
osm_1056,مدرسة اعلام المجد الخاصة,school,33.59187122895062,36.32706160603774,OpenStreetMap,unvalidated_public_osm,0.045164768,-0.15730482,-0.021839727,0.04620424,0.042890675,0.120704055,50.0,built_up,0.601550061050061,0.45,1.0,0.6432620499999999,0.44367945400000003,0.5,0.7,0.6530203553999999,medium,65.3,Medium,0000000000000000041f_0,0.24185,0.3283,0.021839727,0.45086667,0.4917,0.4878,0.48295,0.4119,0.471,0.385425,"{""geodesic"":false,""type"":""Point"",""coordinates"":[36.32706160603774,33.59187122895062]}"
osm_1057,مدرسة ضاحية البعث حلقة اولى,school,33.596003479257575,36.32328868184444,OpenStreetMap,unvalidated_public_osm,0.04356776,-0.1138777,-0.076607846,0.052579835,0.03977036,0.111115985,50.0,built_up,0.9180423280423281,0.45,1.0,0.5346942499999999,0.553215692,0.5,0.7,0.6422604192,medium,64.2,Medium,00000000000000000420_0,0.2701,0.32266667,0.076607846,0.4056,0.4305,0.4275,0.42785,0.37173334,0.4729,0.4374,"{""geodesic"":false,""type"":""Point"",""coordinates"":[36.32328868184444,33.596003479257575]}"
osm_1058,ثانوية ابن الأثير,school,33.523239941243894,36.30280709336651,OpenStreetMap,unvalidated_public_osm,0.06822076,-0.119453914,0.012510148,0.062074967,0.055104285,0.08021392,50.0,built_up,0.9738439153439151,0.45,0.9544481,0.548634785,0.374979704,0.5,0.7,0.6158369524,medium,61.6,Medium,00000000000000000421_0,0.1786,0.2451,-0.012510148,0.3116,0.2554,0.27103335,0.2864,0.2718,0.3039,0.2783,"{""geodesic"":false,""type"":""Point"",""coordinates"":[36.30280709336651,33.523239941243894]}"
osm_1061,مدرسة النورية,school,33.5097652119821,36.30514271310523,OpenStreetMap,unvalidated_public_osm,0.031681232,-0.156679,-0.066479094,0.024969352,0.02410053,0.14099784,50.0,built_up,0.7697156084656084,0.45,1.0,0.6416974999999999,0.532958188,0.5,0.7,0.6616353188,medium,66.2,Medium,00000000000000000424_0,0.1504,0.1935,0.066479094,0.2654,0.2698,0.2679,0.2727,0.2491,0.3032,0.2853,"{""geodesic"":false,""type"":""Point"",""coordinates"":[36.30514271310523,33.5097652119821]}"
osm_1062,مدرسة سنا المحسنية للإناث,school,33.50239902665232,36.30478338699158,OpenStreetMap,unvalidated_public_osm,0.05543993,-0.12561801,0.048373066,0.06044042,0.04864417,0.050773952,50.0,built_up,0.9641691919191921,0.45,0.9864001750000001,0.564045025,0.30325386800000004,0.5,0.7,0.61973443555,medium,62.0,Medium,00000000000000000425_0,0.2337,0.28886667,-0.048373066,0.37186667,0.3005,0.314,0.3207,0.3328,0.33755,0.3077,"{""geodesic"":false,""type"":""Point"",""coordinates"":[36.30478338699158,33.50239902665232]}"
osm_1063,روضة الأطفال,school,33.468622371969424,36.28322382017271,OpenStreetMap,unvalidated_public_osm,0.055218022,-0.15130766,-0.07946353,0.050671555,0.045146868,0.13284554,50.0,built_up,0.8597483164983165,0.45,0.986954945,0.62826915,0.55892706,0.5,0.7,0.65828527225,medium,65.8,Medium,00000000000000000426_0,0.18426667,0.233,0.07946353,0.31608,0.3103,0.3116,0.31626666,0.283,0.37065,0.3484,"{""geodesic"":false,""type"":""Point"",""coordinates"":[36.28322382017271,33.468622371969424]}"
osm_1064,مدرسة دار الحكمة,school,33.5097652119821,36.297237538604975,OpenStreetMap,unvalidated_public_osm,0.08392662,-0.15494251,-0.09211655,0.06865511,0.06056044,0.12641287,50.0,built_up,0.943873015873016,0.45,0.91518345,0.637356275,0.5842331000000001,0.5,0.7,0.6446904275,medium,64.5,Medium,00000000000000000427_0,0.1478,0.1838,0.09211655,0.2512,0.2536,0.276,0.2818,0.2123,0.302175,0.2888,"{""geodesic"":false,""type"":""Point"",""coordinates"":[36.297237538604975,33.5097652119821]}"
osm_1065,مدرسة احمد شوقي للأبتداءي,school,33.50203970053867,36.305322376162046,OpenStreetMap,unvalidated_public_osm,0.151903,-0.21219282,0.078524135,0.14726052,0.123697214,0.024289202,50.0,built_up,0.6673342953342951,0.45,0.7452424999999999,0.78048205,0.24295173000000003,0.5,0.7,0.596702208,medium,59.7,Medium,00000000000000000428_0,0.1762,0.22226667,-0.078524135,0.342,0.2366,0.2799,0.2897,0.2518,0.2922,0.25115,"{""geodesic"":false,""type"":""Point"",""coordinates"":[36.305322376162046,33.50203970053867]}"
osm_1066,مدرسة قطر الندى,school,33.47203597004908,36.28663741825236,OpenStreetMap,unvalidated_public_osm,0.033051483,-0.14188614,0.01008329,0.033487342,0.030220198,0.09741114,50.0,built_up,0.9552698412698412,0.45,1.0,0.60471535,0.37983342000000003,0.5,0.7,0.638926412,medium,63.9,Medium,00000000000000000429_0,0.2322,0.303,-0.01008329,0.4032,0.3631,0.37145,0.3741,0.3774,0.39515,0.36595,"{""geodesic"":false,""type"":""Point"",""coordinates"":[36.28663741825236,33.47203597004908]}"
osm_1067,مدرسة محمد بدر الدين الغزال,school,33.50293801582279,36.30514271310523,OpenStreetMap,unvalidated_public_osm,0.08111112,-0.15558198,0.012092047,0.088861845,0.07180329,0.06815962,50.0,built_up,0.9709797979797978,0.45,0.9222222,0.6389549499999999,0.37581590600000003,0.5,0.7,0.6259281306,medium,62.6,Medium,0000000000000000042a_0,0.2308,0.2844,-0.012092047,0.3892,0.36005,0.362,0.365,0.3308,0.3799,0.36675,"{""geodesic"":false,""type"":""Point"",""coordinates"":[36.30514271310523,33.50293801582279]}"
osm_1068,مدرسة القدم الأولى,school,33.46826304585578,36.28178651571812,OpenStreetMap,unvalidated_public_osm,0.043237645,-0.13768391,-0.09524522,0.03811674,0.034780197,0.14640464,50.0,built_up,0.6764933862433858,0.45,1.0,0.5942097749999999,0.5904904400000001,0.5,0.7,0.6578909989999999,medium,65.8,Medium,0000000000000000042b_0,0.1762,0.2286,0.09524522,0.3016,0.302,0.29995,0.301025,0.2766,0.3651,0.3425,"{""geodesic"":false,""type"":""Point"",""coordinates"":[36.28178651571812,33.46826304585578]}"
osm_1069,مدرسة الثانوية المحسنية للبنين,school,33.50922622281163,36.30963428952583,OpenStreetMap,unvalidated_public_osm,0.01379409,-0.07207753,0.054159712,0.016951736,0.012058078,0.032271877,50.0,built_up,0.9422658730158731,0.45,1.0,0.430193825,0.291680576,0.5,0.7,0.5952068226,medium,59.5,Medium,0000000000000000042c_0,0.2666,0.3064,-0.054159712,0.354,0.3171,0.315,0.317,0.34436667,0.317625,0.2786,"{""geodesic"":false,""type"":""Point"",""coordinates"":[36.309634289525825,33.50922622281163]}"
osm_1070,ثانوية ديب الرفاعي,school,33.472215633105904,36.283583146286354,OpenStreetMap,unvalidated_public_osm,0.046698194,-0.1500904,-0.032730263,0.04769841,0.04155309,0.109543495,50.0,built_up,0.9357751322751323,0.45,1.0,0.6252260000000001,0.46546052600000004,0.5,0.7,0.6515912526,medium,65.2,Medium,0000000000000000042d_0,0.2243,0.282,0.032730263,0.3816,0.3831,0.3834,0.383175,0.34755,0.407425,0.3962,"{""geodesic"":false,""type"":""Point"",""coordinates"":[36.283583146286354,33.472215633105904]}"
osm_1071,مدرسة القعقاع بن عمر التميمي,school,33.473652937560495,36.282505167945416,OpenStreetMap,unvalidated_public_osm,0.052948255,-0.15740742,-0.046061605,0.05080685,0.04532967,0.11820728,50.0,built_up,0.8690768398268399,0.45,0.9926293625,0.6435185499999999,0.49212321000000003,0.5,0.7,0.656073371625,medium,65.6,Medium,0000000000000000042e_0,0.2009,0.2548,0.046061605,0.35,0.3278,0.3287,0.3317,0.3148,0.3838,0.35855,"{""geodesic"":false,""type"":""Point"",""coordinates"":[36.282505167945416,33.473652937560495]}"
osm_1072,معروف الأرناؤوط,school,33.47239529616272,36.28681708130919,OpenStreetMap,unvalidated_public_osm,0.0359891,-0.12355317,-0.0061904746,0.040394492,0.033312928,0.089468025,50.0,built_up,0.968435185185185,0.45,1.0,0.558882925,0.4123809492,0.5,0.7,0.6330146799199999,medium,63.3,Medium,0000000000000000042f_0,0.2604,0.3256,0.0061904746,0.4174,0.3812,0.382375,0.38333333,0.3884,0.4226,0.401,"{""geodesic"":false,""type"":""Point"",""coordinates"":[36.28681708130919,33.47239529616272]}"
osm_1073,مدرسة رشيد الخطيب,school,33.473652937560495,36.28160685266129,OpenStreetMap,unvalidated_public_osm,0.025820434,-0.11115373,-0.0017670236,0.029370848,0.023270959,0.079018295,50.0,built_up,0.9819365079365078,0.45,1.0,0.527884325,0.4035340472,0.5,0.7,0.62593026972,medium,62.6,Medium,00000000000000000430_0,0.25753334,0.3088,0.0017670236,0.38603333,0.3469,0.3484,0.3536,0.3666,0.3874,0.3712,"{""geodesic"":false,""type"":""Point"",""coordinates"":[36.28160685266129,33.473652937560495]}"
osm_1075,مدرسة مجاهد العامري الدمشقي,school,33.47203597004908,36.283403483229534,OpenStreetMap,unvalidated_public_osm,0.07593896,-0.13631907,-0.008768771,0.08132781,0.06421595,0.07170335,50.0,built_up,0.9734721019721021,0.45,0.9351526,0.5907976749999999,0.41753754200000004,0.5,0.7,0.6237014392,medium,62.4,Medium,00000000000000000432_0,0.2174,0.2642,0.008768771,0.3476,0.291,0.3165,0.3265,0.29853332,0.35375,0.32025,"{""geodesic"":false,""type"":""Point"",""coordinates"":[36.283403483229534,33.47203597004908]}"
osm_1076,مدرسة أبي حنيفة النعمان,school,33.48353440568581,36.28681708130919,OpenStreetMap,unvalidated_public_osm,0.042057995,-0.10739858,-0.11250219,0.036517065,0.031218437,0.13545613,50.0,built_up,0.8923452380952379,0.45,1.0,0.51849645,0.62500438,0.5,0.7,0.646199728,medium,64.6,Medium,00000000000000000433_0,0.167,0.2057,0.11250219,0.2552,0.26776665,0.26883334,0.27085,0.2346,0.3199,0.3007,"{""geodesic"":false,""type"":""Point"",""coordinates"":[36.28681708130919,33.48353440568581]}"
osm_1078,مدرسة رياض قصّار,school,33.499883743856785,36.31556317040101,OpenStreetMap,unvalidated_public_osm,0.044496935,-0.11985202,-0.13694005,0.04063762,0.03498003,0.15591373,50.0,built_up,0.8149841269841267,0.45,1.0,0.54963005,0.6738801000000001,0.5,0.7,0.65731402,medium,65.7,Medium,00000000000000000435_0,0.18115,0.226,0.13694005,0.28755,0.32435,0.3226,0.3246,0.26305,0.3788,0.35365,"{""geodesic"":false,""type"":""Point"",""coordinates"":[36.31556317040101,33.499883743856785]}"
osm_1079,مدرسة زهرة المدائن,school,33.47329361144685,36.281966178774944,OpenStreetMap,unvalidated_public_osm,0.05124343,-0.16371223,-0.07023242,0.043679364,0.039580926,0.12746592,50.0,built_up,0.8774100529100525,0.45,0.996891425,0.6592805749999999,0.5404648400000001,0.5,0.7,0.66512545525,medium,66.5,Medium,00000000000000000436_0,0.1644,0.2005,0.07023242,0.279,0.2784,0.279,0.2845,0.2518,0.32115,0.3041,"{""geodesic"":false,""type"":""Point"",""coordinates"":[36.281966178774944,33.47329361144685]}"
osm_1080,مدرسة دمشق الوطنية,school,33.5097652119821,36.29705787554815,OpenStreetMap,unvalidated_public_osm,0.06025994,-0.14675188,-0.05144471,0.05045175,0.045544747,0.11395382,50.0,built_up,0.915141534391534,0.45,0.9743501499999999,0.6168797,0.50288942,0.5,0.7,0.6472524194999999,medium,64.7,Medium,00000000000000000437_0,0.15793334,0.2003,0.05144471,0.2692,0.2508,0.2703,0.2738,0.2386,0.2984,0.29,"{""geodesic"":false,""type"":""Point"",""coordinates"":[36.29705787554815,33.5097652119821]}"
osm_1082,ثانوية فايز منصور,school,33.5097652119821,36.29382394052532,OpenStreetMap,unvalidated_public_osm,0.04183557,-0.14785743,-0.058343913,0.033607826,0.031685285,0.12966269,50.0,built_up,0.8319731842231838,0.45,1.0,0.619643575,0.5166878260000001,0.5,0.7,0.6555974976,medium,65.6,Medium,00000000000000000439_0,0.1526,0.1972,0.058343913,0.26563334,0.257825,0.256975,0.261275,0.2443,0.29855,0.27553332,"{""geodesic"":false,""type"":""Point"",""coordinates"":[36.29382394052532,33.5097652119821]}"
osm_1083,مدرسة ست العرب,school,33.47113765476496,36.2898713532752,OpenStreetMap,unvalidated_public_osm,0.10617877,-0.1923699,-0.067980774,0.102918945,0.09101818,0.12505855,50.0,built_up,0.8447019739519739,0.45,0.8595530749999999,0.73092475,0.535961548,0.5,0.7,0.64466937355,medium,64.5,Medium,0000000000000000043a_0,0.1916,0.2498,0.067980774,0.3688,0.3564,0.37,0.3773,0.298,0.4226,0.38166666,"{""geodesic"":false,""type"":""Point"",""coordinates"":[36.289871353275196,33.47113765476496]}"
osm_1086,مدرسة محمود سويدة,school,33.52162297373248,36.33730240027671,OpenStreetMap,unvalidated_public_osm,0.089257486,-0.21150889,-0.09891368,0.07004927,0.06736883,0.15439042,50.0,built_up,0.4938802401302401,0.45,0.901856285,0.7787722250000001,0.59782736,0.5,0.7,0.67100125225,medium,67.1,Medium,0000000000000000043d_0,0.1395,0.1795,0.09891368,0.2758,0.23595,0.24545,0.2511,0.2306,0.33635,0.3047,"{""geodesic"":false,""type"":""Point"",""coordinates"":[36.337302400276705,33.52162297373248]}"
osm_1087,مدارس جوبر المحدثة,school,33.51982634316423,36.33011587800375,OpenStreetMap,unvalidated_public_osm,0.058917627,-0.16352983,-0.053158537,0.057870075,0.05303152,0.1305028,50.0,built_up,0.8829984367484364,0.45,0.9777059325,0.6588245749999999,0.506317074,0.5,0.7,0.656823105525,medium,65.7,Medium,0000000000000000043e_0,0.2141,0.28555,0.053158537,0.3972,0.3595,0.36658335,0.3759,0.353,0.4418,0.394125,"{""geodesic"":false,""type"":""Point"",""coordinates"":[36.330115878003745,33.51982634316423]}"
osm_1088,مدرسة المليحة السابعة,school,33.4887446343337,36.36425185880029,OpenStreetMap,unvalidated_public_osm,0.023799397,-0.088075854,-0.019635785,0.032592237,0.023313897,0.08024519,50.0,built_up,0.7726468253968253,0.45,1.0,0.47018963499999994,0.43927157,0.5,0.7,0.617965084,medium,61.8,Medium,0000000000000000043f_0,0.336,0.4038,0.019635785,0.4818,0.4799,0.4672,0.47865,0.4594,0.5011,0.47665,"{""geodesic"":false,""type"":""Point"",""coordinates"":[36.36425185880029,33.4887446343337]}"
osm_1089,مدرسة المليحة الرابعة,school,33.487486992935935,36.376109620550665,OpenStreetMap,unvalidated_public_osm,0.07371974,-0.16804405,-0.049445763,0.07562199,0.06491575,0.112923555,50.0,built_up,0.9432010582010583,0.45,0.94070065,0.6701101249999999,0.49889152600000003,0.5,0.7,0.6490863401,medium,64.9,Medium,00000000000000000440_0,0.2166,0.2718,0.049445763,0.3816,0.3515,0.3703,0.3852,0.3292,0.4213,0.3822,"{""geodesic"":false,""type"":""Point"",""coordinates"":[36.376109620550665,33.487486992935935]}"
osm_1092,نوية الغوطة الشرقية,school,33.511561842550336,36.37179770718689,OpenStreetMap,unvalidated_public_osm,0.037931032,-0.10526316,-0.07283578,0.040416412,0.03311037,0.11887332,50.0,built_up,0.9426244588744589,0.45,1.0,0.5131579,0.54567156,0.5,0.7,0.637198736,medium,63.7,Medium,00000000000000000443_0,0.2316,0.2924,0.07283578,0.3612,0.38105,0.379,0.3809,0.3348,0.41795,0.3797,"{""geodesic"":false,""type"":""Point"",""coordinates"":[36.37179770718689,33.511561842550336]}"
osm_1093,مدرسة طلحة دلال,school,33.51695173425505,36.348980498970256,OpenStreetMap,unvalidated_public_osm,0.03468514,-0.0987536,-0.13011575,0.038421806,0.029689593,0.13942093,50.0,built_up,0.8232883597883597,0.45,1.0,0.496884,0.6602315000000001,0.5,0.7,0.64539995,medium,64.5,Medium,00000000000000000444_0,0.2358,0.282,0.13011575,0.3438,0.3743,0.37425,0.37845,0.32075,0.44665,0.41325,"{""geodesic"":false,""type"":""Point"",""coordinates"":[36.348980498970256,33.51695173425505]}"
osm_1094,ثانوية عين ترما للبنات,school,33.51587375591411,36.35239409704991,OpenStreetMap,unvalidated_public_osm,0.055192884,-0.13429026,-0.008918603,0.058860768,0.047529817,0.0793147,50.0,built_up,0.9690396825396825,0.45,0.98701779,0.58572565,0.417837206,0.5,0.7,0.6356832980999999,medium,63.6,Medium,00000000000000000445_0,0.2248,0.2714,0.008918603,0.3556,0.2916,0.2955,0.3041,0.3184,0.362,0.3361,"{""geodesic"":false,""type"":""Point"",""coordinates"":[36.35239409704991,33.51587375591411]}"
osm_1095,مدرسة عين ترما بنين,school,33.517311060368705,36.34862117285661,OpenStreetMap,unvalidated_public_osm,0.040260486,-0.14127961,-0.1211155,0.039618935,0.03470566,0.15761867,50.0,built_up,0.7253637566137564,0.45,1.0,0.603199025,0.642231,0.5,0.7,0.664862905,medium,66.5,Medium,00000000000000000446_0,0.2107,0.2644,0.1211155,0.3514,0.39055,0.3842,0.3808,0.3242,0.44825,0.41485,"{""geodesic"":false,""type"":""Point"",""coordinates"":[36.34862117285661,33.517311060368705]}"
osm_1096,مدرسة طلحة دلال,school,33.51533476674364,36.34880083591344,OpenStreetMap,unvalidated_public_osm,0.03394257,-0.073817454,0.095183216,0.06990084,0.03736429,0.0016362792,50.0,built_up,0.5164783272283271,0.45,1.0,0.434543635,0.20963356800000002,0.5,0.7,0.5878720838,medium,58.8,Medium,00000000000000000447_0,0.538,0.6148,-0.095183216,0.7128,0.58,0.5898,0.58,0.666,0.5889,0.5504,"{""geodesic"":false,""type"":""Point"",""coordinates"":[36.34880083591344,33.51533476674364]}"
osm_1098,مدرسة حافظ الذهبي للبنين,school,33.51138217949352,36.37269602247101,OpenStreetMap,unvalidated_public_osm,0.037153512,-0.089182496,-0.006215881,0.03566844,0.028105471,0.06268162,50.0,built_up,0.7750008417508416,0.45,1.0,0.47295623999999997,0.41243176200000004,0.5,0.7,0.6158344242,medium,61.6,Medium,00000000000000000449_0,0.1878,0.2206,0.006215881,0.2638,0.2206,0.2232,0.22465,0.2449,0.2671,0.2471,"{""geodesic"":false,""type"":""Point"",""coordinates"":[36.37269602247101,33.511382179493516]}"
osm_1102,مدرسة القزاز الأولى,school,33.49000227573147,36.31861744236702,OpenStreetMap,unvalidated_public_osm,0.03252549,-0.10098605,-0.06638797,0.033826336,0.027146896,0.108002484,50.0,built_up,0.9803015873015872,0.45,1.0,0.502465125,0.5327759400000001,0.5,0.7,0.633770619,medium,63.4,Medium,0000000000000000044d_0,0.2182,0.2644,0.06638797,0.3238,0.3264,0.3227,0.3265,0.3034,0.36985,0.34415,"{""geodesic"":false,""type"":""Point"",""coordinates"":[36.31861744236702,33.49000227573147]}"
osm_1104,مدرسة القزاز المختلطة,school,33.48353440568581,36.32436666018538,OpenStreetMap,unvalidated_public_osm,0.0114618335,-0.077790305,-0.060134377,0.01145093,0.009136922,0.10061976,50.0,built_up,0.9342764550264552,0.45,1.0,0.4444757625,0.520268754,0.5,0.7,0.6209220279000001,medium,62.1,Medium,0000000000000000044f_0,0.2066,0.2454,0.060134377,0.2868,0.2747,0.2771,0.2819,0.2803,0.3235,0.3104,"{""geodesic"":false,""type"":""Point"",""coordinates"":[36.32436666018538,33.48353440568581]}"
osm_1105,مدرسة القزاز الثالثة المختلطة,school,33.486229351538164,36.32023440987843,OpenStreetMap,unvalidated_public_osm,0.040939078,-0.11747196,-0.092354,0.0377773,0.032580085,0.13187328,50.0,built_up,0.8647791005291003,0.45,1.0,0.5436799,0.584708,0.5,0.7,0.64720678,medium,64.7,Medium,00000000000000000450_0,0.1852,0.23226666,0.092354,0.2941,0.3028,0.3048,0.30725,0.27096668,0.35395,0.33135,"{""geodesic"":false,""type"":""Point"",""coordinates"":[36.32023440987843,33.486229351538164]}"
osm_1107,مدرسة يزن هيثم دبوس,school,33.48551069931087,36.35221443399309,OpenStreetMap,unvalidated_public_osm,0.0744607,-0.18193416,-0.09540081,0.055094067,0.05171304,0.14117575,50.0,built_up,0.8505462962962964,0.45,0.93884825,0.7048354000000001,0.59080162,0.5,0.7,0.6647593045,medium,66.5,Medium,00000000000000000452_0,0.1296,0.1603,0.09540081,0.2316,0.24,0.25185,0.25645,0.1995,0.28045,0.2506,"{""geodesic"":false,""type"":""Point"",""coordinates"":[36.35221443399309,33.48551069931087]}"
osm_1108,روضة البيلسان,school,33.48479204708357,36.35419072761815,OpenStreetMap,unvalidated_public_osm,0.031518634,-0.12581186,-0.097918265,0.024634792,0.022491356,0.13972664,50.0,built_up,0.824138528138528,0.45,1.0,0.56452965,0.59583653,0.5,0.7,0.6524895829999999,medium,65.2,Medium,00000000000000000453_0,0.1468,0.1817,0.097918265,0.234,0.2334,0.23975,0.2424,0.2197,0.2848,0.2519,"{""geodesic"":false,""type"":""Point"",""coordinates"":[36.35419072761815,33.48479204708357]}"
osm_1109,مدرسة هيثم دبوس,school,33.48479204708357,36.35275342316356,OpenStreetMap,unvalidated_public_osm,0.031978335,-0.12032953,0.0054789134,0.03305787,0.028594522,0.089970656,50.0,built_up,0.9672658730158732,0.45,1.0,0.5508238249999999,0.3890421732,0.5,0.7,0.62906898232,medium,62.9,Medium,00000000000000000454_0,0.2319,0.299,-0.0054789134,0.3808,0.34155,0.3346,0.33875,0.3572,0.37665,0.3453,"{""geodesic"":false,""type"":""Point"",""coordinates"":[36.35275342316356,33.48479204708357]}"
osm_1110,مدرسة مسعود صفايا,school,33.484612384026754,36.35275342316356,OpenStreetMap,unvalidated_public_osm,0.05488192,-0.13725486,-0.058320872,0.051472325,0.04579338,0.12231608,50.0,built_up,0.9231574074074073,0.45,0.9877952000000001,0.59313715,0.5166417440000001,0.5,0.7,0.6472404044000001,medium,64.7,Medium,00000000000000000455_0,0.1916,0.2508,0.058320872,0.3306,0.329,0.3334,0.34035,0.2962,0.37155,0.3443,"{""geodesic"":false,""type"":""Point"",""coordinates"":[36.35275342316356,33.484612384026754]}"
osm_1111,مدرسة نزيه ابو زيد,school,33.485331036254046,36.34430925949284,OpenStreetMap,unvalidated_public_osm,0.026950903,-0.09830068,-0.07608795,0.02389953,0.02015642,0.11352022,50.0,built_up,0.9116309523809525,0.45,1.0,0.4957517,0.5521759,0.5,0.7,0.63436793,medium,63.4,Medium,00000000000000000456_0,0.174,0.2096,0.07608795,0.2553,0.251,0.25485,0.25895,0.2419,0.29735,0.2831,"{""geodesic"":false,""type"":""Point"",""coordinates"":[36.34430925949284,33.485331036254046]}"
osm_1112,مدرسة الأهلية,school,33.486049688481344,36.35724499958416,OpenStreetMap,unvalidated_public_osm,0.07071406,-0.13678816,-0.04160556,0.06774397,0.056955002,0.09754443,50.0,built_up,0.9859801587301587,0.45,0.94821485,0.5919704,0.48321112,0.5,0.7,0.6337689045,medium,63.4,Medium,00000000000000000457_0,0.1885,0.2357,0.04160556,0.3104,0.2599,0.2835,0.28565,0.2694,0.33735,0.3077,"{""geodesic"":false,""type"":""Point"",""coordinates"":[36.357244999584154,33.486049688481344]}"
osm_1113,مدرسة حسان أديب بشير,school,33.48730732987911,36.34916016202708,OpenStreetMap,unvalidated_public_osm,0.048331406,-0.16273133,-0.11553401,0.03913286,0.03700802,0.16269492,50.0,built_up,0.7533655881155881,0.45,1.0,0.6568283250000001,0.6310680200000001,0.5,0.7,0.674472467,medium,67.4,Medium,00000000000000000458_0,0.1536,0.1968,0.11553401,0.2733,0.3079,0.3039,0.3157,0.2481,0.3447,0.3185,"{""geodesic"":false,""type"":""Point"",""coordinates"":[36.34916016202708,33.48730732987911]}"
osm_1114,مدرسة هيثم عبد السلام,school,33.48730732987911,36.34969915119756,OpenStreetMap,unvalidated_public_osm,0.18152471,-0.25706738,-0.09155128,0.12811525,0.121468924,0.13335428,50.0,built_up,0.7624850889850892,0.45,0.6711882250000001,0.8926684500000001,0.58310256,0.5,0.7,0.63464100225,medium,63.5,Medium,00000000000000000459_0,0.1067,0.1406,0.09155128,0.2379,0.22215,0.2495,0.26175,0.1648,0.28585,0.2538,"{""geodesic"":false,""type"":""Point"",""coordinates"":[36.349699151197555,33.48730732987911]}"
osm_1115,School martyr Bassel Samer Fahed (formerly Martyr Zahi chubby) مدرسة الشهيد باسل سامر فهد (سابقا الشهيد زاهي السمين),school,33.48694800376546,36.35095679259532,OpenStreetMap,unvalidated_public_osm,0.07225726,-0.16188794,-0.030102184,0.060382348,0.053717326,0.09661393,50.0,built_up,0.9023862433862433,0.45,0.94435685,0.6547198500000001,0.46020436800000003,0.5,0.7,0.6430536193,medium,64.3,Medium,0000000000000000045a_0,0.1548,0.19,0.030102184,0.2634,0.2243,0.228,0.23695,0.2279,0.27975,0.25835,"{""geodesic"":false,""type"":""Point"",""coordinates"":[36.35095679259532,33.48694800376546]}"
osm_1116,مدرسة البصة,school,33.471496980878605,36.30280709336651,OpenStreetMap,unvalidated_public_osm,0.06307211,-0.15267117,-0.071783856,0.06708451,0.055161797,0.11759058,50.0,built_up,0.9482751322751319,0.45,0.967319725,0.631677925,0.543567712,0.5,0.7,0.65252228745,medium,65.3,Medium,0000000000000000045b_0,0.2258,0.2732,0.071783856,0.37165,0.3713,0.3721,0.37826666,0.32755,0.42913333,0.4026,"{""geodesic"":false,""type"":""Point"",""coordinates"":[36.30280709336651,33.471496980878605]}"
osm_1117,روضة جيل الغد,school,33.46934102419672,36.30298675642334,OpenStreetMap,unvalidated_public_osm,0.048355937,-0.11522636,0.017430961,0.05040907,0.0428992,0.07844028,50.0,built_up,0.9681230158730161,0.45,1.0,0.5380659,0.36513807800000003,0.5,0.7,0.6241269878,medium,62.4,Medium,0000000000000000045c_0,0.228,0.301,-0.017430961,0.3794,0.3176,0.32245,0.3216,0.3444,0.3664,0.331,"{""geodesic"":false,""type"":""Point"",""coordinates"":[36.30298675642334,33.46934102419672]}"
osm_1118,مدرسة ببيلا للبنين,school,33.46736473057166,36.32813958437868,OpenStreetMap,unvalidated_public_osm,0.049107146,-0.16801924,-0.07045737,0.048105836,0.043392505,0.1362702,50.0,built_up,0.7934626022126019,0.45,1.0,0.6700480999999999,0.5409147400000001,0.5,0.7,0.6681010940000001,medium,66.8,Medium,0000000000000000045d_0,0.2122,0.267825,0.07045737,0.376,0.3716,0.3729,0.37645,0.3408,0.433,0.4028,"{""geodesic"":false,""type"":""Point"",""coordinates"":[36.32813958437868,33.46736473057166]}"
osm_1119,اعدادية يلدا للبنين,school,33.467724056685306,36.32472598629903,OpenStreetMap,unvalidated_public_osm,0.05236961,-0.1409189,-0.048415083,0.05388341,0.04590978,0.11216199,50.0,built_up,0.9694126984126986,0.45,0.994075975,0.60229725,0.496830166,0.5,0.7,0.6486614603499999,medium,64.9,Medium,0000000000000000045e_0,0.2214,0.2786,0.048415083,0.37,0.3599,0.3587,0.36085,0.333175,0.40765,0.3757,"{""geodesic"":false,""type"":""Point"",""coordinates"":[36.32472598629903,33.467724056685306]}"
osm_1120,مدرسة الشهيد اسماعيل العكاري,school,33.46574776306024,36.319156431537486,OpenStreetMap,unvalidated_public_osm,0.0211082,-0.115589514,-0.009936245,0.021253804,0.018551255,0.09938085,50.0,built_up,0.982611111111111,0.45,1.0,0.538973785,0.41987249000000004,0.5,0.7,0.629782006,medium,63.0,Medium,0000000000000000045f_0,0.2243,0.28635,0.009936245,0.3612,0.3393,0.3392,0.32756665,0.34626666,0.36845,0.3424,"{""geodesic"":false,""type"":""Point"",""coordinates"":[36.319156431537486,33.46574776306024]}"
osm_1122,مدرسة الطابغة,school,33.47041900253766,36.30280709336651,OpenStreetMap,unvalidated_public_osm,0.050927967,-0.14669178,-0.08899591,0.046332695,0.042223316,0.14430477,50.0,built_up,0.7124788359788358,0.45,0.9976800825,0.61672945,0.57799182,0.5,0.7,0.6605650926250001,medium,66.1,Medium,00000000000000000461_0,0.1848,0.2416,0.08899591,0.32466668,0.32945,0.3324,0.3383,0.2932,0.3881,0.3538,"{""geodesic"":false,""type"":""Point"",""coordinates"":[36.30280709336651,33.47041900253766]}"
osm_1124,روضة كنانة الطفل,school,33.4684427089126,36.30424439782111,OpenStreetMap,unvalidated_public_osm,0.04482424,-0.14245415,-0.04943522,0.041113302,0.03722549,0.121612355,50.0,built_up,0.9353637566137563,0.45,1.0,0.606135375,0.49887044,0.5,0.7,0.6511141189999999,medium,65.1,Medium,00000000000000000463_0,0.1881,0.2432,0.04943522,0.324,0.29426667,0.3011,0.30206665,0.2962,0.3577,0.3308,"{""geodesic"":false,""type"":""Point"",""coordinates"":[36.30424439782111,33.4684427089126]}"
osm_1125,روضة أزهار السوسن,school,33.467724056685306,36.30406473476428,OpenStreetMap,unvalidated_public_osm,0.055394944,-0.1518364,-0.13246828,0.049808677,0.044497438,0.1625322,50.0,built_up,0.8204261941761941,0.45,0.9865126399999999,0.629591,0.66493656,0.5,0.7,0.669040016,medium,66.9,Medium,00000000000000000464_0,0.178,0.224,0.13246828,0.3042,0.3422,0.3411,0.3474,0.27226666,0.3971,0.36156666,"{""geodesic"":false,""type"":""Point"",""coordinates"":[36.30406473476428,33.467724056685306]}"
osm_1127,مدرسة الجاعونة,school,33.47113765476496,36.31376653983277,OpenStreetMap,unvalidated_public_osm,0.049393162,-0.15120241,-0.059983574,0.048426814,0.043438684,0.12903668,50.0,built_up,0.8830723905723903,0.45,1.0,0.6280060249999999,0.519967148,0.5,0.7,0.6575979197999999,medium,65.8,Medium,00000000000000000466_0,0.21143334,0.27413332,0.059983574,0.3718,0.34773332,0.35285,0.35905,0.3368,0.41925,0.3854,"{""geodesic"":false,""type"":""Point"",""coordinates"":[36.31376653983277,33.47113765476496]}"
osm_1128,مدرسة الكرمل,school,33.477246198696974,36.30370540865064,OpenStreetMap,unvalidated_public_osm,0.048025675,-0.13225013,0.0205756,0.052977078,0.04641346,0.08848667,50.0,built_up,0.8478849206349205,0.45,1.0,0.580625325,0.3588488,0.5,0.7,0.632009945,medium,63.2,Medium,00000000000000000467_0,0.2678,0.3637,-0.0205756,0.47456,0.3961,0.40445,0.4069125,0.43106666,0.455425,0.39816666,"{""geodesic"":false,""type"":""Point"",""coordinates"":[36.303705408650636,33.477246198696974]}"
osm_1129,ثانوية اليرموك للبنات,school,33.47652754646968,36.30424439782111,OpenStreetMap,unvalidated_public_osm,0.045566954,-0.13366526,-0.0064752437,0.049157236,0.043022323,0.100897186,50.0,built_up,0.907276455026455,0.45,1.0,0.58416315,0.4129504874,0.5,0.7,0.63812767874,medium,63.8,Medium,00000000000000000468_0,0.25435,0.3393,0.0064752437,0.444,0.3926,0.39915,0.40465,0.4053,0.4497875,0.41425,"{""geodesic"":false,""type"":""Point"",""coordinates"":[36.30424439782111,33.476527546469676]}"
osm_1130,مدرسة تلحوم,school,33.46880203502625,36.29849518000274,OpenStreetMap,unvalidated_public_osm,0.04017226,-0.11895213,-0.02685112,0.046423893,0.037168525,0.094783716,50.0,built_up,0.9465462962962965,0.45,1.0,0.547380325,0.45370224000000003,0.5,0.7,0.634846289,medium,63.5,Medium,00000000000000000469_0,0.266,0.3296,0.02685112,0.4186,0.3921,0.39795,0.4011,0.38626668,0.4417,0.398,"{""geodesic"":false,""type"":""Point"",""coordinates"":[36.29849518000274,33.46880203502625]}"
osm_1131,مدرسة إسدود,school,33.472754622276376,36.30604102838935,OpenStreetMap,unvalidated_public_osm,0.06888071,-0.15271103,-0.02945691,0.06812032,0.05841448,0.09919789,50.0,built_up,0.9654126984126986,0.45,0.952798225,0.631777575,0.45891382000000003,0.5,0.7,0.6404464532499999,medium,64.0,Medium,0000000000000000046a_0,0.2027,0.2555,0.02945691,0.3476,0.3039,0.3119,0.31426665,0.3028,0.3687,0.3336,"{""geodesic"":false,""type"":""Point"",""coordinates"":[36.306041028389345,33.472754622276376]}"
osm_1132,مجمع مدارس اسكندرون,school,33.48083945983345,36.30729866978711,OpenStreetMap,unvalidated_public_osm,0.052730158,-0.15714094,-0.116646186,0.038115587,0.035603657,0.15105754,50.0,built_up,0.7911173641173638,0.45,0.9931746050000001,0.64285235,0.633292372,0.5,0.7,0.6701933584499999,medium,67.0,Medium,0000000000000000046b_0,0.1284,0.15693334,0.116646186,0.21545,0.2155,0.2249,0.2301,0.19386667,0.27235,0.25465,"{""geodesic"":false,""type"":""Point"",""coordinates"":[36.30729866978711,33.48083945983345]}"
osm_1133,مدرسة عبد الرحمن,school,33.47832417703791,36.308735974241706,OpenStreetMap,unvalidated_public_osm,0.05267739,-0.15033302,-0.09877007,0.040383127,0.037836134,0.14618054,50.0,built_up,0.7090710678210673,0.45,0.993306525,0.62583255,0.59754014,0.5,0.7,0.66324715525,medium,66.3,Medium,0000000000000000046c_0,0.1399,0.1786,0.09877007,0.2418,0.2363,0.24506667,0.2496,0.2176,0.2948,0.273,"{""geodesic"":false,""type"":""Point"",""coordinates"":[36.308735974241706,33.47832417703791]}"
osm_1134,مدرسة عبد القادر الحسيني,school,33.4729342853332,36.30550203921887,OpenStreetMap,unvalidated_public_osm,0.053602654,-0.13541308,-0.039234154,0.052015785,0.04478602,0.10536741,50.0,built_up,0.9733095238095237,0.45,0.9909933649999999,0.5885326999999999,0.478468308,0.5,0.7,0.64330171205,medium,64.3,Medium,0000000000000000046d_0,0.19953333,0.2522,0.039234154,0.3312,0.29173332,0.2995,0.30395,0.2975,0.35825,0.3307,"{""geodesic"":false,""type"":""Point"",""coordinates"":[36.30550203921887,33.472934285333196]}"
osm_1135,مدرسة كفرسبت,school,33.47059866559449,36.31340721371912,OpenStreetMap,unvalidated_public_osm,0.095759876,-0.19212164,-0.091938004,0.09066577,0.080065496,0.13753295,50.0,built_up,0.6994462481962483,0.45,0.8856003100000001,0.7303041,0.5838760080000001,0.5,0.7,0.6558484983,medium,65.6,Medium,0000000000000000046e_0,0.1854,0.2338,0.091938004,0.345,0.3395,0.3548,0.35813335,0.2847,0.41486,0.3796,"{""geodesic"":false,""type"":""Point"",""coordinates"":[36.313407213719124,33.47059866559449]}"
osm_1136,مدرسة القسطل رأس العين,school,33.47113765476496,36.30622069144617,OpenStreetMap,unvalidated_public_osm,0.05245055,-0.16239315,-0.23006761,0.04370566,0.037919596,0.20790122,50.0,built_up,0.7241607744107742,0.45,0.993873625,0.655982875,0.8601352200000001,0.5,0.7,0.69567850325,medium,69.6,Medium,0000000000000000046f_0,0.1562,0.1764,0.23006761,0.2448,0.28461668,0.2875,0.2934,0.2204,0.3911,0.3128,"{""geodesic"":false,""type"":""Point"",""coordinates"":[36.30622069144617,33.47113765476496]}"
osm_1138,مدرسة ترشيحا,school,33.47347327450367,36.30550203921887,OpenStreetMap,unvalidated_public_osm,0.046245124,-0.13097553,-0.066260226,0.04127492,0.03653169,0.122022204,50.0,built_up,0.9335224867724865,0.45,1.0,0.577438825,0.532520452,0.5,0.7,0.6487398102,medium,64.9,Medium,00000000000000000471_0,0.1766,0.2236,0.066260226,0.291,0.2717,0.2778,0.28,0.265275,0.3323,0.3108,"{""geodesic"":false,""type"":""Point"",""coordinates"":[36.30550203921887,33.47347327450367]}"
osm_1140,مدرسة الفالوجة,school,33.47059866559449,36.30550203921887,OpenStreetMap,unvalidated_public_osm,0.057420477,-0.14820145,-0.02572364,0.0658778,0.0554923,0.10478584,50.0,built_up,0.8293946608946609,0.45,0.9814488075,0.620503625,0.45144728,0.5,0.7,0.644607654875,medium,64.5,Medium,00000000000000000473_0,0.2755,0.3552,0.02572364,0.4788,0.4313,0.4442,0.4495,0.4268,0.50408334,0.457175,"{""geodesic"":false,""type"":""Point"",""coordinates"":[36.30550203921887,33.47059866559449]}"
osm_1141,مدرسة البعث,school,33.47077832865131,36.31430552900324,OpenStreetMap,unvalidated_public_osm,0.04673441,-0.14658184,-0.031751346,0.04400111,0.040622383,0.11924298,50.0,built_up,0.9038718133718131,0.45,1.0,0.6164546,0.46350269200000005,0.5,0.7,0.6496411891999999,medium,65.0,Medium,00000000000000000474_0,0.2002,0.2684,0.031751346,0.3606,0.3227,0.3202,0.3367,0.3284,0.38425,0.356,"{""geodesic"":false,""type"":""Point"",""coordinates"":[36.31430552900324,33.47077832865131]}"
osm_1142,مدرسة خولة بنت الآزور,school,33.524677245698484,36.279810222093055,OpenStreetMap,unvalidated_public_osm,0.033584468,-0.1312369,-0.06708161,0.029609112,0.025732175,0.11681933,50.0,built_up,0.9156305916305915,0.45,1.0,0.57809225,0.53416322,0.5,0.7,0.649034772,medium,64.9,Medium,00000000000000000475_0,0.17373334,0.2072,0.06708161,0.2698,0.2556,0.266,0.2711,0.25226668,0.3086,0.2628,"{""geodesic"":false,""type"":""Point"",""coordinates"":[36.279810222093055,33.524677245698484]}"
osm_1143,مدرسة أحمد فائق الكردي,school,33.523958593471185,36.27927123292258,OpenStreetMap,unvalidated_public_osm,0.058983088,-0.14264815,0.029155025,0.054751456,0.04788994,0.06981958,50.0,built_up,0.9184325396825396,0.45,0.97754228,0.606620375,0.34168995,0.5,0.7,0.62987864,medium,63.0,Medium,00000000000000000476_0,0.1852,0.2344,-0.029155025,0.3124,0.25115,0.2541,0.25905,0.2776,0.2947,0.2659,"{""geodesic"":false,""type"":""Point"",""coordinates"":[36.27927123292258,33.523958593471185]}"
osm_1144,ثانوية الثقفي,school,33.518029712596,36.27585763484293,OpenStreetMap,unvalidated_public_osm,0.032685507,-0.10491492,-0.0108414,0.0361046,0.03158793,0.10593208,50.0,built_up,0.6836139138639137,0.45,1.0,0.5122873,0.4216828,0.5,0.7,0.6246257399999999,medium,62.5,Medium,00000000000000000477_0,0.2728,0.3788,0.0108414,0.4676,0.460575,0.463275,0.4593,0.438,0.47785,0.3999,"{""geodesic"":false,""type"":""Point"",""coordinates"":[36.27585763484293,33.518029712596]}"
osm_1145,مدرسة الشهيد عدنان دياب,school,33.52521623486896,36.27603729789976,OpenStreetMap,unvalidated_public_osm,0.44850084,-0.49064746,0.060750812,0.31566402,0.31071964,0.021457024,10.0,tree_cover,0.38351455026455034,0.2,0.0037478999999999985,1.0,0.27849837600000005,0.5,0.7,0.3837868126,low,38.4,Low,00000000000000000478_0,0.0662,0.1062,-0.060750812,0.3108,0.199,0.2682,0.2879,0.11833333,0.2752,0.2226,"{""geodesic"":false,""type"":""Point"",""coordinates"":[36.276037297899755,33.52521623486896]}"
osm_1147,مدرسة فاطمة المخزومية,school,33.524856908755304,36.27819325458164,OpenStreetMap,unvalidated_public_osm,0.29139283,-0.33827028,0.047040965,0.2038184,0.19203599,0.03460681,10.0,tree_cover,0.5250600048100048,0.2,0.39651792500000005,1.0,0.30591807000000004,0.5,0.7,0.48472128825000005,low,48.5,Low,0000000000000000047a_0,0.0914,0.1251,-0.047040965,0.253,0.16135,0.22143333,0.23785,0.138825,0.23026666,0.19565,"{""geodesic"":false,""type"":""Point"",""coordinates"":[36.27819325458164,33.524856908755304]}"
osm_1149,مدرسة أسامة البيروتي,school,33.51767038648235,36.27495931955881,OpenStreetMap,unvalidated_public_osm,0.0792602,-0.17666826,-0.00552825,0.07398954,0.06512298,0.08817579,50.0,built_up,0.9742460317460317,0.45,0.9268495,0.6916706499999999,0.41105650000000005,0.5,0.7,0.6411521549999999,medium,64.1,Medium,0000000000000000047c_0,0.1837,0.22866666,0.00552825,0.3268,0.28055,0.307,0.31175,0.2788,0.33043334,0.2893,"{""geodesic"":false,""type"":""Point"",""coordinates"":[36.27495931955881,33.51767038648235]}"
osm_1151,مدرسة البزم,school,33.51820937565282,36.28807472270695,OpenStreetMap,unvalidated_public_osm,0.05989114,-0.21727532,-0.18569195,0.034833662,0.036639545,0.2218981,60.0,bare_sparse_vegetation,0.5673588263588262,0.85,0.97527215,0.7931883000000001,0.7713839,0.5,0.7,0.8295940875,high,83.0,High,0000000000000000047e_0,0.0898,0.11735,0.18569195,0.1825,0.211075,0.218,0.2221,0.161875,0.26573333,0.2449,"{""geodesic"":false,""type"":""Point"",""coordinates"":[36.28807472270695,33.51820937565282]}"
osm_1152,مدرسة دار الفرح,school,33.521802636789296,36.27064740619504,OpenStreetMap,unvalidated_public_osm,0.07457428,-0.17420596,0.023132302,0.0719669,0.06451066,0.08103932,50.0,built_up,0.9139801587301588,0.45,0.9385643,0.6855148999999999,0.35373539600000004,0.5,0.7,0.6371175946,medium,63.7,Medium,0000000000000000047f_0,0.199,0.2574,-0.023132302,0.366,0.3304,0.35583332,0.36105,0.3152,0.34945,0.2833,"{""geodesic"":false,""type"":""Point"",""coordinates"":[36.27064740619504,33.521802636789296]}"
osm_1153,مدرسة سامي الدروبي,school,33.519646680107414,36.271725384535976,OpenStreetMap,unvalidated_public_osm,0.013381311,-0.0671611,0.024768544,0.014731708,0.011260356,0.05443011,50.0,built_up,0.9542499999999999,0.45,1.0,0.41790275,0.350462912,0.5,0.7,0.5986268412,medium,59.9,Medium,00000000000000000480_0,0.2352,0.283,-0.024768544,0.32375,0.2779,0.27396667,0.2738,0.3152,0.3081,0.3041,"{""geodesic"":false,""type"":""Point"",""coordinates"":[36.271725384535976,33.519646680107414]}"
osm_1154,Busy Bees,school,33.51587375591411,36.27603729789976,OpenStreetMap,unvalidated_public_osm,0.09869207,-0.18251625,-0.069053695,0.06682276,0.06241085,0.11599809,50.0,built_up,0.7105487012987013,0.45,0.878269825,0.7062906250000001,0.53810739,0.5,0.7,0.64463632025,medium,64.5,Medium,00000000000000000481_0,0.112,0.1384,0.069053695,0.2002,0.17055,0.1914,0.1997,0.16423333,0.2299,0.18716666,"{""geodesic"":false,""type"":""Point"",""coordinates"":[36.276037297899755,33.51587375591411]}"
osm_1155,جامع زيد بن الدثنة,school,33.486049688481344,36.25429806802406,OpenStreetMap,unvalidated_public_osm,0.0391595,-0.12629402,-0.04140969,0.037392836,0.032706965,0.11084787,50.0,built_up,0.9798783068783071,0.45,1.0,0.56573505,0.48281938,0.5,0.7,0.6414289479999999,medium,64.1,Medium,00000000000000000482_0,0.199,0.2532,0.04140969,0.3264,0.302025,0.3082,0.31416667,0.3018,0.3546,0.3118,"{""geodesic"":false,""type"":""Point"",""coordinates"":[36.25429806802406,33.486049688481344]}"
osm_1157,مدرسة ناصر كنعان,school,33.486049688481344,36.256454024705945,OpenStreetMap,unvalidated_public_osm,0.22550544,-0.2839104,-0.027160494,0.19055127,0.17152996,0.0868233,50.0,built_up,0.7616427368927366,0.45,0.5612364,0.959776,0.45432098800000004,0.5,0.7,0.6076963987999999,medium,60.8,Medium,00000000000000000484_0,0.1318,0.1758,0.027160494,0.3152,0.2708,0.3161,0.3269,0.1992,0.3328,0.3016,"{""geodesic"":false,""type"":""Point"",""coordinates"":[36.256454024705945,33.486049688481344]}"
osm_1158,مدرسة النجدي البغداديِ,school,33.50186003748185,36.25016581771711,OpenStreetMap,unvalidated_public_osm,0.040831916,-0.11190979,-0.053407505,0.04423751,0.034708366,0.09801744,50.0,built_up,0.9771388888888889,0.45,1.0,0.529774475,0.5068150100000001,0.5,0.7,0.636636396,medium,63.7,Medium,00000000000000000485_0,0.2284,0.2718,0.053407505,0.3403,0.33545,0.33453333,0.3356,0.3136,0.3787,0.3528,"{""geodesic"":false,""type"":""Point"",""coordinates"":[36.25016581771711,33.50186003748185]}"
osm_1159,مدرسة باحثة البادية,school,33.50850757058433,36.25411840496724,OpenStreetMap,unvalidated_public_osm,0.05455376,-0.16284925,0.02849512,0.05716473,0.052099988,0.090396315,50.0,built_up,0.8776044973544973,0.45,0.9886155999999999,0.657123125,0.34300976000000005,0.5,0.7,0.642879501,medium,64.3,Medium,00000000000000000486_0,0.24756667,0.3326,-0.02849512,0.462,0.3993,0.40565,0.41573334,0.4142,0.4364,0.3818,"{""geodesic"":false,""type"":""Point"",""coordinates"":[36.25411840496724,33.50850757058433]}"
osm_1160,مدرسة سمية المخزومية,school,33.50257868970914,36.2508844699444,OpenStreetMap,unvalidated_public_osm,0.075103484,-0.1693198,0.03678356,0.073034674,0.06477388,0.071475625,50.0,built_up,0.9075369167869168,0.45,0.93724129,0.6732994999999999,0.32643288000000004,0.5,0.7,0.6316135105,medium,63.2,Medium,00000000000000000487_0,0.2002,0.2583,-0.03678356,0.3636,0.2913,0.3114,0.31455,0.3128,0.3378,0.3014,"{""geodesic"":false,""type"":""Point"",""coordinates"":[36.2508844699444,33.50257868970914]}"
osm_1161,مدرسة الشريف الرضي,school,33.507968581413856,36.25375907885359,OpenStreetMap,unvalidated_public_osm,0.04571585,-0.11870363,-0.02971807,0.04892769,0.040711846,0.09944591,50.0,built_up,0.9820793650793651,0.45,1.0,0.546759075,0.45943614,0.5,0.7,0.635295429,medium,63.5,Medium,00000000000000000488_0,0.2356,0.30093333,0.02971807,0.382,0.35225,0.36366665,0.36626667,0.3486,0.4054,0.3664,"{""geodesic"":false,""type"":""Point"",""coordinates"":[36.25375907885359,33.507968581413856]}"
osm_1164,مدرسة صفية-أم المؤمنين,school,34.73345029200971,36.730225505550585,OpenStreetMap,unvalidated_public_osm,0.028514577,-0.11362412,-0.09727174,0.02870349,0.023386503,0.12651312,50.0,built_up,0.8699907407407403,0.45,1.0,0.5340602999999999,0.59454348,0.5,0.7,0.646266408,medium,64.6,Medium,0000000000000000048b_0,0.20935,0.2469,0.09727174,0.3102,0.3456,0.3443,0.342,0.293,0.37705,0.3625,"{""geodesic"":false,""type"":""Point"",""coordinates"":[36.730225505550585,34.73345029200971]}"
osm_1165,مدرسة عماد الدين اليوسف,school,34.73848085760078,36.747113832892026,OpenStreetMap,unvalidated_public_osm,0.16809337,-0.25396824,-0.098498516,0.14436089,0.12781063,0.13125795,50.0,built_up,0.8825145502645503,0.45,0.7047665750000001,0.8849206000000001,0.596997032,0.5,0.7,0.64287546695,medium,64.3,Medium,0000000000000000048c_0,0.1449,0.1786,0.098498516,0.3002,0.305375,0.3298,0.3382,0.2138,0.3658,0.32995,"{""geodesic"":false,""type"":""Point"",""coordinates"":[36.747113832892026,34.73848085760078]}"
osm_1166,مدرسة الشهيد أحمد متعب الدرويش,school,34.73955883594172,36.73381876668706,OpenStreetMap,unvalidated_public_osm,0.026909446,-0.094841935,-0.05703025,0.030043839,0.023613235,0.10413529,50.0,built_up,0.9540992063492064,0.45,1.0,0.48710483750000005,0.5140605,0.5,0.7,0.6288270175,medium,62.9,Medium,0000000000000000048d_0,0.2455,0.2992,0.05703025,0.3619,0.39755,0.3912,0.38681668,0.34293333,0.405675,0.3924,"{""geodesic"":false,""type"":""Point"",""coordinates"":[36.73381876668706,34.73955883594172]}"
osm_1167,مدرسة الثورة,school,34.73740287925984,36.7445985500965,OpenStreetMap,unvalidated_public_osm,0.019274961,-0.07317072,-0.06245933,0.019996313,0.015344895,0.09402174,50.0,built_up,0.9536785714285714,0.45,1.0,0.4329268,0.52491866,0.5,0.7,0.6190772259999999,medium,61.9,Medium,0000000000000000048e_0,0.2119,0.2489,0.06245933,0.2882,0.27435,0.280475,0.282575,0.2773,0.3266,0.3199,"{""geodesic"":false,""type"":""Point"",""coordinates"":[36.7445985500965,34.73740287925984]}"
osm_1168,مدرسة اكرز,school,34.72572478056628,36.74441888703967,OpenStreetMap,unvalidated_public_osm,0.053884737,-0.15866819,-0.07033303,0.04981467,0.045326795,0.1343701,50.0,built_up,0.7375895863395866,0.45,0.9902881575,0.6466704749999999,0.5406660600000001,0.5,0.7,0.660972740375,medium,66.1,Medium,0000000000000000048f_0,0.1896,0.24426667,0.07033303,0.3364,0.3174,0.31865,0.32695,0.302,0.3873,0.3592,"{""geodesic"":false,""type"":""Point"",""coordinates"":[36.74441888703967,34.72572478056628]}"
osm_1169,مدرسة الشهيد صالح العلي,school,34.731473998384644,36.74909012651709,OpenStreetMap,unvalidated_public_osm,0.038202226,-0.14255431,-0.072688185,0.034323603,0.031789828,0.1398359,50.0,built_up,0.7944202741702742,0.45,1.0,0.6063857749999999,0.54537637,0.5,0.7,0.655814792,medium,65.6,Medium,00000000000000000490_0,0.185,0.2427,0.072688185,0.3234,0.331725,0.326525,0.33355,0.2996,0.3741,0.34596667,"{""geodesic"":false,""type"":""Point"",""coordinates"":[36.74909012651709,34.731473998384644]}"
osm_1170,مدرسة الشهيدة المعلمة جانيت ابراهيم,school,34.72949770475958,36.75465968127863,OpenStreetMap,unvalidated_public_osm,0.056885287,-0.15593836,-0.041848682,0.053558875,0.048014686,0.11560456,50.0,built_up,0.9161031746031745,0.45,0.9827867825,0.6398459000000001,0.483697364,0.5,0.7,0.6520356120249999,medium,65.2,Medium,00000000000000000491_0,0.1936,0.24826667,0.041848682,0.34,0.29385,0.2993,0.3074,0.3034,0.3697,0.35045,"{""geodesic"":false,""type"":""Point"",""coordinates"":[36.75465968127863,34.72949770475958]}"
osm_1171,روضة الشهيد ناصرالعلي الحكومية,school,34.7266230958504,36.747832485119325,OpenStreetMap,unvalidated_public_osm,0.04484194,-0.13073455,0.0009977018,0.05095505,0.04171098,0.08398977,50.0,built_up,0.9539232804232806,0.45,1.0,0.576836375,0.3980045964,0.5,0.7,0.63516773464,medium,63.5,Medium,00000000000000000492_0,0.2626,0.3278,-0.0009977018,0.4264,0.4073,0.3981,0.40645,0.3898,0.42555,0.404375,"{""geodesic"":false,""type"":""Point"",""coordinates"":[36.747832485119325,34.7266230958504]}"
osm_1172,مدرسة مصعب بن عمير,school,34.72608410667993,36.74801214817615,OpenStreetMap,unvalidated_public_osm,0.0009654537,-0.062403936,-0.024784815,0.0010884893,0.0008399739,0.08529389,50.0,built_up,0.9895,0.45,1.0,0.40600983999999996,0.44956963000000005,0.5,0.7,0.606158931,medium,60.6,Medium,00000000000000000493_0,0.2512,0.305,0.024784815,0.3456,0.3335,0.32585,0.329,0.34493333,0.36316666,0.3364,"{""geodesic"":false,""type"":""Point"",""coordinates"":[36.74801214817615,34.72608410667993]}"
osm_1173,ثانوية مهنية,school,34.72644343279358,36.74962911568756,OpenStreetMap,unvalidated_public_osm,0.038656376,-0.10702788,-0.046383552,0.04452772,0.03479445,0.0988822,50.0,built_up,0.9670648148148147,0.45,1.0,0.5175696999999999,0.492767104,0.5,0.7,0.6327906503999999,medium,63.3,Medium,00000000000000000494_0,0.25666666,0.31426665,0.046383552,0.3896,0.38315,0.3895,0.3934,0.3606,0.4275,0.37055,"{""geodesic"":false,""type"":""Point"",""coordinates"":[36.74962911568756,34.72644343279358]}"
osm_1175,جهاد القدور المهنية,school,34.73398928118018,36.74208326730096,OpenStreetMap,unvalidated_public_osm,0.035258036,-0.11135492,-0.022082776,0.0409544,0.03227314,0.08911698,50.0,built_up,0.9675674603174603,0.45,1.0,0.5283873,0.444165552,0.5,0.7,0.6300940152,medium,63.0,Medium,00000000000000000496_0,0.2648,0.324,0.022082776,0.4052,0.37495,0.3722,0.37523332,0.3776,0.4235,0.40601668,"{""geodesic"":false,""type"":""Point"",""coordinates"":[36.74208326730096,34.73398928118018]}"
osm_1176,مدرسة محارب الاعدادية,school,34.72590444362311,36.74352057175555,OpenStreetMap,unvalidated_public_osm,0.036676757,-0.15084887,-0.026569968,0.03583448,0.033195857,0.12064611,50.0,built_up,0.889042328042328,0.45,1.0,0.627122175,0.453139936,0.5,0.7,0.6507384286,medium,65.1,Medium,00000000000000000497_0,0.2195,0.29093334,0.026569968,0.3943,0.3906,0.3894,0.39233333,0.3664,0.415825,0.384575,"{""geodesic"":false,""type"":""Point"",""coordinates"":[36.74352057175555,34.72590444362311]}"
osm_1178,مدرسة فواز الاحمد,school,34.73327062895289,36.74208326730096,OpenStreetMap,unvalidated_public_osm,0.03269173,-0.10910584,-0.08258125,0.03380514,0.027801841,0.12305257,50.0,built_up,0.9062526455026455,0.45,1.0,0.5227645999999999,0.5651625,0.5,0.7,0.64106917,medium,64.1,Medium,00000000000000000499_0,0.22066666,0.2715,0.08258125,0.338,0.382975,0.3791,0.38025,0.3166,0.39885,0.38665,"{""geodesic"":false,""type"":""Point"",""coordinates"":[36.74208326730096,34.73327062895289]}"
osm_1180,مدرسة فداء الخطيب,school,34.73398928118018,36.744059560926026,OpenStreetMap,unvalidated_public_osm,0.023558078,-0.11496203,-0.020894498,0.026506606,0.021072173,0.08897653,50.0,built_up,0.9679603174603176,0.45,1.0,0.537405075,0.44178899600000004,0.5,0.7,0.6316599146,medium,63.2,Medium,0000000000000000049b_0,0.2534,0.30005,0.020894498,0.378,0.36333334,0.368,0.3719,0.3606,0.39413333,0.3883,"{""geodesic"":false,""type"":""Point"",""coordinates"":[36.744059560926026,34.73398928118018]}"
osm_1181,اعدادية كاسر الضاهر,school,34.73327062895289,36.74100528896002,OpenStreetMap,unvalidated_public_osm,0.00984053,-0.07262572,-0.05553792,0.010447455,0.007986059,0.09218121,50.0,built_up,0.9668293650793651,0.45,1.0,0.4315643,0.5110758400000001,0.5,0.7,0.617420444,medium,61.7,Medium,0000000000000000049c_0,0.2214,0.2573,0.05553792,0.2976,0.298,0.29506665,0.2985,0.2918,0.3326,0.328,"{""geodesic"":false,""type"":""Point"",""coordinates"":[36.74100528896002,34.73327062895289]}"
osm_1182,مدرسة الشهيد أحمد الوعري,school,34.73345029200971,36.744059560926026,OpenStreetMap,unvalidated_public_osm,0.024005486,-0.12213451,-0.08376803,0.023400413,0.019387,0.121110916,50.0,built_up,0.9401256613756614,0.45,1.0,0.5553362749999999,0.56753606,0.5,0.7,0.6478208609999999,medium,64.8,Medium,0000000000000000049d_0,0.2014,0.2336,0.08376803,0.2986,0.3263,0.3249,0.32935,0.2846,0.3532,0.3443,"{""geodesic"":false,""type"":""Point"",""coordinates"":[36.744059560926026,34.73345029200971]}"
osm_1183,مدرسة غازي الوزوازي,school,34.729138378645935,36.73902899533496,OpenStreetMap,unvalidated_public_osm,0.031514622,-0.108900055,-0.04694718,0.03107373,0.027902953,0.12399764,50.0,built_up,0.9029576719576721,0.45,1.0,0.5222501374999999,0.49389436000000003,0.5,0.7,0.6338394635,medium,63.4,Medium,0000000000000000049e_0,0.2184,0.29853332,0.04694718,0.3715,0.38355,0.38265,0.3835,0.3488,0.4081,0.36055,"{""geodesic"":false,""type"":""Point"",""coordinates"":[36.739028995334955,34.729138378645935]}"
osm_1184,مدرسة الشهيد أحمد ابراهيم النون,school,34.74405041236232,36.74172394118731,OpenStreetMap,unvalidated_public_osm,0.05629889,-0.17231718,-0.025390184,0.05503928,0.051772147,0.1224103,50.0,built_up,0.8576574074074071,0.45,0.984252775,0.68079295,0.45078036800000004,0.5,0.7,0.6572998205499999,medium,65.7,Medium,0000000000000000049f_0,0.21805,0.2954,0.025390184,0.4184,0.3606,0.35725,0.3649,0.3738,0.4402,0.4171,"{""geodesic"":false,""type"":""Point"",""coordinates"":[36.74172394118731,34.74405041236232]}"
osm_1185,مدرسة علي ابن ابي طالب,school,34.731294335327824,36.73902899533496,OpenStreetMap,unvalidated_public_osm,0.2429001,-0.29774988,0.02771896,0.23694675,0.1985254,0.042214606,50.0,built_up,0.5457145262145263,0.45,0.51774975,0.9943747,0.34456208,0.5,0.7,0.5927685855,medium,59.3,Medium,000000000000000004a0_0,0.15966667,0.2013,-0.02771896,0.372,0.3084,0.3488,0.3737,0.2266,0.35193333,0.31295,"{""geodesic"":false,""type"":""Point"",""coordinates"":[36.739028995334955,34.731294335327824]}"
osm_1187,مدرسة طلائع تشرين ح 2,school,34.747284347385154,36.72788988581187,OpenStreetMap,unvalidated_public_osm,0.02478633,-0.10967148,0.04750465,0.02738433,0.02423399,0.08044307,50.0,built_up,0.7897224627224626,0.45,1.0,0.5241787,0.3049907,0.5,0.7,0.61533481,medium,61.5,Medium,000000000000000004a2_0,0.28,0.3848,-0.04750465,0.4796,0.4295,0.4281,0.4358,0.4564,0.4361,0.3903,"{""geodesic"":false,""type"":""Point"",""coordinates"":[36.72788988581187,34.747284347385154]}"
osm_1188,ثانوية عليوي الناصر للبنات,school,34.75788446773776,36.741903604244136,OpenStreetMap,unvalidated_public_osm,0.034083605,-0.11550466,0.0031582655,0.040277388,0.03189569,0.07885061,50.0,built_up,0.9726507936507935,0.45,1.0,0.53876165,0.393683469,0.5,0.7,0.6271206769,medium,62.7,Medium,000000000000000004a3_0,0.277,0.34,-0.0031582655,0.4288,0.3598,0.362,0.3684,0.40053332,0.4261,0.3977,"{""geodesic"":false,""type"":""Point"",""coordinates"":[36.741903604244136,34.75788446773776]}"
osm_1189,مدرسة حمزة محمد حمزة الريفية,school,34.753931880487634,36.74298158258508,OpenStreetMap,unvalidated_public_osm,0.011380718,-0.07264858,-0.016290754,0.015770057,0.011108007,0.07711556,50.0,built_up,0.8017751322751321,0.45,1.0,0.43162144999999996,0.432581508,0.5,0.7,0.6095824407999999,medium,61.0,Medium,000000000000000004a4_0,0.3404,0.4072,0.016290754,0.471,0.482,0.47505,0.4766,0.4604,0.4866,0.45926666,"{""geodesic"":false,""type"":""Point"",""coordinates"":[36.74298158258508,34.753931880487634]}"
osm_1190,مسجد السيدة عائشة رضي الله عنها,school,34.759681098306,36.74657484372156,OpenStreetMap,unvalidated_public_osm,0.20019446,-0.29732,-0.07250731,0.16526206,0.15225537,0.12225048,50.0,built_up,0.5925436507936507,0.45,0.62451385,0.9933,0.54501462,0.5,0.7,0.6392899245,medium,63.9,Medium,000000000000000004a5_0,0.13135,0.16715,0.07250731,0.3086,0.2381,0.2712,0.28915,0.20565,0.35685,0.32635,"{""geodesic"":false,""type"":""Point"",""coordinates"":[36.74657484372156,34.759681098306]}"
osm_1191,مدرسة البيروني,school,34.75447086965811,36.738310343107656,OpenStreetMap,unvalidated_public_osm,0.03039857,-0.0851316,-0.008450718,0.04224825,0.029174482,0.06704775,50.0,built_up,0.7806137936137932,0.45,1.0,0.462829,0.416901436,0.5,0.7,0.6142559436,medium,61.4,Medium,000000000000000004a6_0,0.3258,0.3858,0.008450718,0.4576,0.4435,0.4359,0.4369,0.4306,0.4654,0.43855,"{""geodesic"":false,""type"":""Point"",""coordinates"":[36.738310343107656,34.75447086965811]}"
osm_1192,مدرسة ضرار بن الأزور,school,34.75231491297622,36.73956798450543,OpenStreetMap,unvalidated_public_osm,0.03504927,-0.14545453,-0.053402636,0.035224814,0.031209346,0.124886334,50.0,built_up,0.931334656084656,0.45,1.0,0.613636325,0.506805272,0.5,0.7,0.6534077922,medium,65.3,Medium,000000000000000004a7_0,0.2234,0.282,0.053402636,0.378,0.3533,0.3599,0.3648,0.3524,0.42065,0.4024,"{""geodesic"":false,""type"":""Point"",""coordinates"":[36.73956798450543,34.75231491297622]}"
osm_1193,مدرسة الحرية,school,34.75554884799905,36.742801919528254,OpenStreetMap,unvalidated_public_osm,0.046309475,-0.12642503,-0.08818569,0.047543332,0.0388011,0.122731395,50.0,built_up,0.8597762145262144,0.45,1.0,0.566062575,0.57637138,0.5,0.7,0.650849653,medium,65.1,Medium,000000000000000004a8_0,0.2134,0.2567,0.08818569,0.331,0.34885,0.354,0.35455,0.3017,0.395025,0.366675,"{""geodesic"":false,""type"":""Point"",""coordinates"":[36.742801919528254,34.75554884799905]}"
osm_1194,مدرسة نازك الملائكة,school,34.759681098306,36.741903604244136,OpenStreetMap,unvalidated_public_osm,0.057055354,-0.1551095,-0.091115765,0.057131678,0.050467722,0.14323732,50.0,built_up,0.7342301587301586,0.45,0.982361615,0.6377737499999999,0.58223153,0.5,0.7,0.6613683067499999,medium,66.1,Medium,000000000000000004a9_0,0.2158,0.2778,0.091115765,0.3798,0.3871,0.3841,0.3999,0.3388,0.45595,0.4215,"{""geodesic"":false,""type"":""Point"",""coordinates"":[36.741903604244136,34.759681098306]}"
osm_1195,مدرسة منير العلي,school,34.76022008747647,36.750707094028506,OpenStreetMap,unvalidated_public_osm,0.04826923,-0.13250515,-0.004351422,0.05385826,0.04528427,0.091787755,50.0,built_up,0.8864751082251084,0.45,1.0,0.581262875,0.408702844,0.5,0.7,0.6371228593999999,medium,63.7,Medium,000000000000000004aa_0,0.2601,0.3352,0.004351422,0.4376,0.4311,0.423525,0.4247,0.3973,0.441425,0.4088,"{""geodesic"":false,""type"":""Point"",""coordinates"":[36.750707094028506,34.76022008747647]}"
osm_1196,سوبر ماركت الزير,school,34.74602670598738,36.728069548868696,OpenStreetMap,unvalidated_public_osm,0.059581336,-0.1406284,-0.09561033,0.050184816,0.04454255,0.13398676,50.0,built_up,0.8755740740740738,0.45,0.9760466600000001,0.601571,0.5912206600000001,0.5,0.7,0.653447931,medium,65.3,Medium,000000000000000004ab_0,0.1587,0.1983,0.09561033,0.2632,0.2255,0.23735,0.2491,0.2336,0.31885,0.2982,"{""geodesic"":false,""type"":""Point"",""coordinates"":[36.728069548868696,34.74602670598738]}"
osm_1197,مدرسة طارق بن زياد,school,34.74458940153279,36.72932719026646,OpenStreetMap,unvalidated_public_osm,0.04254082,-0.09889437,-0.027519185,0.04731353,0.03691843,0.08494222,50.0,built_up,0.9790634920634921,0.45,1.0,0.49723592499999997,0.45503837,0.5,0.7,0.624951022,medium,62.5,Medium,000000000000000004ac_0,0.2382,0.2934,0.027519185,0.3578,0.3347,0.3427,0.349,0.3286,0.37805,0.3616,"{""geodesic"":false,""type"":""Point"",""coordinates"":[36.72932719026646,34.74458940153279]}"
osm_1198,مدرسة الأمل الخاصة,school,34.68206665775807,36.70076076423146,OpenStreetMap,unvalidated_public_osm,0.09753627,-0.18039928,0.010565562,0.08910952,0.079352,0.07941773,50.0,built_up,0.937572751322751,0.45,0.881159325,0.7009982,0.378868876,0.5,0.7,0.62837635885,medium,62.8,Medium,000000000000000004ad_0,0.1744,0.2258,-0.010565562,0.3252,0.2374,0.2619,0.2744,0.2674,0.3184,0.2625,"{""geodesic"":false,""type"":""Point"",""coordinates"":[36.70076076423146,34.68206665775807]}"
osm_1199,مدرسة ماهر نعيم علاف,school,34.71602297549779,36.74226293035778,OpenStreetMap,unvalidated_public_osm,0.11323332,-0.2685581,-0.1366221,0.089807436,0.09167897,0.19480291,30.0,grassland,0.7069742761571964,0.4,0.8419167,0.92139525,0.6732442000000001,0.5,0.7,0.677082645,medium,67.7,Medium,000000000000000004ae_0,0.1384,0.1882,0.1366221,0.3264,0.3093,0.3193,0.3339,0.26,0.4297,0.371,"{""geodesic"":false,""type"":""Point"",""coordinates"":[36.74226293035778,34.71602297549779]}"
osm_1200,مدرسة ضاحية الأسد,school,34.67038855906452,36.71369650432278,OpenStreetMap,unvalidated_public_osm,0.14111169,-0.3468085,-0.04796122,0.092526935,0.10575433,0.17083716,40.0,cropland,0.8045224867724868,0.35,0.772220775,1.0,0.49592244,0.5,0.7,0.64264743775,medium,64.3,Medium,000000000000000004af_0,0.089033335,0.13815,0.04796122,0.28485,0.24205,0.2709,0.28485,0.2144,0.31355,0.27555,"{""geodesic"":false,""type"":""Point"",""coordinates"":[36.71369650432278,34.67038855906452]}"
osm_1201,مدرسة محمد عبد الشامي,school,34.7221315194298,36.742801919528254,OpenStreetMap,unvalidated_public_osm,0.08000002,-0.23210071,-0.12684694,0.061846066,0.06444446,0.1953859,60.0,bare_sparse_vegetation,0.4853190235690236,0.85,0.92499995,0.8302517749999999,0.6536938800000001,0.5,0.7,0.8126697305,high,81.3,High,000000000000000004b0_0,0.13845,0.1952,0.12684694,0.3132,0.30725,0.31255,0.3214,0.2668,0.4042,0.3676,"{""geodesic"":false,""type"":""Point"",""coordinates"":[36.742801919528254,34.7221315194298]}"
osm_1202,مدرسة الرسالة,school,34.671466537405465,36.74531720232379,OpenStreetMap,unvalidated_public_osm,0.017663883,-0.0984175,0.007638855,0.020428415,0.017389897,0.09444788,50.0,built_up,0.8077566137566137,0.45,1.0,0.49604375000000006,0.38472229,0.5,0.7,0.617680979,medium,61.8,Medium,000000000000000004b1_0,0.2981,0.3988,-0.007638855,0.48586667,0.456625,0.450875,0.44075,0.469,0.4785,0.4455,"{""geodesic"":false,""type"":""Point"",""coordinates"":[36.74531720232379,34.671466537405465]}"
osm_1203,مدرسة سليمان الخالد,school,34.664100352075685,36.73866966922131,OpenStreetMap,unvalidated_public_osm,0.02744308,-0.095868334,-0.011009556,0.033855136,0.026738778,0.089707814,50.0,built_up,0.7847788970288968,0.45,1.0,0.48967083499999997,0.42201911200000003,0.5,0.7,0.6201360782,medium,62.0,Medium,000000000000000004b2_0,0.30693334,0.3928,0.011009556,0.4761,0.4408,0.43823335,0.4489,0.45066667,0.4867,0.4367,"{""geodesic"":false,""type"":""Point"",""coordinates"":[36.73866966922131,34.664100352075685]}"
osm_1204,مدرسة الحكمة الخاصة بحمص,school,34.674341146314646,36.70740829733395,OpenStreetMap,unvalidated_public_osm,0.17528224,-0.4271284,-0.14888123,0.08809389,0.105785325,0.2465059,40.0,cropland,0.5878107263107262,0.35,0.6867944,1.0,0.6977624600000001,0.5,0.7,0.641474846,medium,64.1,Medium,000000000000000004b3_0,0.0475,0.0794,0.14888123,0.1978,0.1825,0.1992,0.2108,0.1388,0.267,0.2231,"{""geodesic"":false,""type"":""Point"",""coordinates"":[36.70740829733395,34.674341146314646]}"
osm_1205,مدرسة بلقيس,school,34.719616236634266,36.73058483166423,OpenStreetMap,unvalidated_public_osm,0.012261188,-0.065106496,-0.08540513,0.014854217,0.0107374685,0.106594585,50.0,built_up,0.8942513227513227,0.45,1.0,0.41276623999999995,0.57081026,0.5,0.7,0.6196342739999999,medium,62.0,Medium,000000000000000004b4_0,0.2648,0.3116,0.08540513,0.355,0.381,0.373175,0.373425,0.3464,0.4213,0.40368333,"{""geodesic"":false,""type"":""Point"",""coordinates"":[36.73058483166423,34.719616236634266]}"
osm_1206,ثانوية سليمان الحلبي المهنية,school,34.692666778110684,36.72591359218681,OpenStreetMap,unvalidated_public_osm,0.028187627,-0.12228332,-0.031813543,0.030514361,0.02643026,0.11329507,50.0,built_up,0.9189669312169313,0.45,1.0,0.5557082999999999,0.463627086,0.5,0.7,0.6375043685999999,medium,63.8,Medium,000000000000000004b5_0,0.25785,0.3352,0.031813543,0.4286,0.415,0.41673332,0.414625,0.4051,0.45676666,0.414,"{""geodesic"":false,""type"":""Point"",""coordinates"":[36.72591359218681,34.692666778110684]}"
osm_1207,مدرسة عبدالرحمن حاميش,school,34.68925318003103,36.6860283935719,OpenStreetMap,unvalidated_public_osm,0.07402421,-0.14272076,0.14108676,0.08370958,0.07114112,0.019649213,50.0,built_up,0.844397787397787,0.45,0.9399394750000001,0.6068019,0.11782648000000001,0.5,0.7,0.59812789675,medium,59.8,Medium,000000000000000004b6_0,0.2646,0.3592,-0.14108676,0.4788,0.3289,0.3733,0.3939,0.4128,0.3604,0.3069,"{""geodesic"":false,""type"":""Point"",""coordinates"":[36.6860283935719,34.68925318003103]}"
osm_1209,المدرسه الشرعيه في دير بعلبه,school,34.75267423908987,36.744957876210144,OpenStreetMap,unvalidated_public_osm,0.03796376,-0.08918065,-0.123577096,0.03323639,0.02739726,0.13152713,50.0,built_up,0.8877774170274171,0.45,1.0,0.472951625,0.647154192,0.5,0.7,0.6393057442,medium,63.9,Medium,000000000000000004b8_0,0.1673,0.2012,0.123577096,0.2406,0.24335,0.2484,0.2569,0.223,0.30845,0.29515,"{""geodesic"":false,""type"":""Point"",""coordinates"":[36.744957876210144,34.75267423908987]}"
osm_1210,مدرسة البيروني,school,34.750338619351155,36.747832485119325,OpenStreetMap,unvalidated_public_osm,0.06868475,-0.16099487,-0.15708348,0.06024401,0.052619997,0.16837782,50.0,built_up,0.8306579161579158,0.45,0.9532881249999999,0.652487175,0.71416696,0.5,0.7,0.6702361622499999,medium,67.0,Medium,000000000000000004b9_0,0.1666,0.20155,0.15708348,0.2789,0.265,0.26913333,0.275175,0.24305,0.38285,0.3722,"{""geodesic"":false,""type"":""Point"",""coordinates"":[36.747832485119325,34.750338619351155]}"
osm_1211,مدرسة الأمين الابتدائة,school,34.781599991238515,36.722320331050334,OpenStreetMap,unvalidated_public_osm,0.0907965,-0.17728284,-0.045762263,0.0732186,0.06703228,0.11009525,50.0,built_up,0.9223042328042326,0.45,0.89800875,0.6932071000000001,0.491524526,0.5,0.7,0.6422960601000001,medium,64.2,Medium,000000000000000004ba_0,0.1445,0.1847,0.045762263,0.2643,0.21925,0.24545,0.25535,0.2203,0.28965,0.26845,"{""geodesic"":false,""type"":""Point"",""coordinates"":[36.722320331050334,34.781599991238515]}"
osm_1212,National Center For the Distinguished,school,34.75734547856729,36.71818808074338,OpenStreetMap,unvalidated_public_osm,0.083534144,-0.19274977,-0.02792286,0.064,0.06252506,0.11812737,50.0,built_up,0.8277419432419433,0.45,0.9161646400000001,0.731874425,0.45584572,0.5,0.7,0.651000617,medium,65.1,Medium,000000000000000004bb_0,0.1352,0.1826,0.02792286,0.2698,0.2415,0.2477,0.2533,0.2282,0.2853,0.2549,"{""geodesic"":false,""type"":""Point"",""coordinates"":[36.71818808074338,34.75734547856729]}"
osm_1213,مدرسة البياضة,school,34.752494576033044,36.73292045140294,OpenStreetMap,unvalidated_public_osm,0.07886224,-0.18259898,-0.12459401,0.069494516,0.0638856,0.16390976,50.0,built_up,0.552796805046805,0.45,0.9278443999999999,0.70649745,0.64918802,0.5,0.7,0.668179392,medium,66.8,Medium,000000000000000004bc_0,0.1698,0.2189,0.12459401,0.3167,0.32095,0.3322,0.32963333,0.2704,0.40685,0.37165,"{""geodesic"":false,""type"":""Point"",""coordinates"":[36.73292045140294,34.752494576033044]}"
osm_1214,مدرسه رجب فاضل الفضل,school,34.74782333655562,36.719266059084326,OpenStreetMap,unvalidated_public_osm,0.070320904,-0.16620822,-0.10223837,0.05683139,0.055471234,0.1636432,50.0,built_up,0.5853410663410663,0.45,0.9491977399999999,0.66552055,0.60447674,0.5,0.7,0.6608512189999999,medium,66.1,Medium,000000000000000004bd_0,0.1504,0.2122,0.10223837,0.2968,0.3089,0.3174,0.3207,0.2578,0.3644,0.3081,"{""geodesic"":false,""type"":""Point"",""coordinates"":[36.719266059084326,34.74782333655562]}"
osm_1215,مدرسة حسن مزيد,school,34.742972434021375,36.71998471131162,OpenStreetMap,unvalidated_public_osm,0.060372226,-0.12850243,0.014439259,0.07178713,0.057775855,0.07486532,50.0,built_up,0.7354415954415953,0.45,0.9740694350000001,0.571256075,0.371121482,0.5,0.7,0.62488072195,medium,62.5,Medium,000000000000000004be_0,0.2798,0.3608,-0.014439259,0.4672,0.4458,0.466,0.4755,0.414,0.4539,0.3881,"{""geodesic"":false,""type"":""Point"",""coordinates"":[36.71998471131162,34.742972434021375]}"
osm_1216,مدرسة يوسف العظمة,school,34.734168944237005,36.72052370048209,OpenStreetMap,unvalidated_public_osm,0.14248481,-0.22610727,-0.13557926,0.11525758,0.10245732,0.15204242,50.0,built_up,0.573186507936508,0.45,0.7687879750000001,0.8152681749999999,0.6711585200000001,0.5,0.7,0.65236648075,medium,65.2,Medium,000000000000000004bf_0,0.1366,0.166,0.13557926,0.263,0.2581,0.2834,0.2941,0.1974,0.3455,0.3178,"{""geodesic"":false,""type"":""Point"",""coordinates"":[36.72052370048209,34.734168944237005]}"
osm_1217,التعلیم الاساس اشبیلیه,school,34.72428747611169,36.71998471131162,OpenStreetMap,unvalidated_public_osm,0.048725236,-0.104744844,0.027192013,0.052018777,0.042786088,0.06625241,50.0,built_up,0.9632063492063494,0.45,1.0,0.51186211,0.345615974,0.5,0.7,0.6169340194,medium,61.7,Medium,000000000000000004c0_0,0.2309,0.3,-0.027192013,0.3702,0.3064,0.3112,0.31295,0.3358,0.3506,0.31585,"{""geodesic"":false,""type"":""Point"",""coordinates"":[36.71998471131162,34.72428747611169]}"
osm_1218,The National Evangelical School,school,34.72015522580474,36.71836774380021,OpenStreetMap,unvalidated_public_osm,0.08105874,-0.12867014,-0.036224503,0.0698578,0.059780408,0.089816466,50.0,built_up,0.939276455026455,0.45,0.92235315,0.5716753499999999,0.472449006,0.5,0.7,0.6221682581,medium,62.2,Medium,000000000000000004c1_0,0.1589,0.2018,0.036224503,0.2614,0.2863,0.292,0.2896,0.2222,0.28105,0.26935,"{""geodesic"":false,""type"":""Point"",""coordinates"":[36.71836774380021,34.72015522580474]}"
osm_1219,مدرسة النهضة العربية,school,34.7228501716571,36.723937298561744,OpenStreetMap,unvalidated_public_osm,0.036131173,-0.08814941,0.007703733,0.0444718,0.03197769,0.055830814,50.0,built_up,0.9836111111111112,0.45,1.0,0.470373525,0.38459253400000004,0.5,0.7,0.6125339584,medium,61.3,Medium,000000000000000004c2_0,0.2656,0.3124,-0.007703733,0.3728,0.3194,0.3227,0.3223,0.3468,0.3671,0.334,"{""geodesic"":false,""type"":""Point"",""coordinates"":[36.723937298561744,34.7228501716571]}"
osm_1220,مدرسة الاستقلال,school,34.722490845543454,36.71800841768656,OpenStreetMap,unvalidated_public_osm,0.03514377,-0.10391824,-0.091164075,0.032816228,0.026378896,0.11182622,50.0,built_up,0.9132760942760941,0.45,1.0,0.5097956,0.58232815,0.5,0.7,0.640191935,medium,64.0,Medium,000000000000000004c3_0,0.1824,0.2104,0.091164075,0.2592,0.2566,0.2559,0.263,0.2416,0.3112,0.3052,"{""geodesic"":false,""type"":""Point"",""coordinates"":[36.718008417686555,34.722490845543454]}"
osm_1221,التعلیم الاساس اشبیلیه,school,34.7266230958504,36.72034403742527,OpenStreetMap,unvalidated_public_osm,0.032015048,-0.12618166,-0.091210626,0.028901717,0.024733255,0.12757361,50.0,built_up,0.9234126984126982,0.45,1.0,0.56545415,0.5824212520000001,0.5,0.7,0.6513329552,medium,65.1,Medium,000000000000000004c4_0,0.1794,0.2126,0.091210626,0.274,0.2719,0.2767,0.2728,0.257,0.329,0.30805,"{""geodesic"":false,""type"":""Point"",""coordinates"":[36.72034403742527,34.7266230958504]}"
osm_1222,مدرسة المثنى,school,34.72338916082757,36.72519493995952,OpenStreetMap,unvalidated_public_osm,0.018552879,-0.08284024,0.04174573,0.023042804,0.017615974,0.056854486,50.0,built_up,0.9192301587301588,0.45,1.0,0.45710059999999997,0.31650854,0.5,0.7,0.603070974,medium,60.3,Medium,000000000000000004c5_0,0.299,0.372,-0.04174573,0.4392,0.384,0.3799,0.3806,0.4232,0.404,0.4033,"{""geodesic"":false,""type"":""Point"",""coordinates"":[36.725194939959515,34.72338916082757]}"
osm_1224,Farabi High School,school,34.7183585952365,36.71836774380021,OpenStreetMap,unvalidated_public_osm,0.16607776,-0.26748973,-0.11068335,0.115869574,0.11013169,0.14614122,50.0,built_up,0.4247448292448292,0.45,0.7098055999999999,0.9187243249999999,0.6213667,0.5,0.7,0.6533329349999999,medium,65.3,Medium,000000000000000004c7_0,0.107,0.1335,0.11068335,0.231,0.2384,0.2695,0.2908,0.1652,0.2885,0.24615,"{""geodesic"":false,""type"":""Point"",""coordinates"":[36.71836774380021,34.7183585952365]}"
osm_1226,مدرسه مجد عنقا,school,34.69446340867892,36.73076449472106,OpenStreetMap,unvalidated_public_osm,0.05044281,-0.13289036,-0.08930061,0.04393319,0.038552083,0.13009173,50.0,built_up,0.8983051948051948,0.45,0.998892975,0.5822259,0.57860122,0.5,0.7,0.65402854575,medium,65.4,Medium,000000000000000004c9_0,0.1682,0.2088,0.08930061,0.2728,0.2577,0.2594,0.2658,0.2466,0.3263,0.3193,"{""geodesic"":false,""type"":""Point"",""coordinates"":[36.73076449472106,34.69446340867892]}"
osm_1227,مدرسة غسان ابراهيم,school,34.701470267895054,36.733100114459766,OpenStreetMap,unvalidated_public_osm,0.048980065,-0.123703726,-0.0018095142,0.045440942,0.039407805,0.08434937,50.0,built_up,0.9516812169312168,0.45,1.0,0.5592593149999999,0.4036190284,0.5,0.7,0.63221376584,medium,63.2,Medium,000000000000000004ca_0,0.186,0.2366,0.0018095142,0.3034,0.2889,0.288,0.293,0.27506667,0.3045,0.2813,"{""geodesic"":false,""type"":""Point"",""coordinates"":[36.733100114459766,34.701470267895054]}"
osm_1228,مدرسة ناظم الأطرش,school,34.70811780099754,36.71549313489102,OpenStreetMap,unvalidated_public_osm,0.06408521,-0.15583597,-0.045833334,0.054746956,0.048844088,0.108524755,50.0,built_up,0.9281732804232801,0.45,0.964786975,0.639589925,0.49166666800000003,0.5,0.7,0.6482813955500001,medium,64.8,Medium,000000000000000004cb_0,0.1618,0.2007,0.045833334,0.2748,0.2585,0.27475,0.27655,0.2417,0.3012,0.2755,"{""geodesic"":false,""type"":""Point"",""coordinates"":[36.71549313489102,34.70811780099754]}"
osm_1230,ثانوية مجد عنقة للبنات,school,34.69608037619034,36.7311238208347,OpenStreetMap,unvalidated_public_osm,0.026882142,-0.09618781,0.0071908906,0.028509319,0.025340596,0.09858665,50.0,built_up,0.9433240740740744,0.45,1.0,0.490469525,0.3856182188,0.5,0.7,0.61665572688,medium,61.7,Medium,000000000000000004cd_0,0.2546,0.358,-0.0071908906,0.4342,0.39595,0.40375,0.40615,0.41146666,0.428,0.3718,"{""geodesic"":false,""type"":""Point"",""coordinates"":[36.7311238208347,34.69608037619034]}"
osm_1231,الثانوية الانجيلية,school,34.71404668187273,36.71836774380021,OpenStreetMap,unvalidated_public_osm,0.023171272,-0.08165225,-0.08492482,0.01934455,0.016273124,0.11213659,50.0,built_up,0.7990537518037519,0.45,1.0,0.454130625,0.56984964,0.5,0.7,0.6278110889999999,medium,62.8,Medium,000000000000000004ce_0,0.1596,0.1912,0.08492482,0.2252,0.2205,0.2251,0.2268,0.215,0.267,0.2558,"{""geodesic"":false,""type"":""Point"",""coordinates"":[36.71836774380021,34.71404668187273]}"
osm_1232,مدرسة حكمت نديم مبارك,school,34.70991443156578,36.71585246100467,OpenStreetMap,unvalidated_public_osm,0.050616313,-0.14850917,-0.14328489,0.03489928,0.0328492,0.1657782,50.0,built_up,0.8355531505531503,0.45,0.9984592174999999,0.621272925,0.68656978,0.5,0.7,0.6725263673749999,medium,67.3,Medium,000000000000000004cf_0,0.1205,0.1485,0.14328489,0.2003,0.19775,0.19945,0.20475,0.181,0.2673,0.2622,"{""geodesic"":false,""type"":""Point"",""coordinates"":[36.71585246100467,34.70991443156578]}"
osm_1233,مدرسة القرابيس الاساسية,school,34.74063681428267,36.707048971220296,OpenStreetMap,unvalidated_public_osm,-0.003202216,-0.031479258,0.08868346,-0.0047590206,-0.0030558982,0.013498193,50.0,built_up,0.9018544973544969,0.45,1.0,0.328698145,0.22263308,0.5,0.7,0.568002937,medium,56.8,Medium,000000000000000004d0_0,0.3462,0.4092,-0.08868346,0.4358,0.3227,0.32175,0.31715,0.4386,0.3648,0.34845,"{""geodesic"":false,""type"":""Point"",""coordinates"":[36.707048971220296,34.74063681428267]}"
osm_1235,مدرسة محمد غياث كسيبي,school,34.7221315194298,36.71297785209549,OpenStreetMap,unvalidated_public_osm,0.16912815,-0.25204083,-0.050677005,0.12392654,0.11578603,0.106699765,50.0,built_up,0.825191798941799,0.45,0.7021796250000001,0.8801020749999999,0.50135401,0.5,0.7,0.63170072225,medium,63.2,Medium,000000000000000004d2_0,0.1146,0.1466,0.050677005,0.2454,0.2175,0.2519,0.264,0.1744,0.2716,0.2379,"{""geodesic"":false,""type"":""Point"",""coordinates"":[36.712977852095484,34.7221315194298]}"
osm_1239,مدرسة الغوطة,school,34.73596557480524,36.70525234065206,OpenStreetMap,unvalidated_public_osm,0.0014641172,-0.0523077,0.023696674,0.0019378437,0.0013640389,0.053421073,50.0,built_up,0.9542235449735451,0.45,1.0,0.38076924999999995,0.352606652,0.5,0.7,0.5914145151999999,medium,59.1,Medium,000000000000000004d6_0,0.309,0.3696,-0.023696674,0.4104,0.372,0.3706,0.3694,0.4092,0.3914,0.3746,"{""geodesic"":false,""type"":""Point"",""coordinates"":[36.70525234065206,34.73596557480524]}"
osm_1241,زهر الغوطة,school,34.73812153148713,36.70453368842477,OpenStreetMap,unvalidated_public_osm,0.13277441,-0.21981941,-0.019409286,0.11271847,0.10084903,0.0885314,50.0,built_up,0.9282367724867722,0.45,0.7930639749999999,0.7995485250000001,0.438818572,0.5,0.7,0.63205755595,medium,63.2,Medium,000000000000000004d8_0,0.1486,0.1858,0.019409286,0.2905,0.2456,0.27455,0.28085,0.2224,0.302,0.25195,"{""geodesic"":false,""type"":""Point"",""coordinates"":[36.70453368842477,34.73812153148713]}"
osm_1242,ثانوية الجلاء للبنات,school,34.723928149998045,36.707048971220296,OpenStreetMap,unvalidated_public_osm,0.02018683,-0.08699843,0.045707263,0.02222889,0.017271033,0.047831446,50.0,built_up,0.9249112554112554,0.45,1.0,0.46749607499999996,0.308585474,0.5,0.7,0.6043577624,medium,60.4,Medium,000000000000000004d9_0,0.2377,0.2844,-0.045707263,0.3386,0.28295,0.29735,0.3135,0.3252,0.309,0.2982,"{""geodesic"":false,""type"":""Point"",""coordinates"":[36.707048971220296,34.723928149998045]}"
osm_1245,مدرسة الرملة,school,34.709195779338486,36.7101032431863,OpenStreetMap,unvalidated_public_osm,0.15998349,-0.23994698,0.0012488795,0.12867405,0.11801181,0.07774679,50.0,built_up,0.8389206349206348,0.45,0.7250412749999999,0.84986745,0.39750224100000003,0.5,0.7,0.62098403285,medium,62.1,Medium,000000000000000004dc_0,0.1328,0.172,-0.0012488795,0.2806,0.2278,0.2447,0.257,0.2032,0.2799,0.24,"{""geodesic"":false,""type"":""Point"",""coordinates"":[36.7101032431863,34.709195779338486]}"
osm_1246,خديجة الكبرى,school,34.74476906458962,36.7101032431863,OpenStreetMap,unvalidated_public_osm,0.016514366,-0.060555346,-0.064344734,0.018602822,0.013749235,0.093307115,50.0,built_up,0.9796071428571427,0.45,1.0,0.401388365,0.528689468,0.5,0.7,0.6131466198,medium,61.3,Medium,000000000000000004dd_0,0.2364,0.2808,0.064344734,0.317,0.3489,0.3438,0.33575,0.3067,0.3606,0.3329,"{""geodesic"":false,""type"":""Point"",""coordinates"":[36.7101032431863,34.74476906458962]}"
osm_1247,مدرسة حيدر حيدر قيس,school,34.74494872764644,36.71046256929996,OpenStreetMap,unvalidated_public_osm,0.026478859,-0.09610467,-0.01950759,0.029434774,0.023305774,0.0858813,50.0,built_up,0.9804444444444445,0.45,1.0,0.490261675,0.43901518,0.5,0.7,0.621953853,medium,62.2,Medium,000000000000000004de_0,0.2455,0.3005,0.01950759,0.3644,0.35955,0.3537,0.35665,0.3456,0.3789,0.33415,"{""geodesic"":false,""type"":""Point"",""coordinates"":[36.710462569299956,34.74494872764644]}"
osm_1249,مدرسة محمد الهنداوي,school,34.703626224576944,36.71046256929996,OpenStreetMap,unvalidated_public_osm,0.037288103,-0.12893203,-0.10333128,0.033912025,0.029561501,0.14018352,50.0,built_up,0.8687116402116398,0.45,1.0,0.572330075,0.60666256,0.5,0.7,0.6551322709999999,medium,65.5,Medium,000000000000000004e0_0,0.1825,0.2243,0.10333128,0.2907,0.3066,0.309,0.3072,0.2698,0.3577,0.3283,"{""geodesic"":false,""type"":""Point"",""coordinates"":[36.710462569299956,34.703626224576944]}"
osm_1250,مدرسة الشهيد احمد الضبي,school,34.697697343701755,36.695370872526745,OpenStreetMap,unvalidated_public_osm,0.03048065,-0.13273194,-0.10214506,0.028954836,0.026387002,0.15567683,50.0,built_up,0.6688650793650791,0.45,1.0,0.58182985,0.60429012,0.5,0.7,0.6567949820000001,medium,65.7,Medium,000000000000000004e1_0,0.2054,0.2692,0.10214506,0.3516,0.3683,0.3659,0.3676,0.3308,0.4316,0.4151,"{""geodesic"":false,""type"":""Point"",""coordinates"":[36.695370872526745,34.697697343701755]}"
osm_1251,مدرسة عبدالله بن مسعود,school,34.70308723540647,36.70794728650442,OpenStreetMap,unvalidated_public_osm,0.10960991,-0.18694636,-0.06927436,0.08842244,0.07868389,0.11327731,50.0,built_up,0.931085978835979,0.45,0.8509752249999999,0.7173659,0.53854872,0.5,0.7,0.64007185825,medium,64.0,Medium,000000000000000004e2_0,0.1411,0.1744,0.06927436,0.2546,0.2033,0.2137,0.22305,0.2043,0.2925,0.2787,"{""geodesic"":false,""type"":""Point"",""coordinates"":[36.70794728650442,34.70308723540647]}"
osm_1252,مدرسة الفداء,school,34.69500239784939,36.70686930816348,OpenStreetMap,unvalidated_public_osm,0.12296681,-0.20069565,-0.03372989,0.113903455,0.10172228,0.10354953,50.0,built_up,0.9168994708994709,0.45,0.817582975,0.751739125,0.46745978,0.5,0.7,0.63148954675,medium,63.1,Medium,000000000000000004e3_0,0.1738,0.2298,0.03372989,0.3452,0.3376,0.3448,0.3486,0.2696,0.3693,0.3226,"{""geodesic"":false,""type"":""Point"",""coordinates"":[36.706869308163476,34.69500239784939]}"
osm_1254,ثانوية الشهيد ايهم علي براهيم المهنية,school,34.76165739193106,36.718727069913854,OpenStreetMap,unvalidated_public_osm,0.1909449,-0.28997865,-0.07279694,0.120691806,0.12842013,0.15548621,40.0,cropland,0.3617376882376883,0.35,0.6476377499999999,0.974946625,0.54559388,0.5,0.7,0.6114581505,medium,61.1,Medium,000000000000000004e5_0,0.0828,0.1332,0.07279694,0.242,0.2119,0.2359,0.2524,0.1644,0.28,0.232,"{""geodesic"":false,""type"":""Point"",""coordinates"":[36.718727069913854,34.76165739193106]}"
osm_1255,مدرسة أمين القاعي,school,34.74746401044197,36.71118122152725,OpenStreetMap,unvalidated_public_osm,0.029406516,-0.0968477,-0.033952165,0.028135862,0.023324845,0.09244646,50.0,built_up,0.9057883597883599,0.45,1.0,0.49211925,0.46790433000000003,0.5,0.7,0.6252142829999999,medium,62.5,Medium,000000000000000004e6_0,0.1942,0.2378,0.033952165,0.2888,0.24725,0.25255,0.25155,0.2723,0.3091,0.2899,"{""geodesic"":false,""type"":""Point"",""coordinates"":[36.71118122152725,34.74746401044197]}"
osm_1256,مدرسة خالد عبد الحي,school,34.755369184942225,36.70453368842477,OpenStreetMap,unvalidated_public_osm,0.034582116,-0.120824225,-0.056628563,0.034261227,0.03015074,0.12379936,50.0,built_up,0.9037023809523805,0.45,1.0,0.5520605624999999,0.5132571260000001,0.5,0.7,0.6417378251,medium,64.2,Medium,000000000000000004e7_0,0.2157,0.2816,0.056628563,0.359,0.36925,0.36605,0.3678,0.335,0.4021,0.38925,"{""geodesic"":false,""type"":""Point"",""coordinates"":[36.70453368842477,34.755369184942225]}"
osm_1258,أعدادية نوري حوا للإناث,school,34.74387074930549,36.68045883881036,OpenStreetMap,unvalidated_public_osm,0.025183627,-0.10395479,-0.0029340403,0.028996008,0.022813685,0.0789418,50.0,built_up,0.9641428571428571,0.45,1.0,0.5098869749999999,0.4058680806,0.5,0.7,0.6225642030599999,medium,62.3,Medium,000000000000000004e9_0,0.262,0.3172,0.0029340403,0.3908,0.389,0.3819,0.3816,0.3716,0.3931,0.3615,"{""geodesic"":false,""type"":""Point"",""coordinates"":[36.68045883881036,34.74387074930549]}"
osm_1259,مدرسة الوعر الجديدة,school,34.73255197672559,36.66141455478703,OpenStreetMap,unvalidated_public_osm,0.114350505,-0.32358602,-0.06648575,0.08516696,0.09477358,0.17738515,40.0,cropland,0.5331984126984127,0.35,0.8391237375,1.0,0.5329715,0.5,0.7,0.663078084375,medium,66.3,Medium,000000000000000004ea_0,0.1216,0.1758,0.06648575,0.344,0.28375,0.29315,0.30385,0.2734,0.393,0.3531,"{""geodesic"":false,""type"":""Point"",""coordinates"":[36.66141455478703,34.73255197672559]}"
osm_1260,مدرسة عبد الحميد الحراكي,school,34.7476436734988,36.71118122152725,OpenStreetMap,unvalidated_public_osm,0.05235989,-0.13388957,-0.101668224,0.04705415,0.040867236,0.13649128,50.0,built_up,0.8737579365079364,0.45,0.994100275,0.584723925,0.6033364480000001,0.5,0.7,0.6558034985500001,medium,65.6,Medium,000000000000000004eb_0,0.1758,0.218,0.101668224,0.2854,0.3146,0.3094,0.3121,0.257,0.35,0.3193,"{""geodesic"":false,""type"":""Point"",""coordinates"":[36.71118122152725,34.7476436734988]}"
osm_1261,ثانوية بدر الدين صقر,school,34.72859938947546,36.65530601085501,OpenStreetMap,unvalidated_public_osm,0.026870413,-0.110541314,0.0069749444,0.031536013,0.024301164,0.07013061,50.0,built_up,0.973325396825397,0.45,1.0,0.526353285,0.38605011120000005,0.5,0.7,0.62387566812,medium,62.4,Medium,000000000000000004ec_0,0.2652,0.3122,-0.0069749444,0.3898,0.35635,0.36665,0.37435,0.3694,0.3844,0.34535,"{""geodesic"":false,""type"":""Point"",""coordinates"":[36.655306010855014,34.72859938947546]}"
osm_1263,ثانوية دلال المغربيالمهنية للحاسب,school,34.74351142319185,36.67363164265105,OpenStreetMap,unvalidated_public_osm,0.016402546,-0.08486645,0.058253136,0.018352607,0.0145153245,0.048435014,50.0,built_up,0.9554603174603173,0.45,1.0,0.46216612500000004,0.28349372800000006,0.5,0.7,0.6007825978,medium,60.1,Medium,000000000000000004ee_0,0.2508,0.3084,-0.058253136,0.3656,0.30035,0.2964,0.30115,0.3538,0.32535,0.2911,"{""geodesic"":false,""type"":""Point"",""coordinates"":[36.67363164265105,34.74351142319185]}"
osm_1265,ابتدائية فايز غراب,school,34.72859938947546,36.65476702168454,OpenStreetMap,unvalidated_public_osm,0.0070959292,-0.06889819,-0.022199538,0.008864088,0.006423476,0.07722113,50.0,built_up,0.965642857142857,0.45,1.0,0.422245475,0.444399076,0.5,0.7,0.6088890026,medium,60.9,Medium,000000000000000004f0_0,0.2836,0.3338,0.022199538,0.3832,0.3787,0.3759,0.3813,0.3778,0.4006,0.37585,"{""geodesic"":false,""type"":""Point"",""coordinates"":[36.65476702168454,34.72859938947546]}"
osm_1266,مدرسة صلاح الدين الأيوبي,school,34.72788073724817,36.726632244414105,OpenStreetMap,unvalidated_public_osm,0.042611394,-0.105635464,-0.082559355,0.04517524,0.036882453,0.122652166,50.0,built_up,0.905570346320346,0.45,1.0,0.51408866,0.56511871,0.5,0.7,0.639329603,medium,63.9,Medium,000000000000000004f1_0,0.2275,0.28765,0.082559355,0.3556,0.379025,0.37945,0.3855,0.32653335,0.4196,0.3899,"{""geodesic"":false,""type"":""Point"",""coordinates"":[36.726632244414105,34.72788073724817]}"
osm_1267,مدرسة وليد نجار,school,34.727701074191344,36.72609325524363,OpenStreetMap,unvalidated_public_osm,0.019443,-0.08258931,0.065641314,0.023991719,0.017602298,0.034362763,50.0,built_up,0.9730198412698413,0.45,1.0,0.456473275,0.268717372,0.5,0.7,0.5981663922,medium,59.8,Medium,000000000000000004f2_0,0.278,0.3288,-0.065641314,0.388,0.3048,0.3076,0.30535,0.3732,0.3402,0.3118,"{""geodesic"":false,""type"":""Point"",""coordinates"":[36.72609325524363,34.727701074191344]}"
osm_1268,مدرسة عزة الجندي,school,34.72752141113452,36.72645258135728,OpenStreetMap,unvalidated_public_osm,0.02665029,-0.08905078,0.052709028,0.031203521,0.02642995,0.070843816,50.0,built_up,0.6577339234839233,0.45,1.0,0.47262695,0.29458194400000004,0.5,0.7,0.6039835844,medium,60.4,Medium,000000000000000004f3_0,0.3022,0.4189,-0.052709028,0.5008,0.4756,0.4851,0.4739,0.4748,0.45065,0.372,"{""geodesic"":false,""type"":""Point"",""coordinates"":[36.72645258135728,34.72752141113452]}"
osm_1269,سيف الدولة الحمداني,school,34.75339289131716,36.730225505550585,OpenStreetMap,unvalidated_public_osm,0.024175825,-0.14849044,-0.031436764,0.02295253,0.02149837,0.12554243,50.0,built_up,0.8802552910052909,0.45,1.0,0.6212261,0.46287352800000003,0.5,0.7,0.6505325728,medium,65.1,Medium,000000000000000004f4_0,0.2116,0.2764,0.031436764,0.3728,0.3754,0.3721,0.3634,0.3552,0.397,0.3715,"{""geodesic"":false,""type"":""Point"",""coordinates"":[36.730225505550585,34.75339289131716]}"
osm_1270,مدرسة حسن الكردي الجديدة,school,34.735067259521124,36.733998429743885,OpenStreetMap,unvalidated_public_osm,0.019047627,-0.080808066,0.013773136,0.02366865,0.017197458,0.058044363,50.0,built_up,0.9583849206349206,0.45,1.0,0.452020165,0.37245372800000004,0.5,0.7,0.6076494057999999,medium,60.8,Medium,000000000000000004f5_0,0.27853334,0.3276,-0.013773136,0.3852,0.3249,0.3215,0.3244,0.3708,0.37473333,0.3751,"{""geodesic"":false,""type"":""Point"",""coordinates"":[36.733998429743885,34.735067259521124]}"
osm_1271,معهد المستقبل التخصصي,school,34.734168944237005,36.72986617943693,OpenStreetMap,unvalidated_public_osm,0.16334963,-0.23311663,-0.03167324,0.118018396,0.10881651,0.09018008,50.0,built_up,0.7794719817219817,0.45,0.7166259250000001,0.832791575,0.46334648,0.5,0.7,0.6220494442500001,medium,62.2,Medium,000000000000000004f6_0,0.1137,0.1445,0.03167324,0.23235,0.1698,0.20055,0.21192,0.1671,0.24755,0.2321,"{""geodesic"":false,""type"":""Point"",""coordinates"":[36.72986617943693,34.734168944237005]}"
osm_1272,مدرسة عمار بن ياسر,school,34.74081647733949,36.72178134187986,OpenStreetMap,unvalidated_public_osm,0.03534197,-0.10352305,-0.091274254,0.042440142,0.032410998,0.12167399,50.0,built_up,0.8685277777777775,0.45,1.0,0.508807625,0.582548508,0.5,0.7,0.6400163758,medium,64.0,Medium,000000000000000004f7_0,0.2728,0.3308,0.091274254,0.4072,0.4218,0.42825,0.4323,0.3794,0.489,0.4802,"{""geodesic"":false,""type"":""Point"",""coordinates"":[36.72178134187986,34.74081647733949]}"
osm_1273,مدرسة عين جالوت,school,34.74458940153279,36.7190863960275,OpenStreetMap,unvalidated_public_osm,0.037558664,-0.09287589,-0.056940917,0.042019542,0.03249829,0.09933975,50.0,built_up,0.9652724867724866,0.45,1.0,0.48218972499999996,0.513881834,0.5,0.7,0.6278261284,medium,62.8,Medium,000000000000000004f8_0,0.2398,0.2935,0.056940917,0.3536,0.34825,0.34825,0.3543,0.328,0.3963,0.3836,"{""geodesic"":false,""type"":""Point"",""coordinates"":[36.7190863960275,34.74458940153279]}"
osm_1274,مدرسة الثامن من آذار,school,34.73668422703254,36.71675077628879,OpenStreetMap,unvalidated_public_osm,0.068022445,-0.1679448,-0.11671742,0.058791444,0.0543722,0.16014616,50.0,built_up,0.771094424094424,0.45,0.9549438875,0.669862,0.63343484,0.5,0.7,0.6660518558749999,medium,66.6,Medium,000000000000000004f9_0,0.1666,0.217,0.11671742,0.3046,0.3006,0.3085,0.3188,0.2658,0.3851,0.3386,"{""geodesic"":false,""type"":""Point"",""coordinates"":[36.71675077628879,34.73668422703254]}"
osm_1275,مدرسة الأرشاد,school,34.72877905253229,36.722320331050334,OpenStreetMap,unvalidated_public_osm,0.057743795,-0.13314214,-0.0816733,0.05024959,0.04428153,0.12659973,50.0,built_up,0.913546296296296,0.45,0.9806405125000001,0.58285535,0.5633466,0.5,0.7,0.648065858125,medium,64.8,Medium,000000000000000004fa_0,0.167,0.2116,0.0816733,0.2766,0.3033,0.3021,0.3008,0.2464,0.3258,0.3091,"{""geodesic"":false,""type"":""Point"",""coordinates"":[36.722320331050334,34.72877905253229]}"
osm_1276,مدرسة الثامن من آذار,school,34.73542658563478,36.71800841768656,OpenStreetMap,unvalidated_public_osm,0.00863403,-0.0669789,0.0005490212,0.012176819,0.008336878,0.06392506,50.0,built_up,0.8299402726902724,0.45,1.0,0.41744724999999994,0.3989019576,0.5,0.7,0.6033796457599999,medium,60.3,Medium,000000000000000004fb_0,0.3388,0.3984,-0.0005490212,0.4556,0.4556,0.4476,0.45035,0.4478,0.4551,0.4432,"{""geodesic"":false,""type"":""Point"",""coordinates"":[36.718008417686555,34.73542658563478]}"
osm_1277,مدرسة يوسف العظمة,school,34.73542658563478,36.717828754629735,OpenStreetMap,unvalidated_public_osm,0.017801516,-0.0803023,0.0025205417,0.023976507,0.017157566,0.06796117,50.0,built_up,0.8155447700447699,0.45,1.0,0.45075574999999996,0.39495891660000004,0.5,0.7,0.6096470416599999,medium,61.0,Medium,000000000000000004fc_0,0.325,0.3894,-0.0025205417,0.4574,0.4556,0.4476,0.45035,0.4414,0.4551,0.4432,"{""geodesic"":false,""type"":""Point"",""coordinates"":[36.717828754629735,34.73542658563478]}"
osm_1278,ثانوية وصفي قرنفلي,school,34.73075534615735,36.72070336353892,OpenStreetMap,unvalidated_public_osm,0.046101283,-0.12415903,-0.028156005,0.04734624,0.040405698,0.102047056,50.0,built_up,0.974246031746032,0.45,1.0,0.560397575,0.45631201000000005,0.5,0.7,0.637710716,medium,63.8,Medium,000000000000000004fd_0,0.2224,0.2864,0.028156005,0.3676,0.3617,0.3625,0.3586,0.3352,0.3889,0.361,"{""geodesic"":false,""type"":""Point"",""coordinates"":[36.72070336353892,34.73075534615735]}"
osm_1279,مدرسة امطانيوس حنا,school,34.72895871558912,36.7235779724481,OpenStreetMap,unvalidated_public_osm,0.112016305,-0.20000002,-0.09166527,0.09215819,0.083249256,0.13263506,50.0,built_up,0.9069642857142859,0.45,0.8449592375,0.75000005,0.58333054,0.5,0.7,0.6495728733749999,medium,65.0,Medium,000000000000000004fe_0,0.1452,0.182,0.09166527,0.273,0.2647,0.27625,0.2862,0.218,0.3281,0.3141,"{""geodesic"":false,""type"":""Point"",""coordinates"":[36.7235779724481,34.728958715589116]}"
osm_1280,Alghassaniah orthodox school,school,34.72716208502087,36.71962538519797,OpenStreetMap,unvalidated_public_osm,0.06409768,-0.1780359,-0.13673295,0.05112755,0.049209144,0.17894433,50.0,built_up,0.6565666463166463,0.45,0.9647558,0.69508975,0.6734659000000001,0.5,0.7,0.67755349,medium,67.8,Medium,000000000000000004ff_0,0.1477,0.1946,0.13673295,0.2789,0.2984,0.30225,0.31635,0.2453,0.36725,0.3385,"{""geodesic"":false,""type"":""Point"",""coordinates"":[36.71962538519797,34.72716208502087]}"
osm_1281,مدرسة حمزة بن عبد المطلب,school,34.68350396221266,36.69285558973121,OpenStreetMap,unvalidated_public_osm,0.015492256,-0.07172996,0.02303335,0.01950422,0.014303293,0.057392005,50.0,built_up,0.9691309523809524,0.45,1.0,0.4293249,0.3539333,0.5,0.7,0.60125831,medium,60.1,Medium,00000000000000000500_0,0.2908,0.352,-0.02303335,0.4064,0.3449,0.3575,0.3562,0.394,0.3881,0.3641,"{""geodesic"":false,""type"":""Point"",""coordinates"":[36.69285558973121,34.68350396221266]}"
osm_1282,مدرسه الوعر الجديده,school,34.73470793340748,36.65853994587784,OpenStreetMap,unvalidated_public_osm,0.10596674,-0.19352566,-0.04450704,0.10204722,0.0875696,0.1027526,50.0,built_up,0.9694761904761904,0.45,0.86008315,0.73381415,0.48901408,0.5,0.7,0.6406850255,medium,64.1,Medium,00000000000000000501_0,0.1856,0.2292,0.04450704,0.3392,0.3195,0.3419,0.3512,0.2742,0.3708,0.3315,"{""geodesic"":false,""type"":""Point"",""coordinates"":[36.65853994587784,34.73470793340748]}"
osm_1283,ثانوية الشهيد الناصر ابراهيم,school,34.69661936536081,36.64686184718429,OpenStreetMap,unvalidated_public_osm,0.07502504,-0.14814816,0.015752977,0.074985035,0.061374817,0.06231988,50.0,built_up,0.9218514448514448,0.45,0.9374374,0.6203704,0.368494046,0.5,0.7,0.6252828345999999,medium,62.5,Medium,00000000000000000502_0,0.1982,0.2392,-0.015752977,0.3224,0.233,0.2625,0.2755,0.2774,0.3124,0.2672,"{""geodesic"":false,""type"":""Point"",""coordinates"":[36.64686184718429,34.69661936536081]}"
osm_1284,مدرسة جوبر الاعدادية,school,34.68278530998537,36.66860107705998,OpenStreetMap,unvalidated_public_osm,0.044231378,-0.116033055,-0.094420604,0.04422864,0.037414975,0.1339554,50.0,built_up,0.7130343915343912,0.45,1.0,0.5400826375,0.5888412080000001,0.5,0.7,0.6469006483,medium,64.7,Medium,00000000000000000503_0,0.21,0.2674,0.094420604,0.3376,0.3462,0.3451,0.3449,0.309,0.408,0.3804,"{""geodesic"":false,""type"":""Point"",""coordinates"":[36.66860107705998,34.68278530998537]}"
osm_1285,مدرسة النقيرة الابتدائية,school,34.66338169984839,36.66662478343492,OpenStreetMap,unvalidated_public_osm,0.03423252,-0.08957953,-0.06202158,0.035751935,0.028706228,0.10603028,50.0,built_up,0.9774761904761903,0.45,1.0,0.47394882499999996,0.5240431600000001,0.5,0.7,0.6271940810000001,medium,62.7,Medium,00000000000000000504_0,0.2196,0.2739,0.06202158,0.3278,0.3401,0.33785,0.33635,0.3061,0.37115,0.3412,"{""geodesic"":false,""type"":""Point"",""coordinates"":[36.66662478343492,34.66338169984839]}"
osm_1287,المحمد يوسف,school,34.6973380175881,36.64650252107064,OpenStreetMap,unvalidated_public_osm,0.027481778,-0.09471168,-0.012531995,0.03183473,0.024233436,0.07570906,50.0,built_up,0.9672777777777778,0.45,1.0,0.48677919999999997,0.42506399,0.5,0.7,0.6198622389999999,medium,62.0,Medium,00000000000000000506_0,0.2544,0.303,0.012531995,0.3664,0.3401,0.3354,0.3389,0.3468,0.3757,0.3492,"{""geodesic"":false,""type"":""Point"",""coordinates"":[36.646502521070644,34.6973380175881]}"
osm_1288,مدرسة صلاح غالي,school,34.73614523786207,36.65836028282102,OpenStreetMap,unvalidated_public_osm,0.10496183,-0.26973683,-0.116873205,0.06694255,0.071801566,0.19038771,60.0,bare_sparse_vegetation,0.3510904280904281,0.85,0.8625954250000001,0.924342075,0.63374641,0.5,0.7,0.81389191225,high,81.4,High,00000000000000000507_0,0.0952,0.1332,0.116873205,0.2316,0.2081,0.2195,0.2264,0.1876,0.2929,0.2536,"{""geodesic"":false,""type"":""Point"",""coordinates"":[36.65836028282102,34.73614523786207]}"
osm_1289,مدرسة الشهيد عبد الرحمن الدوماني,school,34.69967363732682,36.68189614326495,OpenStreetMap,unvalidated_public_osm,0.042168673,-0.11757103,-0.094596386,0.043397393,0.036082473,0.13181156,50.0,built_up,0.7658558201058199,0.45,1.0,0.543927575,0.5891927720000001,0.5,0.7,0.6477047922,medium,64.8,Medium,00000000000000000508_0,0.2188,0.2732,0.094596386,0.346,0.3562,0.3579,0.3626,0.318,0.4183,0.3882,"{""geodesic"":false,""type"":""Point"",""coordinates"":[36.68189614326495,34.69967363732682]}"
osm_1290,ثانوية عبد المعين الملوحي,school,34.70721948571342,36.710642232356776,OpenStreetMap,unvalidated_public_osm,0.1385051,-0.23567857,0.030623667,0.11987611,0.1101822,0.06939818,50.0,built_up,0.6399219576719577,0.45,0.77873725,0.839196425,0.33875266600000004,0.5,0.7,0.6263988641,medium,62.6,Medium,00000000000000000509_0,0.1533,0.1988,-0.030623667,0.3214,0.2347,0.26455,0.27475,0.2432,0.3023,0.2711,"{""geodesic"":false,""type"":""Point"",""coordinates"":[36.710642232356776,34.70721948571342]}"
osm_1291,مدرسة الشهيد مرهف ديوب,school,34.76668795752213,36.68998098082203,OpenStreetMap,unvalidated_public_osm,0.04408601,-0.118985884,-0.02344588,0.04820692,0.039549828,0.094307154,50.0,built_up,0.9700714285714287,0.45,1.0,0.54746471,0.44689176,0.5,0.7,0.634182118,medium,63.4,Medium,0000000000000000050a_0,0.2428,0.3058,0.02344588,0.3884,0.37475,0.3804,0.38775,0.3556,0.40705,0.364,"{""geodesic"":false,""type"":""Point"",""coordinates"":[36.68998098082203,34.76668795752213]}"
osm_1292,مدرسة روافد,school,34.74117580345314,36.66141455478703,OpenStreetMap,unvalidated_public_osm,0.052891076,-0.106713764,0.09811252,0.06923257,0.050847452,0.02009401,50.0,built_up,0.9109365079365079,0.45,0.99277231,0.51678441,0.20377496000000003,0.5,0.7,0.6019274554999999,medium,60.2,Medium,0000000000000000050b_0,0.3068,0.3792,-0.09811252,0.4698,0.3083,0.3367,0.34225,0.4226,0.38585,0.3192,"{""geodesic"":false,""type"":""Point"",""coordinates"":[36.66141455478703,34.74117580345314]}"
osm_1293,مدرسة و روضة الخنساء,school,34.7424334448509,36.68351311077637,OpenStreetMap,unvalidated_public_osm,0.062421028,-0.16164684,-0.051015824,0.04311549,0.041364297,0.11949687,50.0,built_up,0.6278930976430978,0.45,0.96894743,0.6541171000000001,0.502031648,0.5,0.7,0.6532634423,medium,65.3,Medium,0000000000000000050c_0,0.1188,0.1517,0.051015824,0.2102,0.1612,0.1873,0.1936,0.1855,0.2328,0.20835,"{""geodesic"":false,""type"":""Point"",""coordinates"":[36.68351311077637,34.7424334448509]}"
osm_1294,مدرسة جوبر المشرع الابتدائية,school,34.68494126666726,36.67075703374187,OpenStreetMap,unvalidated_public_osm,0.020757038,-0.07363017,0.10569826,0.025300149,0.02063665,0.04041292,50.0,built_up,0.7746071428571427,0.45,1.0,0.43407542499999996,0.18860348000000002,0.5,0.7,0.585675433,medium,58.6,Medium,0000000000000000050d_0,0.3164,0.4328,-0.10569826,0.5016,0.4019,0.4065,0.4094,0.4812,0.4057,0.3431,"{""geodesic"":false,""type"":""Point"",""coordinates"":[36.67075703374187,34.68494126666726]}"
osm_1295,ثانوية خولة بنت الأزور,school,34.742972434021375,36.68315378466272,OpenStreetMap,unvalidated_public_osm,0.012729849,-0.06336634,0.026952712,0.01808561,0.012014244,0.04402517,50.0,built_up,0.8953240740740739,0.45,1.0,0.40841584999999997,0.34609457600000004,0.5,0.7,0.5962926276,medium,59.6,Medium,0000000000000000050e_0,0.3266,0.3784,-0.026952712,0.4296,0.40715,0.4015,0.39695,0.4188,0.40705,0.3823,"{""geodesic"":false,""type"":""Point"",""coordinates"":[36.68315378466272,34.742972434021375]}"
osm_1296,الثانوية المهنية البيطرية بحمص,school,34.756087837169524,36.719266059084326,OpenStreetMap,unvalidated_public_osm,0.32094237,-0.4028357,0.07579149,0.20542893,0.20850338,0.033330858,10.0,tree_cover,0.48503090428090484,0.2,0.3226440750000001,1.0,0.24841702000000002,0.5,0.7,0.4605027207500001,low,46.1,Low,0000000000000000050f_0,0.0718,0.1074,-0.07579149,0.2523,0.1454,0.2021,0.2266,0.1297,0.21675,0.16625,"{""geodesic"":false,""type"":""Point"",""coordinates"":[36.719266059084326,34.756087837169524]}"
osm_1297,كلية المشاة / الكلية الحربية,school,34.75195558686257,36.68728603496967,OpenStreetMap,unvalidated_public_osm,0.039000742,-0.08664356,0.0056127557,0.052125886,0.035730947,0.05323209,50.0,built_up,0.9782142857142857,0.45,1.0,0.46660889999999994,0.3887744886,0.5,0.7,0.61219922886,medium,61.2,Medium,00000000000000000510_0,0.2936,0.3426,-0.0056127557,0.4076,0.357,0.3554,0.35915,0.377,0.40305,0.3737,"{""geodesic"":false,""type"":""Point"",""coordinates"":[36.68728603496967,34.75195558686257]}"
osm_1298,مدرسة ضياء الدين كلاليب,school,34.74710468432833,36.71118122152725,OpenStreetMap,unvalidated_public_osm,0.03837719,-0.11806378,0.072783925,0.03817626,0.034157448,0.06217698,50.0,built_up,0.9371071428571429,0.45,1.0,0.5451594499999999,0.25443215,0.5,0.7,0.6144751049999999,medium,61.4,Medium,00000000000000000511_0,0.22,0.2988,-0.072783925,0.3788,0.2957,0.2936,0.2997,0.3508,0.3274,0.286,"{""geodesic"":false,""type"":""Point"",""coordinates"":[36.71118122152725,34.74710468432833]}"
osm_1299,ثانوية الحسن بن الهيثم,school,34.74117580345314,36.67363164265105,OpenStreetMap,unvalidated_public_osm,0.020345276,-0.09729818,-0.07780177,0.0208327,0.017235396,0.12192014,50.0,built_up,0.9527896825396825,0.45,1.0,0.49324545,0.55560354,0.5,0.7,0.634209444,medium,63.4,Medium,00000000000000000512_0,0.2205,0.2723,0.07780177,0.331,0.3714,0.36405,0.36345,0.3178,0.38685,0.3664,"{""geodesic"":false,""type"":""Point"",""coordinates"":[36.67363164265105,34.74117580345314]}"
osm_1300,مدرسة محمود عثمان,school,34.745128390703265,36.7101032431863,OpenStreetMap,unvalidated_public_osm,0.04610083,-0.121996306,-0.116126694,0.037303034,0.033291854,0.14483954,50.0,built_up,0.8708924963924962,0.45,1.0,0.554990765,0.6322533880000001,0.5,0.7,0.6542234918,medium,65.4,Medium,00000000000000000513_0,0.1516,0.19,0.116126694,0.2428,0.2519,0.2606,0.26295,0.2214,0.3066,0.29335,"{""geodesic"":false,""type"":""Point"",""coordinates"":[36.7101032431863,34.745128390703265]}"
osm_1301,مدرسة الجولان,school,34.716561964668266,36.69105895916297,OpenStreetMap,unvalidated_public_osm,0.11748635,-0.22298165,-0.06544803,0.09381917,0.089194,0.13066612,50.0,built_up,0.9003026695526694,0.45,0.8312841249999999,0.807454125,0.53089606,0.5,0.7,0.65240146225,medium,65.2,Medium,00000000000000000514_0,0.1385,0.1819,0.06544803,0.2863,0.2455,0.26025,0.27015,0.2261,0.3264,0.2859,"{""geodesic"":false,""type"":""Point"",""coordinates"":[36.69105895916297,34.716561964668266]}"
osm_1302,مدرسة أبي تمام الطائي,school,34.71207038824767,36.68548940440143,OpenStreetMap,unvalidated_public_osm,0.18982385,-0.3286713,-0.06934028,0.14202048,0.14391689,0.14453247,50.0,built_up,0.3855476190476191,0.45,0.6504403750000001,1.0,0.53868056,0.5,0.7,0.6464781497500001,medium,64.6,Medium,00000000000000000515_0,0.1118,0.1536,0.06934028,0.304,0.2419,0.2647,0.2792,0.207,0.3493,0.2899,"{""geodesic"":false,""type"":""Point"",""coordinates"":[36.68548940440143,34.71207038824767]}"
osm_1303,ثانويّة محمّد الماغوط,school,34.720334888861565,36.69231660056074,OpenStreetMap,unvalidated_public_osm,0.014023756,-0.07963247,-0.11299835,0.013591714,0.0110774655,0.13259095,50.0,built_up,0.9005740740740736,0.45,1.0,0.44908117499999994,0.6259967,0.5,0.7,0.632415905,medium,63.2,Medium,00000000000000000516_0,0.199,0.2404,0.11299835,0.282,0.2906,0.3002,0.30645,0.2742,0.35385,0.32675,"{""geodesic"":false,""type"":""Point"",""coordinates"":[36.69231660056074,34.720334888861565]}"
osm_1304,مدرسة أم سلمة المخزومية,school,34.738660520657604,36.7145948196069,OpenStreetMap,unvalidated_public_osm,0.079626806,-0.15105247,-0.114196695,0.06497184,0.057290033,0.13924599,50.0,built_up,0.9350767195767195,0.45,0.925932985,0.6276311749999999,0.62839339,0.5,0.7,0.64984882025,medium,65.0,Medium,00000000000000000517_0,0.1479,0.1835,0.114196695,0.2488,0.25165,0.26305,0.26355,0.2121,0.31295,0.294,"{""geodesic"":false,""type"":""Point"",""coordinates"":[36.7145948196069,34.738660520657604]}"
osm_1306,Alshahid Hisham Abbas,school,34.71584331244097,36.691597948333445,OpenStreetMap,unvalidated_public_osm,0.040164065,-0.11916147,-0.043382566,0.03951305,0.032485478,0.09675111,50.0,built_up,0.9837433862433863,0.45,1.0,0.547903675,0.48676513200000004,0.5,0.7,0.6382572482,medium,63.8,Medium,00000000000000000519_0,0.2003,0.2395,0.043382566,0.3043,0.2957,0.3073,0.31315,0.2808,0.3319,0.30585,"{""geodesic"":false,""type"":""Point"",""coordinates"":[36.691597948333445,34.71584331244097]}"
osm_1307,مدرسة نايف العوض,school,34.716741627725085,36.69069963304932,OpenStreetMap,unvalidated_public_osm,0.045085944,-0.13151889,-0.06330404,0.044612754,0.037345506,0.11281556,50.0,built_up,0.9818928571428572,0.45,1.0,0.578797225,0.52660808,0.5,0.7,0.6484202530000001,medium,64.8,Medium,0000000000000000051a_0,0.2041,0.2473,0.06330404,0.3222,0.33295,0.34025,0.3467,0.2944,0.36575,0.33595,"{""geodesic"":false,""type"":""Point"",""coordinates"":[36.69069963304932,34.716741627725085]}"
osm_1308,مدرسة اليعربية,school,34.71368735575908,36.68998098082203,OpenStreetMap,unvalidated_public_osm,0.006575618,-0.06275032,0.0,0.008303789,0.0060427627,0.06814344,50.0,built_up,0.9651825396825395,0.45,1.0,0.4068758,0.4,0.5,0.7,0.60137516,medium,60.1,Medium,0000000000000000051b_0,0.2919,0.351,0.0,0.398,0.37235,0.37115,0.37045,0.3928,0.398,0.3724,"{""geodesic"":false,""type"":""Point"",""coordinates"":[36.68998098082203,34.71368735575908]}"
osm_1309,الثانوية الفندقية,school,34.712968703531786,36.68998098082203,OpenStreetMap,unvalidated_public_osm,0.076523,-0.19455893,-0.098039255,0.06371197,0.059514612,0.14935501,50.0,built_up,0.6177354497354497,0.45,0.9336924999999999,0.736397325,0.59607851,0.5,0.7,0.6703104409999999,medium,67.0,Medium,0000000000000000051c_0,0.1553,0.1954,0.098039255,0.2898,0.25025,0.2573,0.26645,0.2486,0.3528,0.3178,"{""geodesic"":false,""type"":""Point"",""coordinates"":[36.68998098082203,34.712968703531786]}"
osm_1311,مدرسة ابن خلدون الخاصة,school,34.71853825829333,36.70094042728829,OpenStreetMap,unvalidated_public_osm,0.047102764,-0.14466693,-0.0152061265,0.04160472,0.03652171,0.09117368,50.0,built_up,0.8804576719576718,0.45,1.0,0.611667325,0.430412253,0.5,0.7,0.6453746902999999,medium,64.5,Medium,0000000000000000051e_0,0.1727,0.2093,0.0152061265,0.2801,0.2492,0.25685,0.2654,0.2549,0.28875,0.24655,"{""geodesic"":false,""type"":""Point"",""coordinates"":[36.70094042728829,34.71853825829333]}"
osm_1313,Asma High School,school,34.72141286720251,36.70076076423146,OpenStreetMap,unvalidated_public_osm,0.20852973,-0.27101037,0.06140956,0.1642213,0.14738232,0.029121403,50.0,built_up,0.49763780663780677,0.45,0.603675675,0.9275259250000001,0.27718088,0.5,0.7,0.5941421917499999,medium,59.4,Medium,00000000000000000520_0,0.1217,0.1544,-0.06140956,0.2692,0.16,0.2136,0.23265,0.1763,0.23805,0.22475,"{""geodesic"":false,""type"":""Point"",""coordinates"":[36.70076076423146,34.72141286720251]}"
osm_1314,مدرسة المستقبل,school,34.72051455191839,36.69860480754958,OpenStreetMap,unvalidated_public_osm,0.070385136,-0.16924563,-0.06568778,0.05464669,0.050115574,0.12038745,50.0,built_up,0.8699137806637804,0.45,0.9490371599999999,0.673114075,0.5313755600000001,0.5,0.7,0.6550196610000001,medium,65.5,Medium,00000000000000000521_0,0.1396,0.1718,0.06568778,0.2418,0.22125,0.2349,0.24065,0.21,0.2758,0.2392,"{""geodesic"":false,""type"":""Point"",""coordinates"":[36.69860480754958,34.72051455191839]}"
osm_1315,ثانوية الشهيد عز الدين القسام التجارية,school,34.72195185637298,36.700401438117815,OpenStreetMap,unvalidated_public_osm,0.038946476,-0.12825191,0.059655618,0.03999884,0.03435491,0.05972327,50.0,built_up,0.9260793650793653,0.45,1.0,0.570629775,0.28068876400000004,0.5,0.7,0.6221948314,medium,62.2,Medium,00000000000000000522_0,0.2255,0.2865,-0.059655618,0.3708,0.2706,0.29945,0.31555,0.343,0.32905,0.29775,"{""geodesic"":false,""type"":""Point"",""coordinates"":[36.700401438117815,34.72195185637298]}"
osm_1316,مدرسة السابع عشر من نيسان,school,34.7221315194298,36.70094042728829,OpenStreetMap,unvalidated_public_osm,0.39258862,-0.48002282,0.06085709,0.24689272,0.2513755,0.033712965,10.0,tree_cover,0.7043208556149729,0.2,0.14352845000000003,1.0,0.27828582,0.5,0.7,0.41871069450000004,low,41.9,Low,00000000000000000523_0,0.061,0.0911,-0.06085709,0.2593,0.15865,0.21545,0.24135,0.1131,0.22955,0.18245,"{""geodesic"":false,""type"":""Point"",""coordinates"":[36.70094042728829,34.7221315194298]}"
osm_1317,مدرسة عبد المهيمن عباس,school,34.7228501716571,36.698245481435926,OpenStreetMap,unvalidated_public_osm,0.055408955,-0.1391375,-0.09451049,0.048599843,0.042790595,0.13437006,50.0,built_up,0.8448015873015874,0.45,0.9864776125,0.59784375,0.58902098,0.5,0.7,0.655090251125,medium,65.5,Medium,00000000000000000524_0,0.1695,0.2116,0.09451049,0.28,0.2996,0.30455,0.30995,0.2506,0.33845,0.315,"{""geodesic"":false,""type"":""Point"",""coordinates"":[36.698245481435926,34.7228501716571]}"
osm_1318,مدرسة آفاق الشام الخاصة(إناث),school,34.72231118248663,36.695370872526745,OpenStreetMap,unvalidated_public_osm,0.12815338,-0.18231814,0.013783115,0.11484898,0.095680565,0.053211007,50.0,built_up,0.9254272486772487,0.45,0.8046165499999999,0.7057953499999999,0.37243377,0.5,0.7,0.6095565844999999,medium,61.0,Medium,00000000000000000525_0,0.1591,0.1933,-0.013783115,0.2795,0.23885,0.2648,0.27595,0.216,0.2719,0.23805,"{""geodesic"":false,""type"":""Point"",""coordinates"":[36.695370872526745,34.72231118248663]}"
osm_1319,مدرسة الخنساء,school,34.719616236634266,36.694652220299446,OpenStreetMap,unvalidated_public_osm,0.15644741,-0.18147303,-0.033240143,0.1609081,0.12165286,0.06306992,50.0,built_up,0.8467324434824433,0.45,0.733881475,0.703682575,0.466480286,0.5,0.7,0.60085491235,medium,60.1,Medium,00000000000000000526_0,0.182,0.2156,0.033240143,0.3112,0.3012,0.331,0.3364,0.227,0.3326,0.3326,"{""geodesic"":false,""type"":""Point"",""coordinates"":[36.694652220299446,34.719616236634266]}"
osm_1320,ثانوية محمد حوا تجارية,school,34.71332802964543,36.69752682920864,OpenStreetMap,unvalidated_public_osm,0.039073046,-0.11123919,-0.017454464,0.044561937,0.035018533,0.08403842,50.0,built_up,0.9656944444444445,0.45,1.0,0.528097975,0.43490892800000003,0.5,0.7,0.6291104878,medium,62.9,Medium,00000000000000000527_0,0.2531,0.3084,0.017454464,0.3856,0.36365,0.3729,0.3783,0.3566,0.3993,0.37545,"{""geodesic"":false,""type"":""Point"",""coordinates"":[36.697526829208634,34.71332802964543]}"
osm_1321,مدرسة حسان بن ثابت,school,34.70811780099754,36.69034030693568,OpenStreetMap,unvalidated_public_osm,0.011523692,-0.091160215,-0.006705772,0.01485803,0.011271922,0.08310375,50.0,built_up,0.7741109076109076,0.45,1.0,0.47790053750000006,0.413411544,0.5,0.7,0.6169212619,medium,61.7,Medium,00000000000000000528_0,0.3248,0.3948,0.006705772,0.474,0.4807,0.4762,0.4655,0.4632,0.4804,0.4396,"{""geodesic"":false,""type"":""Point"",""coordinates"":[36.690340306935674,34.70811780099754]}"
osm_1322,Ebdaa Knowledge Academy,school,34.67308350491688,36.65728230448008,OpenStreetMap,unvalidated_public_osm,0.12108685,-0.25087875,-0.16221584,0.09223711,0.091526955,0.19976708,30.0,grassland,0.46893531735198396,0.4,0.822282875,0.877196875,0.72443168,0.5,0.7,0.6684532617499999,medium,66.8,Medium,00000000000000000529_0,0.1276,0.1705,0.16221584,0.2847,0.29165,0.30395,0.31325,0.2232,0.39495,0.34785,"{""geodesic"":false,""type"":""Point"",""coordinates"":[36.65728230448008,34.67308350491688]}"
osm_1323,مدرسة أوغاريت للبنات,school,34.72159253025933,36.731842473062,OpenStreetMap,unvalidated_public_osm,0.02284843,-0.09826904,0.064324364,0.02878525,0.023219803,0.059489693,50.0,built_up,0.6500870980870979,0.45,1.0,0.4956726,0.27135127200000003,0.5,0.7,0.6062696472,medium,60.6,Medium,0000000000000000052a_0,0.3376,0.44106665,-0.064324364,0.5372,0.4651,0.4565,0.4668,0.5132,0.47226667,0.4187,"{""geodesic"":false,""type"":""Point"",""coordinates"":[36.731842473061995,34.72159253025933]}"
osm_1325,مدرسة احمد الحسن,school,34.712968703531786,36.73004584249376,OpenStreetMap,unvalidated_public_osm,0.04573715,-0.10498533,-0.017675579,0.04900565,0.03743642,0.07016878,50.0,built_up,0.9730357142857142,0.45,1.0,0.512463325,0.435351158,0.5,0.7,0.6260277808,medium,62.6,Medium,0000000000000000052c_0,0.2176,0.25433335,0.017675579,0.314,0.284,0.2858,0.28935,0.28653333,0.3253,0.3138,"{""geodesic"":false,""type"":""Point"",""coordinates"":[36.73004584249376,34.712968703531786]}"
osm_1326,مدرسة الشهيد محمود توفيق حسن الابتدائية,school,34.697697343701755,36.73705270170989,OpenStreetMap,unvalidated_public_osm,0.023219358,-0.10870486,0.010693362,0.030054022,0.02337739,0.07940666,50.0,built_up,0.7578029100529097,0.45,1.0,0.5217621499999999,0.378613276,0.5,0.7,0.6222137576,medium,62.2,Medium,0000000000000000052d_0,0.3389,0.4198,-0.010693362,0.5222,0.47905,0.4734,0.4746,0.4985,0.51115,0.47995,"{""geodesic"":false,""type"":""Point"",""coordinates"":[36.73705270170989,34.697697343701755]}"
osm_1327,عبدالباسط عكاري,school,34.719616236634266,36.730225505550585,OpenStreetMap,unvalidated_public_osm,0.0162493,-0.0854518,-0.05335557,0.019172665,0.014196654,0.09261751,50.0,built_up,0.9667698412698411,0.45,1.0,0.46362949999999997,0.5067111400000001,0.5,0.7,0.623397014,medium,62.3,Medium,0000000000000000052e_0,0.258,0.2986,0.05335557,0.3544,0.36625,0.367,0.369675,0.34306666,0.39435,0.36845,"{""geodesic"":false,""type"":""Point"",""coordinates"":[36.730225505550585,34.719616236634266]}"
osm_1328,مدرسة يحيى غيث,school,34.7190772474638,36.734896745028,OpenStreetMap,unvalidated_public_osm,0.025712643,-0.096176654,0.022300942,0.03356856,0.025484448,0.06834465,50.0,built_up,0.7734878917378913,0.45,1.0,0.490441635,0.35539811600000004,0.5,0.7,0.6136281386,medium,61.4,Medium,0000000000000000052f_0,0.3308,0.4118,-0.022300942,0.49944,0.4586,0.4491,0.4525,0.4744,0.47765,0.4427,"{""geodesic"":false,""type"":""Point"",""coordinates"":[36.734896745028,34.7190772474638]}"
osm_1329,فاطمة بديوي,school,34.717999269122856,36.73741202782354,OpenStreetMap,unvalidated_public_osm,0.026405456,-0.08460845,-0.013104022,0.037754234,0.025847696,0.07062529,50.0,built_up,0.813838624338624,0.45,1.0,0.461521125,0.426208044,0.5,0.7,0.6149250294,medium,61.5,Medium,00000000000000000530_0,0.3444,0.4068,0.013104022,0.482,0.4597,0.45033333,0.4507,0.4572,0.4948,0.4576,"{""geodesic"":false,""type"":""Point"",""coordinates"":[36.73741202782354,34.717999269122856]}"
osm_1330,مدرسة شجرة الدر الابتدائية,school,34.72536545445264,36.73238146223247,OpenStreetMap,unvalidated_public_osm,0.03553616,-0.10825685,-0.109622106,0.03716442,0.029957952,0.1336337,50.0,built_up,0.8213399470899471,0.45,1.0,0.520642125,0.619244212,0.5,0.7,0.6460528461999999,medium,64.6,Medium,00000000000000000531_0,0.22065,0.2673,0.109622106,0.3322,0.36925,0.36095,0.36175,0.3094,0.414,0.398825,"{""geodesic"":false,""type"":""Point"",""coordinates"":[36.73238146223247,34.725365454452636]}"
osm_1331,مدرسة هيثم بيطار,school,34.72374848694122,36.73345944057341,OpenStreetMap,unvalidated_public_osm,0.022686038,-0.0932902,-0.010861222,0.02811992,0.021713967,0.08501186,50.0,built_up,0.8770608465608465,0.45,1.0,0.48322550000000003,0.42172244400000003,0.5,0.7,0.6188173444,medium,61.9,Medium,00000000000000000532_0,0.301,0.37386668,0.010861222,0.4508,0.4275,0.42,0.4226,0.4308,0.4607,0.454,"{""geodesic"":false,""type"":""Point"",""coordinates"":[36.73345944057341,34.72374848694122]}"
osm_1332,مدرسة المقدسي,school,34.72159253025933,36.72788988581187,OpenStreetMap,unvalidated_public_osm,0.039586905,-0.08828826,-0.015351172,0.04149875,0.034580678,0.0910911,50.0,built_up,0.9804999999999999,0.45,1.0,0.47072064999999996,0.430702344,0.5,0.7,0.6172143644,medium,61.7,Medium,00000000000000000533_0,0.2278,0.3036,0.015351172,0.3624,0.33405,0.34343332,0.35023335,0.3348,0.3737,0.3415,"{""geodesic"":false,""type"":""Point"",""coordinates"":[36.72788988581187,34.72159253025933]}"
osm_1333,مدرسة التضامن,school,34.72949770475958,36.7476528220625,OpenStreetMap,unvalidated_public_osm,0.02048416,-0.07466031,-0.043510795,0.025712935,0.018453417,0.08532801,50.0,built_up,0.9608703703703704,0.45,1.0,0.43665077499999994,0.48702159,0.5,0.7,0.6160323139999999,medium,61.6,Medium,00000000000000000534_0,0.2794,0.3303,0.043510795,0.3836,0.388125,0.38415,0.388125,0.3682,0.4185,0.40725,"{""geodesic"":false,""type"":""Point"",""coordinates"":[36.7476528220625,34.72949770475958]}"
osm_1343,مدرسة العز بن عبد السلام,school,33.47077832865131,36.31430552900324,OpenStreetMap,unvalidated_public_osm,0.04673441,-0.14658184,-0.031751346,0.04400111,0.040622383,0.11924298,50.0,built_up,0.9038718133718131,0.45,1.0,0.6164546,0.46350269200000005,0.5,0.7,0.6496411891999999,medium,65.0,Medium,0000000000000000053e_0,0.2002,0.2684,0.031751346,0.3606,0.3227,0.3202,0.3367,0.3284,0.38425,0.356,"{""geodesic"":false,""type"":""Point"",""coordinates"":[36.31430552900324,33.47077832865131]}"
osm_1344,مدرسة كوكب,school,33.47113765476496,36.31358687677595,OpenStreetMap,unvalidated_public_osm,0.060875867,-0.16354401,-0.06566364,0.059476666,0.052970823,0.12919788,50.0,built_up,0.8710141895141893,0.45,0.9728103325,0.658860025,0.53132728,0.5,0.7,0.658107316125,medium,65.8,Medium,0000000000000000053f_0,0.206,0.2634,0.06566364,0.3664,0.3476,0.34875,0.358,0.32435,0.4179,0.3856,"{""geodesic"":false,""type"":""Point"",""coordinates"":[36.31358687677595,33.47113765476496]}"
osm_1345,مدرسة النقب,school,33.47706653564015,36.30370540865064,OpenStreetMap,unvalidated_public_osm,0.054092854,-0.13505156,-0.015480918,0.059267793,0.05076369,0.10043074,50.0,built_up,0.9046904761904762,0.45,0.9897678649999999,0.5876288999999999,0.43096183600000004,0.5,0.7,0.6380639298499999,medium,63.8,Medium,00000000000000000540_0,0.254,0.3356,0.015480918,0.4404,0.4039,0.40755,0.411375,0.3952,0.45425,0.39145,"{""geodesic"":false,""type"":""Point"",""coordinates"":[36.303705408650636,33.47706653564015]}"
osm_1346,مدرسة الجليل,school,33.472754622276376,36.30604102838935,OpenStreetMap,unvalidated_public_osm,0.06888071,-0.15271103,-0.02945691,0.06812032,0.05841448,0.09919789,50.0,built_up,0.9654126984126986,0.45,0.952798225,0.631777575,0.45891382000000003,0.5,0.7,0.6404464532499999,medium,64.0,Medium,00000000000000000541_0,0.2027,0.2555,0.02945691,0.3476,0.3039,0.3119,0.31426665,0.3028,0.3687,0.3336,"{""geodesic"":false,""type"":""Point"",""coordinates"":[36.306041028389345,33.472754622276376]}"
osm_1347,OSM site 1347,school,33.54677580168782,36.31789879013972,OpenStreetMap,unvalidated_public_osm,0.027565995,-0.09207126,-0.0040309834,0.030117689,0.022974385,0.06620997,50.0,built_up,0.9786349206349206,0.45,1.0,0.48017815,0.4080619668,0.5,0.7,0.61684182668,medium,61.7,Medium,00000000000000000542_0,0.2286,0.26704,0.0040309834,0.3212,0.2903,0.28663334,0.2903,0.30396667,0.3238,0.2818,"{""geodesic"":false,""type"":""Point"",""coordinates"":[36.31789879013972,33.54677580168782]}"
osm_1348,ثانوية الشهيد دمر جميل الأسعد,school,34.70739914877024,36.37215703330054,OpenStreetMap,unvalidated_public_osm,0.08014321,-0.12830839,0.059463117,0.09708414,0.071195565,0.027855728,50.0,built_up,0.9433672438672437,0.45,0.9246419749999999,0.570770975,0.281073766,0.5,0.7,0.60342206535,medium,60.3,Medium,00000000000000000543_0,0.253,0.303,-0.059463117,0.3922,0.3148,0.3279,0.3346,0.334,0.348175,0.3141,"{""geodesic"":false,""type"":""Point"",""coordinates"":[36.37215703330054,34.70739914877024]}"
osm_1350,المدرسة الهاشمية الابتدائية,school,33.571389640472695,36.41042526440403,OpenStreetMap,unvalidated_public_osm,0.33333334,-0.38593975,0.12636645,0.29377776,0.26843277,-0.013706869,50.0,built_up,0.3192002164502163,0.45,0.2916666500000001,1.0,0.14726710000000004,0.5,0.7,0.5176433725,medium,51.8,Medium,00000000000000000545_0,0.1202,0.1712,-0.12636645,0.3864,0.2192,0.3114,0.3422,0.1932,0.2997,0.2444,"{""geodesic"":false,""type"":""Point"",""coordinates"":[36.41042526440403,33.571389640472695]}"
osm_1353,Agora Educational Centre,school,33.52072465844836,36.30029181057098,OpenStreetMap,unvalidated_public_osm,0.26820105,-0.33234644,0.009345842,0.20579545,0.18502918,0.052263036,50.0,built_up,0.5417092352092354,0.45,0.45449737500000004,1.0,0.38130831600000004,0.5,0.7,0.58175517535,medium,58.2,Medium,00000000000000000548_0,0.109,0.1353,-0.009345842,0.27,0.20245,0.24175,0.2524,0.1558,0.265,0.22095,"{""geodesic"":false,""type"":""Point"",""coordinates"":[36.30029181057098,33.52072465844836]}"
osm_1359,مدرسة ابن الهيثم الثانويه,school,34.741535129566785,36.67309265348058,OpenStreetMap,unvalidated_public_osm,0.10633816,-0.2867989,-0.113248974,0.07124616,0.077700265,0.19574212,40.0,cropland,0.4458507696007696,0.35,0.8591546,0.9669972500000001,0.626497948,0.5,0.7,0.6708378948,medium,67.1,Medium,0000000000000000054e_0,0.10185,0.1456,0.113248974,0.2627,0.26095,0.26465,0.27185,0.2122,0.3298,0.29385,"{""geodesic"":false,""type"":""Point"",""coordinates"":[36.67309265348058,34.741535129566785]}"
osm_1365,مدرسة منين الاولى للبنين,school,33.64235654791814,36.2966985494345,OpenStreetMap,unvalidated_public_osm,0.087842554,-0.18688901,-0.03746309,0.079292044,0.070145875,0.103813976,50.0,built_up,0.9598531746031744,0.45,0.9053936149999999,0.7172225249999999,0.47492618000000003,0.5,0.7,0.6472855267500001,medium,64.7,Medium,00000000000000000554_0,0.1721,0.2121,0.03746309,0.3096,0.2625,0.28303334,0.2927,0.2596,0.3337,0.2976,"{""geodesic"":false,""type"":""Point"",""coordinates"":[36.2966985494345,33.64235654791814]}"
osm_1366,زهرة القلمون,school,33.63373272119059,36.26220324252432,OpenStreetMap,unvalidated_public_osm,0.028946746,-0.14914426,-0.07833095,0.03184886,0.027000472,0.13385327,50.0,built_up,0.7910648148148147,0.45,1.0,0.62286065,0.5566619,0.5,0.7,0.6602383199999999,medium,66.0,Medium,00000000000000000555_0,0.26,0.3132,0.07833095,0.423,0.438,0.4378,0.44425,0.3992,0.4949,0.44375,"{""geodesic"":false,""type"":""Point"",""coordinates"":[36.262203242524315,33.63373272119059]}"
osm_1372,OSM site 1372,school,33.62169529638339,36.25555570942183,OpenStreetMap,unvalidated_public_osm,0.035023052,-0.097215444,0.05112906,0.048608903,0.033333343,0.034707837,50.0,built_up,0.9540198412698413,0.45,1.0,0.49303861000000004,0.29774188,0.5,0.7,0.60838191,medium,60.8,Medium,0000000000000000055b_0,0.3198,0.3696,-0.05112906,0.4492,0.3518,0.367,0.3812,0.4188,0.4055,0.36545,"{""geodesic"":false,""type"":""Point"",""coordinates"":[36.25555570942183,33.62169529638339]}"
osm_1373,Al-Draji high school,school,33.620078328871976,36.26346088392208,OpenStreetMap,unvalidated_public_osm,0.019844135,-0.07963045,-0.018154541,0.028782368,0.019589724,0.073870964,50.0,built_up,0.7619907407407405,0.45,1.0,0.449076125,0.436309082,0.5,0.7,0.6134461332,medium,61.3,Medium,0000000000000000055c_0,0.35493332,0.4184,0.018154541,0.4908,0.48195,0.47436666,0.4743,0.4717,0.50895,0.46985,"{""geodesic"":false,""type"":""Point"",""coordinates"":[36.26346088392208,33.620078328871976]}"
osm_1377,OSM site 1377,school,33.57767784746154,36.39389626317623,OpenStreetMap,unvalidated_public_osm,0.011052951,-0.073336445,-0.03991161,0.013695191,0.009599203,0.07679591,50.0,built_up,0.9465396825396825,0.45,1.0,0.4333411125,0.47982322,0.5,0.7,0.6146505445,medium,61.5,Medium,00000000000000000560_0,0.2667,0.3001,0.03991161,0.3476,0.30275,0.29875,0.296,0.34,0.3765,0.35815,"{""geodesic"":false,""type"":""Point"",""coordinates"":[36.39389626317623,33.57767784746154]}"
osm_1378,مدرسة القطيفة الثانية - للبنات,school,33.735422011352924,36.60140709380784,OpenStreetMap,unvalidated_public_osm,0.022912432,-0.09214462,-0.004829711,0.027155885,0.021001875,0.078330934,50.0,built_up,0.9754682539682538,0.45,1.0,0.48036154999999997,0.40965942200000005,0.5,0.7,0.6170382522,medium,61.7,Medium,00000000000000000561_0,0.273,0.334,0.004829711,0.4018,0.361525,0.3813,0.3883,0.3838,0.4057,0.38345,"{""geodesic"":false,""type"":""Point"",""coordinates"":[36.60140709380784,33.735422011352924]}"
